season,element,name,name_clean,name_key,team,position,appearances,total_minutes,first_gw,last_gw,collides,disambiguated,player_uid
2019-20,1,Shkodran_Mustafi_1,shkodran mustafi,mustafi_shkodran,NA,NA,38,1205,1,47,FALSE,mustafi_shkodran,mustafi_shkodran
2019-20,2,Héctor_Bellerín_2,hector bellerin,bellerin_hector,NA,NA,38,1156,1,47,FALSE,bellerin_hector,bellerin_hector
2019-20,3,Sead_Kolasinac_3,sead kolasinac,kolasinac_sead,NA,NA,38,1694,1,47,FALSE,kolasinac_sead,kolasinac_sead
2019-20,4,Ainsley_Maitland-Niles_4,ainsley maitland niles,ainsley_maitland_niles,NA,NA,38,1382,1,47,FALSE,ainsley_maitland_niles,ainsley_maitland_niles
2019-20,5,Sokratis_Papastathopoulos_5,sokratis papastathopoulos,papastathopoulos_sokratis,NA,NA,38,1696,1,47,FALSE,papastathopoulos_sokratis,papastathopoulos_sokratis
2019-20,6,Nacho_Monreal_6,nacho monreal,monreal_nacho,NA,NA,38,270,1,47,FALSE,monreal_nacho,monreal_nacho
2019-20,7,Laurent_Koscielny_7,laurent koscielny,koscielny_laurent,NA,NA,38,0,1,47,FALSE,koscielny_laurent,koscielny_laurent
2019-20,8,Konstantinos_Mavropanos_8,konstantinos mavropanos,konstantinos_mavropanos,NA,NA,38,0,1,47,FALSE,konstantinos_mavropanos,konstantinos_mavropanos
2019-20,9,Carl_Jenkinson_9,carl jenkinson,carl_jenkinson,NA,NA,38,0,1,47,FALSE,carl_jenkinson,carl_jenkinson
2019-20,10,Rob_Holding_10,rob holding,holding_rob,NA,NA,38,580,1,47,FALSE,holding_rob,holding_rob
2019-20,11,Pierre-Emerick_Aubameyang_11,pierre emerick aubameyang,aubameyang_emerick_pierre,NA,NA,38,3136,1,47,FALSE,aubameyang_emerick_pierre,aubameyang_emerick_pierre
2019-20,12,Alexandre_Lacazette_12,alexandre lacazette,alexandre_lacazette,NA,NA,38,1867,1,47,FALSE,alexandre_lacazette,alexandre_lacazette
2019-20,13,Edward_Nketiah_13,edward nketiah,edward_nketiah,NA,NA,38,628,1,47,FALSE,edward_nketiah,edward_nketiah
2019-20,14,Bernd_Leno_14,bernd leno,bernd_leno,NA,NA,38,2649,1,47,FALSE,bernd_leno,bernd_leno
2019-20,15,Mesut_Özil_15,mesut ozil,mesut_ozil,NA,NA,38,1439,1,47,FALSE,mesut_ozil,mesut_ozil
2019-20,16,Henrikh_Mkhitaryan_16,henrikh mkhitaryan,henrikh_mkhitaryan,NA,NA,38,110,1,47,FALSE,henrikh_mkhitaryan,henrikh_mkhitaryan
2019-20,17,Alex_Iwobi_17,alex iwobi,alex_iwobi,NA,NA,38,1591,1,47,FALSE,alex_iwobi,alex_iwobi
2019-20,18,Granit_Xhaka_18,granit xhaka,granit_xhaka,NA,NA,38,2586,1,47,FALSE,granit_xhaka,granit_xhaka
2019-20,19,Lucas_Torreira_19,lucas torreira,lucas_torreira,NA,NA,38,1501,1,47,FALSE,lucas_torreira,lucas_torreira
2019-20,20,Mohamed_Elneny_20,mohamed elneny,elneny_mohamed,NA,NA,38,0,1,47,FALSE,elneny_mohamed,elneny_mohamed
2019-20,21,Matteo_Guendouzi_21,matteo guendouzi,guendouzi_matteo,NA,NA,38,1744,1,47,FALSE,guendouzi_matteo,guendouzi_matteo
2019-20,22,Ahmed_El Mohamady_22,ahmed el mohamady,ahmed_el_mohamady,NA,NA,38,1024,1,47,FALSE,ahmed_el_mohamady,ahmed_el_mohamady
2019-20,23,James_Chester_23,james chester,chester_james,NA,NA,38,0,1,47,FALSE,chester_james,chester_james
2019-20,24,Neil_Taylor_24,neil taylor,neil_taylor,NA,NA,38,1088,1,47,FALSE,neil_taylor,neil_taylor
2019-20,25,Kortney_Hause_25,kortney hause,hause_kortney,NA,NA,38,1544,1,47,FALSE,hause_kortney,hause_kortney
2019-20,26,Jonathan_Kodjia_26,jonathan kodjia,jonathan_kodjia,NA,NA,38,111,1,47,FALSE,jonathan_kodjia,jonathan_kodjia
2019-20,27,Ørjan_Nyland_27,orjan nyland,nyland_orjan,NA,NA,38,537,1,47,FALSE,nyland_orjan,nyland_orjan
2019-20,28,Conor_Hourihane_28,conor hourihane,conor_hourihane,NA,NA,38,1526,1,47,FALSE,conor_hourihane,conor_hourihane
2019-20,29,Jack_Grealish_29,jack grealish,grealish_jack,NA,NA,38,3233,1,47,FALSE,grealish_jack,grealish_jack
2019-20,30,Anwar_El Ghazi_30,anwar el ghazi,anwar_el_ghazi,NA,NA,38,2046,1,47,FALSE,anwar_el_ghazi,anwar_el_ghazi
2019-20,31,John_McGinn_31,john mcginn,john_mcginn,NA,NA,38,2312,1,47,FALSE,john_mcginn,john_mcginn
2019-20,32,Andre_Green_32,andre green,andre_green,NA,NA,38,0,1,47,FALSE,andre_green,andre_green
2019-20,33,Birkir_Bjarnason_33,birkir bjarnason,birkir_bjarnason,NA,NA,38,0,1,47,FALSE,birkir_bjarnason,birkir_bjarnason
2019-20,34,Keinan_Davis_34,keinan davis,davis_keinan,NA,NA,38,534,1,47,FALSE,davis_keinan,davis_keinan
2019-20,35,Henri_Lansbury_35,henri lansbury,henri_lansbury,NA,NA,38,190,1,47,FALSE,henri_lansbury,henri_lansbury
2019-20,36,José Ignacio_Peleteiro Romallo_36,jose ignacio peleteiro romallo,ignacio_jose_peleteiro_romallo,NA,NA,38,329,1,47,FALSE,ignacio_jose_peleteiro_romallo,ignacio_jose_peleteiro_romallo
2019-20,37,Shane_Duffy_37,shane duffy,duffy_shane,NA,NA,38,1232,1,47,FALSE,duffy_shane,duffy_shane
2019-20,38,Martín_Montoya_38,martin montoya,martin_montoya,NA,NA,38,1892,1,47,FALSE,martin_montoya,martin_montoya
2019-20,39,Bernardo_Fernandes da Silva Junior_39,bernardo fernandes da silva junior,bernardo_da_fernandes_junior_silva,NA,NA,38,675,1,47,FALSE,bernardo_da_fernandes_junior_silva,bernardo_da_fernandes_junior_silva
2019-20,40,Leon_Balogun_40,leon balogun,balogun_leon,NA,NA,38,0,1,47,FALSE,balogun_leon,balogun_leon
2019-20,41,Gaëtan_Bong_41,gaetan bong,bong_gaetan,NA,NA,38,57,1,47,FALSE,bong_gaetan,bong_gaetan
2019-20,42,Lewis_Dunk_42,lewis dunk,dunk_lewis,NA,NA,38,3230,1,47,FALSE,dunk_lewis,dunk_lewis
2019-20,43,Matthew_Clarke_43,matthew clarke,clarke_matthew,NA,NA,38,0,1,47,FALSE,clarke_matthew,clarke_matthew
2019-20,44,Glenn_Murray_44,glenn murray,glenn_murray,NA,NA,38,785,1,47,FALSE,glenn_murray,glenn_murray
2019-20,45,Jürgen_Locadia_45,jurgen locadia,jurgen_locadia,NA,NA,38,85,1,47,FALSE,jurgen_locadia,jurgen_locadia
2019-20,46,Florin_Andone_46,florin andone,andone_florin,NA,NA,38,71,1,47,FALSE,andone_florin,andone_florin
2019-20,47,Mathew_Ryan_47,mathew ryan,mathew_ryan,NA,NA,38,3420,1,47,FALSE,mathew_ryan,mathew_ryan
2019-20,48,David_Button_48,david button,button_david,NA,NA,38,0,1,47,FALSE,button_david,button_david
2019-20,49,Pascal_Groß_49,pascal gross,gross_pascal,NA,NA,38,1791,1,47,FALSE,gross_pascal,gross_pascal
2019-20,50,Alireza_Jahanbakhsh_50,alireza jahanbakhsh,alireza_jahanbakhsh,NA,NA,38,305,1,47,FALSE,alireza_jahanbakhsh,alireza_jahanbakhsh
2019-20,51,José Heriberto_Izquierdo Mena_51,jose heriberto izquierdo mena,heriberto_izquierdo_jose_mena,NA,NA,38,0,1,47,FALSE,heriberto_izquierdo_jose_mena,heriberto_izquierdo_jose_mena
2019-20,52,Anthony_Knockaert_52,anthony knockaert,anthony_knockaert,NA,NA,38,0,1,47,FALSE,anthony_knockaert,anthony_knockaert
2019-20,53,Yves_Bissouma_53,yves bissouma,bissouma_yves,NA,NA,38,1253,1,47,FALSE,bissouma_yves,bissouma_yves
2019-20,54,Davy_Pröpper_54,davy propper,davy_propper,NA,NA,38,2826,1,47,FALSE,davy_propper,davy_propper
2019-20,55,Solomon_March_55,solomon march,march_solomon,NA,NA,38,1139,1,47,FALSE,march_solomon,march_solomon
2019-20,56,Beram_Kayal_56,beram kayal,beram_kayal,NA,NA,38,0,1,47,FALSE,beram_kayal,beram_kayal
2019-20,57,Dale_Stephens_57,dale stephens,dale_stephens,NA,NA,38,2525,1,47,FALSE,dale_stephens,dale_stephens
2019-20,58,Steve_Cook_58,steve cook,cook_steve,NA,NA,38,2427,1,47,FALSE,cook_steve,cook_steve
2019-20,59,Nathan_Aké_59,nathan ake,ake_nathan,NA,NA,38,2503,1,47,FALSE,ake_nathan,ake_nathan
2019-20,60,Charlie_Daniels_60,charlie daniels,charlie_daniels,NA,NA,38,126,1,47,FALSE,charlie_daniels,charlie_daniels
2019-20,61,Chris_Mepham_61,chris mepham,chris_mepham,NA,NA,38,911,1,47,FALSE,chris_mepham,chris_mepham
2019-20,62,Simon_Francis_62,simon francis,francis_simon,NA,NA,38,964,1,47,FALSE,francis_simon,francis_simon
2019-20,63,Adam_Smith_63,adam smith,adam_smith,NA,NA,38,2055,1,47,FALSE,adam_smith,adam_smith
2019-20,64,Lloyd_Kelly_64,lloyd kelly,kelly_lloyd,NA,NA,38,638,1,47,FALSE,kelly_lloyd,kelly_lloyd
2019-20,65,Diego_Rico_65,diego rico,diego_rico,NA,NA,38,2333,1,47,FALSE,diego_rico,diego_rico
2019-20,66,Jack_Simpson_66,jack simpson,jack_simpson,NA,NA,38,238,1,47,FALSE,jack_simpson,jack_simpson
2019-20,67,Callum_Wilson_67,callum wilson,callum_wilson,NA,NA,38,2906,1,47,FALSE,callum_wilson,callum_wilson
2019-20,68,Joshua_King_68,joshua king,joshua_king,NA,NA,38,2010,1,47,FALSE,joshua_king,joshua_king
2019-20,69,Dominic_Solanke_69,dominic solanke,dominic_solanke,NA,NA,38,1637,1,47,FALSE,dominic_solanke,dominic_solanke
2019-20,70,Lys_Mousset_70,lys mousset,lys_mousset,NA,NA,38,1223,1,47,FALSE,lys_mousset,lys_mousset
2019-20,71,Sam_Surridge_71,sam surridge,sam_surridge,NA,NA,38,25,1,47,FALSE,sam_surridge,sam_surridge
2019-20,72,Asmir_Begovic_72,asmir begovic,asmir_begovic,NA,NA,38,0,1,47,FALSE,asmir_begovic,asmir_begovic
2019-20,73,Artur_Boruc_73,artur boruc,artur_boruc,NA,NA,38,0,1,47,FALSE,artur_boruc,artur_boruc
2019-20,74,Mark_Travers_74,mark travers,mark_travers,NA,NA,38,90,1,47,FALSE,mark_travers,mark_travers
2019-20,75,Ryan_Fraser_75,ryan fraser,fraser_ryan,NA,NA,38,2061,1,47,FALSE,fraser_ryan,fraser_ryan
2019-20,76,David_Brooks_76,david brooks,brooks_david,NA,NA,38,505,1,47,FALSE,brooks_david,brooks_david
2019-20,77,Junior_Stanislas_77,junior stanislas,junior_stanislas,NA,NA,38,706,1,47,FALSE,junior_stanislas,junior_stanislas
2019-20,78,Jordon_Ibe_78,jordon ibe,ibe_jordon,NA,NA,38,48,1,47,FALSE,ibe_jordon,ibe_jordon
2019-20,79,Lewis_Cook_79,lewis cook,cook_lewis,NA,NA,38,1340,1,47,FALSE,cook_lewis,cook_lewis
2019-20,80,Andrew_Surman_80,andrew surman,andrew_surman,NA,NA,38,234,1,47,FALSE,andrew_surman,andrew_surman
2019-20,81,Dan_Gosling_81,dan gosling,dan_gosling,NA,NA,38,1254,1,47,FALSE,dan_gosling,dan_gosling
2019-20,82,Jefferson_Lerma_82,jefferson lerma,jefferson_lerma,NA,NA,38,2702,1,47,FALSE,jefferson_lerma,jefferson_lerma
2019-20,83,Ben_Mee_83,ben mee,ben_mee,NA,NA,38,2880,1,47,FALSE,ben_mee,ben_mee
2019-20,84,James_Tarkowski_84,james tarkowski,james_tarkowski,NA,NA,38,3420,1,47,FALSE,james_tarkowski,james_tarkowski
2019-20,85,Matthew_Lowton_85,matthew lowton,lowton_matthew,NA,NA,38,1530,1,47,FALSE,lowton_matthew,lowton_matthew
2019-20,86,Phil_Bardsley_86,phil bardsley,bardsley_phil,NA,NA,38,1890,1,47,FALSE,bardsley_phil,bardsley_phil
2019-20,87,Charlie_Taylor_87,charlie taylor,charlie_taylor,NA,NA,38,1944,1,47,FALSE,charlie_taylor,charlie_taylor
2019-20,88,Kevin_Long_88,kevin long,kevin_long,NA,NA,38,562,1,47,FALSE,kevin_long,kevin_long
2019-20,89,Ben_Gibson_89,ben gibson,ben_gibson,NA,NA,38,0,1,47,FALSE,ben_gibson,ben_gibson
2019-20,90,Ashley_Barnes_90,ashley barnes,ashley_barnes,NA,NA,38,1350,1,47,FALSE,ashley_barnes,ashley_barnes
2019-20,91,Chris_Wood_91,chris wood,chris_wood,NA,NA,38,2436,1,47,FALSE,chris_wood,chris_wood
2019-20,92,Matej_Vydra_92,matej vydra,matej_vydra,NA,NA,38,807,1,47,FALSE,matej_vydra,matej_vydra
2019-20,93,Nick_Pope_93,nick pope,nick_pope,NA,NA,38,3420,1,47,FALSE,nick_pope,nick_pope
2019-20,94,Tom_Heaton_94,tom heaton,heaton_tom,NA,NA,38,1794,1,47,FALSE,heaton_tom,heaton_tom
2019-20,95,Joe_Hart_95,joe hart,hart_joe,NA,NA,38,0,1,47,FALSE,hart_joe,hart_joe
2019-20,96,Johann Berg_Gudmundsson_96,johann berg gudmundsson,berg_gudmundsson_johann,NA,NA,38,617,1,47,FALSE,berg_gudmundsson_johann,berg_gudmundsson_johann
2019-20,97,Dwight_McNeil_97,dwight mcneil,dwight_mcneil,NA,NA,38,3339,1,47,FALSE,dwight_mcneil,dwight_mcneil
2019-20,98,Robbie_Brady_98,robbie brady,brady_robbie,NA,NA,38,445,1,47,FALSE,brady_robbie,brady_robbie
2019-20,99,Steven_Defour_99,steven defour,defour_steven,NA,NA,38,0,1,47,FALSE,defour_steven,defour_steven
2019-20,100,Jeff_Hendrick_100,jeff hendrick,hendrick_jeff,NA,NA,38,1930,1,47,FALSE,hendrick_jeff,hendrick_jeff
2019-20,101,Ashley_Westwood_101,ashley westwood,ashley_westwood,NA,NA,38,3150,1,47,FALSE,ashley_westwood,ashley_westwood
2019-20,102,Jack_Cork_102,jack cork,cork_jack,NA,NA,38,2614,1,47,FALSE,cork_jack,cork_jack
2019-20,103,Marcos_Alonso_103,marcos alonso,alonso_marcos,NA,NA,38,1429,1,47,FALSE,alonso_marcos,alonso_marcos
2019-20,104,Antonio_Rüdiger_104,antonio rudiger,antonio_rudiger,NA,NA,38,1710,1,47,FALSE,antonio_rudiger,antonio_rudiger
2019-20,105,César_Azpilicueta_105,cesar azpilicueta,azpilicueta_cesar,NA,NA,38,3229,1,47,FALSE,azpilicueta_cesar,azpilicueta_cesar
2019-20,106,David_Luiz Moreira Marinho_106,david luiz moreira marinho,david_luiz_marinho_moreira,NA,NA,38,2809,1,47,FALSE,david_luiz_marinho_moreira,david_luiz_marinho_moreira
2019-20,107,Emerson_Palmieri dos Santos_107,emerson palmieri dos santos,dos_emerson_palmieri_santos,NA,NA,38,1022,1,47,FALSE,dos_emerson_palmieri_santos,dos_emerson_palmieri_santos
2019-20,108,Andreas_Christensen_108,andreas christensen,andreas_christensen,NA,NA,38,1751,1,47,FALSE,andreas_christensen,andreas_christensen
2019-20,109,Davide_Zappacosta_109,davide zappacosta,davide_zappacosta,NA,NA,38,0,1,47,FALSE,davide_zappacosta,davide_zappacosta
2019-20,110,Olivier_Giroud_110,olivier giroud,giroud_olivier,NA,NA,38,988,1,47,FALSE,giroud_olivier,giroud_olivier
2019-20,111,Kepa_Arrizabalaga_111,kepa arrizabalaga,arrizabalaga_kepa,NA,NA,38,2970,1,47,FALSE,arrizabalaga_kepa,arrizabalaga_kepa
2019-20,112,Willy_Caballero_112,willy caballero,caballero_willy,NA,NA,38,450,1,47,FALSE,caballero_willy,caballero_willy
2019-20,113,Willian_Borges Da Silva_113,willian borges da silva,borges_da_silva_willian,NA,NA,38,2595,1,47,FALSE,borges_da_silva_willian,borges_da_silva_willian
2019-20,114,Pedro_Rodríguez Ledesma_114,pedro rodriguez ledesma,ledesma_pedro_rodriguez,NA,NA,38,659,1,47,FALSE,ledesma_pedro_rodriguez,ledesma_pedro_rodriguez
2019-20,115,Ruben_Loftus-Cheek_115,ruben loftus cheek,cheek_loftus_ruben,NA,NA,38,203,1,47,FALSE,cheek_loftus_ruben,cheek_loftus_ruben
2019-20,116,Callum_Hudson-Odoi_116,callum hudson odoi,callum_hudson_odoi,NA,NA,38,849,1,47,FALSE,callum_hudson_odoi,callum_hudson_odoi
2019-20,117,Ross_Barkley_117,ross barkley,barkley_ross,NA,NA,38,1095,1,47,FALSE,barkley_ross,barkley_ross
2019-20,118,Jorge Luiz_Frello Filho_118,jorge luiz frello filho,filho_frello_jorge_luiz,NA,NA,38,2376,1,47,FALSE,filho_frello_jorge_luiz,filho_frello_jorge_luiz
2019-20,119,N'Golo_Kanté_119,n golo kante,golo_kante_n,NA,NA,38,1730,1,47,FALSE,golo_kante_n,golo_kante_n
2019-20,120,Daniel_Drinkwater_120,daniel drinkwater,daniel_drinkwater,NA,NA,38,317,1,47,FALSE,daniel_drinkwater,daniel_drinkwater
2019-20,121,Ethan_Ampadu_121,ethan ampadu,ampadu_ethan,NA,NA,38,0,1,47,FALSE,ampadu_ethan,ampadu_ethan
2019-20,122,Aaron_Wan-Bissaka_122,aaron wan bissaka,aaron_bissaka_wan,NA,NA,38,3070,1,47,FALSE,aaron_bissaka_wan,aaron_bissaka_wan
2019-20,123,Patrick_van Aanholt_123,patrick van aanholt,aanholt_patrick_van,NA,NA,38,2507,1,47,FALSE,aanholt_patrick_van,aanholt_patrick_van
2019-20,124,James_Tomkins_124,james tomkins,james_tomkins,NA,NA,38,1582,1,47,FALSE,james_tomkins,james_tomkins
2019-20,125,Mamadou_Sakho_125,mamadou sakho,mamadou_sakho,NA,NA,38,929,1,47,FALSE,mamadou_sakho,mamadou_sakho
2019-20,126,Joel_Ward_126,joel ward,joel_ward,NA,NA,38,2380,1,47,FALSE,joel_ward,joel_ward
2019-20,127,Scott_Dann_127,scott dann,dann_scott,NA,NA,38,1264,1,47,FALSE,dann_scott,dann_scott
2019-20,128,Martin_Kelly_128,martin kelly,kelly_martin,NA,NA,38,1547,1,47,FALSE,kelly_martin,kelly_martin
2019-20,129,Christian_Benteke_129,christian benteke,benteke_christian,NA,NA,38,1252,1,47,FALSE,benteke_christian,benteke_christian
2019-20,130,Connor_Wickham_130,connor wickham,connor_wickham,NA,NA,38,90,1,47,FALSE,connor_wickham,connor_wickham
2019-20,131,Vicente_Guaita_131,vicente guaita,guaita_vicente,NA,NA,38,3150,1,47,FALSE,guaita_vicente,guaita_vicente
2019-20,132,Wayne_Hennessey_132,wayne hennessey,hennessey_wayne,NA,NA,38,270,1,47,FALSE,hennessey_wayne,hennessey_wayne
2019-20,133,Wilfried_Zaha_133,wilfried zaha,wilfried_zaha,NA,NA,38,3279,1,47,FALSE,wilfried_zaha,wilfried_zaha
2019-20,134,Luka_Milivojevic_134,luka milivojevic,luka_milivojevic,NA,NA,38,2510,1,47,FALSE,luka_milivojevic,luka_milivojevic
2019-20,135,Andros_Townsend_135,andros townsend,andros_townsend,NA,NA,38,1284,1,47,FALSE,andros_townsend,andros_townsend
2019-20,136,Max_Meyer_136,max meyer,max_meyer,NA,NA,38,645,1,47,FALSE,max_meyer,max_meyer
2019-20,137,Jeffrey_Schlupp_137,jeffrey schlupp,jeffrey_schlupp,NA,NA,38,1030,1,47,FALSE,jeffrey_schlupp,jeffrey_schlupp
2019-20,138,James_McArthur_138,james mcarthur,james_mcarthur,NA,NA,38,3091,1,47,FALSE,james_mcarthur,james_mcarthur
2019-20,139,Cheikhou_Kouyaté_139,cheikhou kouyate,cheikhou_kouyate,NA,NA,38,2524,1,47,FALSE,cheikhou_kouyate,cheikhou_kouyate
2019-20,140,Luke_Dreher_140,luke dreher,dreher_luke,NA,NA,38,0,1,47,FALSE,dreher_luke,dreher_luke
2019-20,141,Lucas_Digne_141,lucas digne,digne_lucas,NA,NA,38,3031,1,47,FALSE,digne_lucas,digne_lucas
2019-20,142,Yerry_Mina_142,yerry mina,mina_yerry,NA,NA,38,2281,1,47,FALSE,mina_yerry,mina_yerry
2019-20,143,Michael_Keane_143,michael keane,keane_michael,NA,NA,38,2556,1,47,FALSE,keane_michael,keane_michael
2019-20,144,Seamus_Coleman_144,seamus coleman,coleman_seamus,NA,NA,38,1833,1,47,FALSE,coleman_seamus,coleman_seamus
2019-20,145,Leighton_Baines_145,leighton baines,baines_leighton,NA,NA,38,400,1,47,FALSE,baines_leighton,baines_leighton
2019-20,146,Cenk_Tosun_146,cenk tosun,cenk_tosun,NA,NA,38,462,1,47,FALSE,cenk_tosun,cenk_tosun
2019-20,147,Dominic_Calvert-Lewin_147,dominic calvert lewin,calvert_dominic_lewin,NA,NA,38,2621,1,47,FALSE,calvert_dominic_lewin,calvert_dominic_lewin
2019-20,148,Jordan_Pickford_148,jordan pickford,jordan_pickford,NA,NA,38,3420,1,47,FALSE,jordan_pickford,jordan_pickford
2019-20,149,Maarten_Stekelenburg_149,maarten stekelenburg,maarten_stekelenburg,NA,NA,38,0,1,47,FALSE,maarten_stekelenburg,maarten_stekelenburg
2019-20,150,Richarlison_de Andrade_150,richarlison de andrade,andrade_de_richarlison,NA,NA,38,3070,1,47,FALSE,andrade_de_richarlison,andrade_de_richarlison
2019-20,151,Gylfi_Sigurdsson_151,gylfi sigurdsson,gylfi_sigurdsson,NA,NA,38,2555,1,47,FALSE,gylfi_sigurdsson,gylfi_sigurdsson
2019-20,152,Bernard_Anício Caldeira Duarte_152,bernard anicio caldeira duarte,anicio_bernard_caldeira_duarte,NA,NA,38,1269,1,47,FALSE,anicio_bernard_caldeira_duarte,anicio_bernard_caldeira_duarte
2019-20,153,Theo_Walcott_153,theo walcott,theo_walcott,NA,NA,38,1281,1,47,FALSE,theo_walcott,theo_walcott
2019-20,154,Tom_Davies_154,tom davies,davies_tom,NA,NA,38,2020,1,47,FALSE,davies_tom,davies_tom
2019-20,155,Ademola_Lookman_155,ademola lookman,ademola_lookman,NA,NA,38,0,1,47,FALSE,ademola_lookman,ademola_lookman
2019-20,156,Idrissa_Gueye_156,idrissa gueye,gueye_idrissa,NA,NA,38,0,1,47,FALSE,gueye_idrissa,gueye_idrissa
2019-20,157,James_McCarthy_157,james mccarthy,james_mccarthy,NA,NA,38,1668,1,47,FALSE,james_mccarthy,james_mccarthy
2019-20,158,Morgan_Schneiderlin_158,morgan schneiderlin,morgan_schneiderlin,NA,NA,38,998,1,47,FALSE,morgan_schneiderlin,morgan_schneiderlin
2019-20,159,Ricardo Domingos_Barbosa Pereira_159,ricardo domingos barbosa pereira,barbosa_domingos_pereira_ricardo,NA,NA,38,2520,1,47,FALSE,barbosa_domingos_pereira_ricardo,barbosa_domingos_pereira_ricardo
2019-20,160,Harry_Maguire_160,harry maguire,harry_maguire,NA,NA,38,3420,1,47,FALSE,harry_maguire,harry_maguire
2019-20,161,Benjamin_Chilwell_161,benjamin chilwell,benjamin_chilwell,NA,NA,38,2374,1,47,FALSE,benjamin_chilwell,benjamin_chilwell
2019-20,162,Jonny_Evans_162,jonny evans,evans_jonny,NA,NA,38,3384,1,47,FALSE,evans_jonny,evans_jonny
2019-20,163,Christian_Fuchs_163,christian fuchs,christian_fuchs,NA,NA,38,770,1,47,FALSE,christian_fuchs,christian_fuchs
2019-20,164,Çaglar_Söyüncü_164,caglar soyuncu,caglar_soyuncu,NA,NA,38,3036,1,47,FALSE,caglar_soyuncu,caglar_soyuncu
2019-20,165,Wes_Morgan_165,wes morgan,morgan_wes,NA,NA,38,430,1,47,FALSE,morgan_wes,morgan_wes
2019-20,166,Jamie_Vardy_166,jamie vardy,jamie_vardy,NA,NA,38,3032,1,47,FALSE,jamie_vardy,jamie_vardy
2019-20,167,Kelechi_Iheanacho_167,kelechi iheanacho,iheanacho_kelechi,NA,NA,38,953,1,47,FALSE,iheanacho_kelechi,iheanacho_kelechi
2019-20,168,Kasper_Schmeichel_168,kasper schmeichel,kasper_schmeichel,NA,NA,38,3420,1,47,FALSE,kasper_schmeichel,kasper_schmeichel
2019-20,169,Eldin_Jakupovic_169,eldin jakupovic,eldin_jakupovic,NA,NA,38,0,1,47,FALSE,eldin_jakupovic,eldin_jakupovic
2019-20,170,Danny_Ward_170,danny ward,danny_ward,NA,NA,38,0,1,47,FALSE,danny_ward,danny_ward
2019-20,171,James_Maddison_171,james maddison,james_maddison,NA,NA,38,2624,1,47,FALSE,james_maddison,james_maddison
2019-20,172,Harvey_Barnes_172,harvey barnes,barnes_harvey,NA,NA,38,2075,1,47,FALSE,barnes_harvey,barnes_harvey
2019-20,173,Rachid_Ghezzal_173,rachid ghezzal,ghezzal_rachid,NA,NA,38,0,1,47,FALSE,ghezzal_rachid,ghezzal_rachid
2019-20,174,Marc_Albrighton_174,marc albrighton,albrighton_marc,NA,NA,38,857,1,47,FALSE,albrighton_marc,albrighton_marc
2019-20,175,Demarai_Gray_175,demarai gray,demarai_gray,NA,NA,38,605,1,47,FALSE,demarai_gray,demarai_gray
2019-20,176,Wilfred_Ndidi_176,wilfred ndidi,ndidi_wilfred,NA,NA,38,2671,1,47,FALSE,ndidi_wilfred,ndidi_wilfred
2019-20,177,Matty_James_177,matty james,james_matty,NA,NA,38,5,1,47,FALSE,james_matty,james_matty
2019-20,178,Daniel_Amartey_178,daniel amartey,amartey_daniel,NA,NA,38,0,1,47,FALSE,amartey_daniel,amartey_daniel
2019-20,179,Nampalys_Mendy_179,nampalys mendy,mendy_nampalys,NA,NA,38,288,1,47,FALSE,mendy_nampalys,mendy_nampalys
2019-20,180,Hamza_Choudhury_180,hamza choudhury,choudhury_hamza,NA,NA,38,883,1,47,FALSE,choudhury_hamza,choudhury_hamza
2019-20,181,Andrew_Robertson_181,andrew robertson,andrew_robertson,NA,NA,38,3111,1,47,FALSE,andrew_robertson,andrew_robertson
2019-20,182,Trent_Alexander-Arnold_182,trent alexander arnold,alexander_arnold_trent,NA,NA,38,3173,1,47,FALSE,alexander_arnold_trent,alexander_arnold_trent
2019-20,183,Virgil_van Dijk_183,virgil van dijk,dijk_van_virgil,NA,NA,38,3420,1,47,FALSE,dijk_van_virgil,dijk_van_virgil
2019-20,184,Joseph_Gomez_184,joseph gomez,gomez_joseph,NA,NA,38,1999,1,47,FALSE,gomez_joseph,gomez_joseph
2019-20,185,Joel_Matip_185,joel matip,joel_matip,NA,NA,38,703,1,47,FALSE,joel_matip,joel_matip
2019-20,186,Dejan_Lovren_186,dejan lovren,dejan_lovren,NA,NA,38,776,1,47,FALSE,dejan_lovren,dejan_lovren
2019-20,187,Roberto_Firmino_187,roberto firmino,firmino_roberto,NA,NA,38,2985,1,47,FALSE,firmino_roberto,firmino_roberto
2019-20,188,Divock_Origi_188,divock origi,divock_origi,NA,NA,38,699,1,47,FALSE,divock_origi,divock_origi
2019-20,189,Alisson_Ramses Becker_189,alisson ramses becker,alisson_becker_ramses,NA,NA,38,2543,1,47,FALSE,alisson_becker_ramses,alisson_becker_ramses
2019-20,190,Simon_Mignolet_190,simon mignolet,mignolet_simon,NA,NA,38,0,1,47,FALSE,mignolet_simon,mignolet_simon
2019-20,191,Mohamed_Salah_191,mohamed salah,mohamed_salah,NA,NA,38,2879,1,47,FALSE,mohamed_salah,mohamed_salah
2019-20,192,Sadio_Mané_192,sadio mane,mane_sadio,NA,NA,38,2745,1,47,FALSE,mane_sadio,mane_sadio
2019-20,193,Alex_Oxlade-Chamberlain_193,alex oxlade chamberlain,alex_chamberlain_oxlade,NA,NA,38,1475,1,47,FALSE,alex_chamberlain_oxlade,alex_chamberlain_oxlade
2019-20,194,Xherdan_Shaqiri_194,xherdan shaqiri,shaqiri_xherdan,NA,NA,38,181,1,47,FALSE,shaqiri_xherdan,shaqiri_xherdan
2019-20,195,Adam_Lallana_195,adam lallana,adam_lallana,NA,NA,38,371,1,47,FALSE,adam_lallana,adam_lallana
2019-20,196,Naby_Keita_196,naby keita,keita_naby,NA,NA,38,806,1,47,FALSE,keita_naby,keita_naby
2019-20,197,Fabio Henrique_Tavares_197,fabio henrique tavares,fabio_henrique_tavares,NA,NA,38,2073,1,47,FALSE,fabio_henrique_tavares,fabio_henrique_tavares
2019-20,198,Jordan_Henderson_198,jordan henderson,henderson_jordan,NA,NA,38,2234,1,47,FALSE,henderson_jordan,henderson_jordan
2019-20,199,Georginio_Wijnaldum_199,georginio wijnaldum,georginio_wijnaldum,NA,NA,38,2933,1,47,FALSE,georginio_wijnaldum,georginio_wijnaldum
2019-20,200,James_Milner_200,james milner,james_milner,NA,NA,38,924,1,47,FALSE,james_milner,james_milner
2019-20,201,Rafael_Camacho_201,rafael camacho,camacho_rafael,NA,NA,38,0,1,47,FALSE,camacho_rafael,camacho_rafael
2019-20,202,Aymeric_Laporte_202,aymeric laporte,aymeric_laporte,NA,NA,38,1096,1,47,FALSE,aymeric_laporte,aymeric_laporte
2019-20,203,Kyle_Walker_203,kyle walker,kyle_walker,NA,NA,38,2392,1,47,FALSE,kyle_walker,kyle_walker
2019-20,204,Benjamin_Mendy_204,benjamin mendy,benjamin_mendy,NA,NA,38,1491,1,47,FALSE,benjamin_mendy,benjamin_mendy
2019-20,205,Fabian_Delph_205,fabian delph,delph_fabian,NA,NA,38,1187,1,47,FALSE,delph_fabian,delph_fabian
2019-20,206,Oleksandr_Zinchenko_206,oleksandr zinchenko,oleksandr_zinchenko,NA,NA,38,1271,1,47,FALSE,oleksandr_zinchenko,oleksandr_zinchenko
2019-20,207,John_Stones_207,john stones,john_stones,NA,NA,38,1118,1,47,FALSE,john_stones,john_stones
2019-20,208,Nicolás_Otamendi_208,nicolas otamendi,nicolas_otamendi,NA,NA,38,1710,1,47,FALSE,nicolas_otamendi,nicolas_otamendi
2019-20,209,Danilo Luiz_da Silva_209,danilo luiz da silva,da_danilo_luiz_silva,NA,NA,38,0,1,47,FALSE,da_danilo_luiz_silva,da_danilo_luiz_silva
2019-20,210,Sergio_Agüero_210,sergio aguero,aguero_sergio,NA,NA,38,1449,1,47,FALSE,aguero_sergio,aguero_sergio
2019-20,211,Gabriel Fernando_de Jesus_211,gabriel fernando de jesus,de_fernando_gabriel_jesus,NA,NA,38,2018,1,47,FALSE,de_fernando_gabriel_jesus,de_fernando_gabriel_jesus
2019-20,212,Ederson_Santana de Moraes_212,ederson santana de moraes,de_ederson_moraes_santana,NA,NA,38,3071,1,47,FALSE,de_ederson_moraes_santana,de_ederson_moraes_santana
2019-20,213,Claudio_Bravo_213,claudio bravo,bravo_claudio,NA,NA,38,346,1,47,FALSE,bravo_claudio,bravo_claudio
2019-20,214,Raheem_Sterling_214,raheem sterling,raheem_sterling,NA,NA,38,2651,1,47,FALSE,raheem_sterling,raheem_sterling
2019-20,215,Kevin_De Bruyne_215,kevin de bruyne,bruyne_de_kevin,NA,NA,38,2790,1,47,FALSE,bruyne_de_kevin,bruyne_de_kevin
2019-20,216,Leroy_Sané_216,leroy sane,leroy_sane,NA,NA,38,11,1,47,FALSE,leroy_sane,leroy_sane
2019-20,217,Riyad_Mahrez_217,riyad mahrez,mahrez_riyad,NA,NA,38,1934,1,47,FALSE,mahrez_riyad,mahrez_riyad
2019-20,218,Bernardo Mota_Veiga de Carvalho e Silva_218,bernardo mota veiga de carvalho e silva,bernardo_carvalho_de_e_mota_silva_veiga,NA,NA,38,2021,1,47,FALSE,bernardo_carvalho_de_e_mota_silva_veiga,bernardo_carvalho_de_e_mota_silva_veiga
2019-20,219,David_Silva_219,david silva,david_silva,NA,NA,38,1821,1,47,FALSE,david_silva,david_silva
2019-20,220,Phil_Foden_220,phil foden,foden_phil,NA,NA,38,888,1,47,FALSE,foden_phil,foden_phil
2019-20,221,Fernando_Luiz Rosa_221,fernando luiz rosa,fernando_luiz_rosa,NA,NA,38,2394,1,47,FALSE,fernando_luiz_rosa,fernando_luiz_rosa
2019-20,222,Ilkay_Gündogan_222,ilkay gundogan,gundogan_ilkay,NA,NA,38,2012,1,47,FALSE,gundogan_ilkay,gundogan_ilkay
2019-20,223,Chris_Smalling_223,chris smalling,chris_smalling,NA,NA,38,0,1,47,FALSE,chris_smalling,chris_smalling
2019-20,224,Ashley_Young_224,ashley young,ashley_young,NA,NA,38,953,1,47,FALSE,ashley_young,ashley_young
2019-20,225,Victor_Lindelöf_225,victor lindelof,lindelof_victor,NA,NA,38,3092,1,47,FALSE,lindelof_victor,lindelof_victor
2019-20,226,Luke_Shaw_226,luke shaw,luke_shaw,NA,NA,38,1730,1,47,FALSE,luke_shaw,luke_shaw
2019-20,227,Marcos_Rojo_227,marcos rojo,marcos_rojo,NA,NA,38,121,1,47,FALSE,marcos_rojo,marcos_rojo
2019-20,228,Eric_Bailly_228,eric bailly,bailly_eric,NA,NA,38,148,1,47,FALSE,bailly_eric,bailly_eric
2019-20,229,José Diogo_Dalot Teixeira_229,jose diogo dalot teixeira,dalot_diogo_jose_teixeira,NA,NA,38,65,1,47,FALSE,dalot_diogo_jose_teixeira,dalot_diogo_jose_teixeira
2019-20,230,Matteo_Darmian_230,matteo darmian,darmian_matteo,NA,NA,38,0,1,47,FALSE,darmian_matteo,darmian_matteo
2019-20,231,Phil_Jones_231,phil jones,jones_phil,NA,NA,38,135,1,47,FALSE,jones_phil,jones_phil
2019-20,232,Romelu_Lukaku_232,romelu lukaku,lukaku_romelu,NA,NA,38,0,1,47,FALSE,lukaku_romelu,lukaku_romelu
2019-20,233,Marcus_Rashford_233,marcus rashford,marcus_rashford,NA,NA,38,2645,1,47,FALSE,marcus_rashford,marcus_rashford
2019-20,234,Mason_Greenwood_234,mason greenwood,greenwood_mason,NA,NA,38,1303,1,47,FALSE,greenwood_mason,greenwood_mason
2019-20,235,David_de Gea_235,david de gea,david_de_gea,NA,NA,38,3420,1,47,FALSE,david_de_gea,david_de_gea
2019-20,236,Sergio_Romero_236,sergio romero,romero_sergio,NA,NA,38,0,1,47,FALSE,romero_sergio,romero_sergio
2019-20,237,Lee_Grant_237,lee grant,grant_lee,NA,NA,38,0,1,47,FALSE,grant_lee,grant_lee
2019-20,238,Paul_Pogba_238,paul pogba,paul_pogba,NA,NA,38,1202,1,47,FALSE,paul_pogba,paul_pogba
2019-20,239,Anthony_Martial_239,anthony martial,anthony_martial,NA,NA,38,2625,1,47,FALSE,anthony_martial,anthony_martial
2019-20,240,Alexis_Sánchez_240,alexis sanchez,alexis_sanchez,NA,NA,38,0,1,47,FALSE,alexis_sanchez,alexis_sanchez
2019-20,241,Jesse_Lingard_241,jesse lingard,jesse_lingard,NA,NA,38,923,1,47,FALSE,jesse_lingard,jesse_lingard
2019-20,242,Juan_Mata_242,juan mata,juan_mata,NA,NA,38,747,1,47,FALSE,juan_mata,juan_mata
2019-20,243,Daniel_James_243,daniel james,daniel_james,NA,NA,38,2281,1,47,FALSE,daniel_james,daniel_james
2019-20,244,Frederico_Rodrigues de Paula Santos_244,frederico rodrigues de paula santos,de_frederico_paula_rodrigues_santos,NA,NA,38,2157,1,47,FALSE,de_frederico_paula_rodrigues_santos,de_frederico_paula_rodrigues_santos
2019-20,245,Angel_Gomes_245,angel gomes,angel_gomes,NA,NA,38,19,1,47,FALSE,angel_gomes,angel_gomes
2019-20,246,Andreas_Pereira_246,andreas pereira,andreas_pereira,NA,NA,38,1478,1,47,FALSE,andreas_pereira,andreas_pereira
2019-20,247,Nemanja_Matic_247,nemanja matic,matic_nemanja,NA,NA,38,1578,1,47,FALSE,matic_nemanja,matic_nemanja
2019-20,248,Scott_McTominay_248,scott mctominay,mctominay_scott,NA,NA,38,1765,1,47,FALSE,mctominay_scott,mctominay_scott
2019-20,249,Tahith_Chong_249,tahith chong,chong_tahith,NA,NA,38,34,1,47,FALSE,chong_tahith,chong_tahith
2019-20,250,James_Garner_250,james garner,garner_james,NA,NA,38,8,1,47,FALSE,garner_james,garner_james
2019-20,251,Matt_Ritchie_251,matt ritchie,matt_ritchie,NA,NA,38,1312,1,47,FALSE,matt_ritchie,matt_ritchie
2019-20,252,Fabian_Schär_252,fabian schar,fabian_schar,NA,NA,38,1669,1,47,FALSE,fabian_schar,fabian_schar
2019-20,253,DeAndre_Yedlin_253,deandre yedlin,deandre_yedlin,NA,NA,38,934,1,47,FALSE,deandre_yedlin,deandre_yedlin
2019-20,254,Federico_Fernández_254,federico fernandez,federico_fernandez,NA,NA,38,2617,1,47,FALSE,federico_fernandez,federico_fernandez
2019-20,255,Paul_Dummett_255,paul dummett,dummett_paul,NA,NA,38,1227,1,47,FALSE,dummett_paul,dummett_paul
2019-20,256,Javier_Manquillo_256,javier manquillo,javier_manquillo,NA,NA,38,1597,1,47,FALSE,javier_manquillo,javier_manquillo
2019-20,257,Florian_Lejeune_257,florian lejeune,florian_lejeune,NA,NA,38,440,1,47,FALSE,florian_lejeune,florian_lejeune
2019-20,258,Jamaal_Lascelles_258,jamaal lascelles,jamaal_lascelles,NA,NA,38,2076,1,47,FALSE,jamaal_lascelles,jamaal_lascelles
2019-20,259,Ciaran_Clark_259,ciaran clark,ciaran_clark,NA,NA,38,1186,1,47,FALSE,ciaran_clark,ciaran_clark
2019-20,260,Yoshinori_Muto_260,yoshinori muto,muto_yoshinori,NA,NA,38,207,1,47,FALSE,muto_yoshinori,muto_yoshinori
2019-20,261,Jose Luis_Mato Sanmartín_261,jose luis mato sanmartin,jose_luis_mato_sanmartin,NA,NA,38,0,1,47,FALSE,jose_luis_mato_sanmartin,jose_luis_mato_sanmartin
2019-20,262,Martin_Dubravka_262,martin dubravka,dubravka_martin,NA,NA,38,3420,1,47,FALSE,dubravka_martin,dubravka_martin
2019-20,263,Karl_Darlow_263,karl darlow,darlow_karl,NA,NA,38,0,1,47,FALSE,darlow_karl,darlow_karl
2019-20,264,Frederick_Woodman_264,frederick woodman,frederick_woodman,NA,NA,38,0,1,47,FALSE,frederick_woodman,frederick_woodman
2019-20,265,Ayoze_Pérez_265,ayoze perez,ayoze_perez,NA,NA,38,1998,1,47,FALSE,ayoze_perez,ayoze_perez
2019-20,266,Miguel_Almirón_266,miguel almiron,almiron_miguel,NA,NA,38,3020,1,47,FALSE,almiron_miguel,almiron_miguel
2019-20,267,Christian_Atsu_267,christian atsu,atsu_christian,NA,NA,38,738,1,47,FALSE,atsu_christian,atsu_christian
2019-20,268,Sung-yueng_Ki_268,sung yueng ki,ki_sung_yueng,NA,NA,38,135,1,47,FALSE,ki_sung_yueng,ki_sung_yueng
2019-20,269,Jonjo_Shelvey_269,jonjo shelvey,jonjo_shelvey,NA,NA,38,2118,1,47,FALSE,jonjo_shelvey,jonjo_shelvey
2019-20,270,Sean_Longstaff_270,sean longstaff,longstaff_sean,NA,NA,38,1370,1,47,FALSE,longstaff_sean,longstaff_sean
2019-20,271,Isaac_Hayden_271,isaac hayden,hayden_isaac,NA,NA,38,2220,1,47,FALSE,hayden_isaac,hayden_isaac
2019-20,272,Timm_Klose_272,timm klose,klose_timm,NA,NA,38,585,1,47,FALSE,klose_timm,klose_timm
2019-20,273,Ben_Godfrey_273,ben godfrey,ben_godfrey,NA,NA,38,2644,1,47,FALSE,ben_godfrey,ben_godfrey
2019-20,274,Maximillian_Aarons_274,maximillian aarons,aarons_maximillian,NA,NA,38,3240,1,47,FALSE,aarons_maximillian,aarons_maximillian
2019-20,275,Christoph_Zimmermann_275,christoph zimmermann,christoph_zimmermann,NA,NA,38,1430,1,47,FALSE,christoph_zimmermann,christoph_zimmermann
2019-20,276,Jamal_Lewis_276,jamal lewis,jamal_lewis,NA,NA,38,2301,1,47,FALSE,jamal_lewis,jamal_lewis
2019-20,277,Grant_Hanley_277,grant hanley,grant_hanley,NA,NA,38,1261,1,47,FALSE,grant_hanley,grant_hanley
2019-20,278,Teemu_Pukki_278,teemu pukki,pukki_teemu,NA,NA,38,2884,1,47,FALSE,pukki_teemu,pukki_teemu
2019-20,279,Dennis_Srbeny_279,dennis srbeny,dennis_srbeny,NA,NA,38,41,1,47,FALSE,dennis_srbeny,dennis_srbeny
2019-20,280,Tim_Krul_280,tim krul,krul_tim,NA,NA,38,3240,1,47,FALSE,krul_tim,krul_tim
2019-20,281,Michael_McGovern_281,michael mcgovern,mcgovern_michael,NA,NA,38,158,1,47,FALSE,mcgovern_michael,mcgovern_michael
2019-20,282,Mario_Vrancic_282,mario vrancic,mario_vrancic,NA,NA,38,624,1,47,FALSE,mario_vrancic,mario_vrancic
2019-20,283,Emiliano_Buendía_283,emiliano buendia,buendia_emiliano,NA,NA,38,2458,1,47,FALSE,buendia_emiliano,buendia_emiliano
2019-20,284,Onel_Hernández_284,onel hernandez,hernandez_onel,NA,NA,38,1374,1,47,FALSE,hernandez_onel,hernandez_onel
2019-20,285,Marco_Stiepermann_285,marco stiepermann,marco_stiepermann,NA,NA,38,1173,1,47,FALSE,marco_stiepermann,marco_stiepermann
2019-20,286,Kenny_McLean_286,kenny mclean,kenny_mclean,NA,NA,38,2965,1,47,FALSE,kenny_mclean,kenny_mclean
2019-20,287,Todd_Cantwell_287,todd cantwell,cantwell_todd,NA,NA,38,2484,1,47,FALSE,cantwell_todd,cantwell_todd
2019-20,288,Moritz_Leitner_288,moritz leitner,leitner_moritz,NA,NA,38,683,1,47,FALSE,leitner_moritz,leitner_moritz
2019-20,289,Alexander_Tettey_289,alexander tettey,alexander_tettey,NA,NA,38,2339,1,47,FALSE,alexander_tettey,alexander_tettey
2019-20,290,Tom_Trybull_290,tom trybull,tom_trybull,NA,NA,38,1128,1,47,FALSE,tom_trybull,tom_trybull
2019-20,291,Enda_Stevens_291,enda stevens,enda_stevens,NA,NA,38,3345,1,47,FALSE,enda_stevens,enda_stevens
2019-20,292,Kieron_Freeman_292,kieron freeman,freeman_kieron,NA,NA,38,6,1,47,FALSE,freeman_kieron,freeman_kieron
2019-20,293,Jack_O'Connell_293,jack o connell,connell_jack_o,NA,NA,38,2915,1,47,FALSE,connell_jack_o,connell_jack_o
2019-20,294,George_Baldock_294,george baldock,baldock_george,NA,NA,38,3420,1,47,FALSE,baldock_george,baldock_george
2019-20,295,John_Egan_295,john egan,egan_john,NA,NA,38,3187,1,47,FALSE,egan_john,egan_john
2019-20,296,Richard_Stearman_296,richard stearman,richard_stearman,NA,NA,38,0,1,47,FALSE,richard_stearman,richard_stearman
2019-20,297,John_Lundstram_297,john lundstram,john_lundstram,NA,NA,38,2452,1,47,FALSE,john_lundstram,john_lundstram
2019-20,298,Billy_Sharp_298,billy sharp,billy_sharp,NA,NA,38,1037,1,47,FALSE,billy_sharp,billy_sharp
2019-20,299,Jake_Eastwood_299,jake eastwood,eastwood_jake,NA,NA,38,0,1,47,FALSE,eastwood_jake,eastwood_jake
2019-20,300,Mark_Duffy_300,mark duffy,duffy_mark,NA,NA,38,0,1,47,FALSE,duffy_mark,duffy_mark
2019-20,301,John_Fleck_301,john fleck,fleck_john,NA,NA,38,2515,1,47,FALSE,fleck_john,fleck_john
2019-20,302,Oliver_Norwood_302,oliver norwood,norwood_oliver,NA,NA,38,3089,1,47,FALSE,norwood_oliver,norwood_oliver
2019-20,303,David_McGoldrick_303,david mcgoldrick,david_mcgoldrick,NA,NA,38,1810,1,47,FALSE,david_mcgoldrick,david_mcgoldrick
2019-20,304,Jannik_Vestergaard_304,jannik vestergaard,jannik_vestergaard,NA,NA,38,1496,1,47,FALSE,jannik_vestergaard,jannik_vestergaard
2019-20,305,Ryan_Bertrand_305,ryan bertrand,bertrand_ryan,NA,NA,38,2742,1,47,FALSE,bertrand_ryan,bertrand_ryan
2019-20,306,Yan_Valery_306,yan valery,valery_yan,NA,NA,38,778,1,47,FALSE,valery_yan,valery_yan
2019-20,307,Jan_Bednarek_307,jan bednarek,bednarek_jan,NA,NA,38,3057,1,47,FALSE,bednarek_jan,bednarek_jan
2019-20,308,Jack_Stephens_308,jack stephens,jack_stephens,NA,NA,38,2451,1,47,FALSE,jack_stephens,jack_stephens
2019-20,309,Matt_Targett_309,matt targett,matt_targett,NA,NA,38,2291,1,47,FALSE,matt_targett,matt_targett
2019-20,310,Maya_Yoshida_310,maya yoshida,maya_yoshida,NA,NA,38,558,1,47,FALSE,maya_yoshida,maya_yoshida
2019-20,311,Kayne_Ramsay_311,kayne ramsay,kayne_ramsay,NA,NA,38,0,1,47,FALSE,kayne_ramsay,kayne_ramsay
2019-20,312,Charlie_Austin_312,charlie austin,austin_charlie,NA,NA,38,0,1,47,FALSE,austin_charlie,austin_charlie
2019-20,313,Danny_Ings_313,danny ings,danny_ings,NA,NA,38,2800,1,47,FALSE,danny_ings,danny_ings
2019-20,314,Michael_Obafemi_314,michael obafemi,michael_obafemi,NA,NA,38,655,1,47,FALSE,michael_obafemi,michael_obafemi
2019-20,315,Shane_Long_315,shane long,long_shane,NA,NA,38,1386,1,47,FALSE,long_shane,long_shane
2019-20,316,Sam_Gallagher_316,sam gallagher,gallagher_sam,NA,NA,38,0,1,47,FALSE,gallagher_sam,gallagher_sam
2019-20,317,Fraser_Forster_317,fraser forster,forster_fraser,NA,NA,38,0,1,47,FALSE,forster_fraser,forster_fraser
2019-20,318,Alex_McCarthy_318,alex mccarthy,alex_mccarthy,NA,NA,38,2520,1,47,FALSE,alex_mccarthy,alex_mccarthy
2019-20,319,Angus_Gunn_319,angus gunn,angus_gunn,NA,NA,38,900,1,47,FALSE,angus_gunn,angus_gunn
2019-20,320,Nathan_Redmond_320,nathan redmond,nathan_redmond,NA,NA,38,2763,1,47,FALSE,nathan_redmond,nathan_redmond
2019-20,321,James_Ward-Prowse_321,james ward prowse,james_prowse_ward,NA,NA,38,3420,1,47,FALSE,james_prowse_ward,james_prowse_ward
2019-20,322,Mohamed_Elyounoussi_322,mohamed elyounoussi,elyounoussi_mohamed,NA,NA,38,0,1,47,FALSE,elyounoussi_mohamed,elyounoussi_mohamed
2019-20,323,Stuart_Armstrong_323,stuart armstrong,armstrong_stuart,NA,NA,38,1706,1,47,FALSE,armstrong_stuart,armstrong_stuart
2019-20,324,Mario_Lemina_324,mario lemina,lemina_mario,NA,NA,38,0,1,47,FALSE,lemina_mario,lemina_mario
2019-20,325,Pierre-Emile_Højbjerg_325,pierre emile hojbjerg,emile_hojbjerg_pierre,NA,NA,38,2750,1,47,FALSE,emile_hojbjerg_pierre,emile_hojbjerg_pierre
2019-20,326,Tyreke_Johnson_326,tyreke johnson,johnson_tyreke,NA,NA,38,0,1,47,FALSE,johnson_tyreke,johnson_tyreke
2019-20,327,Callum_Slattery_327,callum slattery,callum_slattery,NA,NA,38,0,1,47,FALSE,callum_slattery,callum_slattery
2019-20,328,Oriol_Romeu Vidal_328,oriol romeu vidal,oriol_romeu_vidal,NA,NA,38,1855,1,47,FALSE,oriol_romeu_vidal,oriol_romeu_vidal
2019-20,329,Ben_Davies_329,ben davies,ben_davies,NA,NA,38,1430,1,47,TRUE,ben_davies__unk__unk,ben_davies__def__spurs
2019-20,330,Jan_Vertonghen_330,jan vertonghen,jan_vertonghen,NA,NA,38,1644,1,47,FALSE,jan_vertonghen,jan_vertonghen
2019-20,331,Toby_Alderweireld_331,toby alderweireld,alderweireld_toby,NA,NA,38,2957,1,47,FALSE,alderweireld_toby,alderweireld_toby
2019-20,332,Danny_Rose_332,danny rose,danny_rose,NA,NA,38,1753,1,47,FALSE,danny_rose,danny_rose
2019-20,333,Davinson_Sánchez_333,davinson sanchez,davinson_sanchez,NA,NA,38,2431,1,47,FALSE,davinson_sanchez,davinson_sanchez
2019-20,334,Kieran_Trippier_334,kieran trippier,kieran_trippier,NA,NA,38,0,1,47,FALSE,kieran_trippier,kieran_trippier
2019-20,335,Juan_Foyth_335,juan foyth,foyth_juan,NA,NA,38,66,1,47,FALSE,foyth_juan,foyth_juan
2019-20,336,Serge_Aurier_336,serge aurier,aurier_serge,NA,NA,38,2699,1,47,FALSE,aurier_serge,aurier_serge
2019-20,337,Kyle_Walker-Peters_337,kyle walker peters,kyle_peters_walker,NA,NA,38,944,1,47,FALSE,kyle_peters_walker,kyle_peters_walker
2019-20,338,Harry_Kane_338,harry kane,harry_kane,NA,NA,38,2588,1,47,FALSE,harry_kane,harry_kane
2019-20,339,Vincent_Janssen_339,vincent janssen,janssen_vincent,NA,NA,38,0,1,47,FALSE,janssen_vincent,janssen_vincent
2019-20,340,Hugo_Lloris_340,hugo lloris,hugo_lloris,NA,NA,38,1808,1,47,FALSE,hugo_lloris,hugo_lloris
2019-20,341,Paulo_Gazzaniga_341,paulo gazzaniga,gazzaniga_paulo,NA,NA,38,1612,1,47,FALSE,gazzaniga_paulo,gazzaniga_paulo
2019-20,342,Heung-Min_Son_342,heung min son,heung_min_son,NA,NA,38,2478,1,47,FALSE,heung_min_son,heung_min_son
2019-20,343,Christian_Eriksen_343,christian eriksen,christian_eriksen,NA,NA,38,1090,1,47,FALSE,christian_eriksen,christian_eriksen
2019-20,344,Bamidele_Alli_344,bamidele alli,alli_bamidele,NA,NA,38,1845,1,47,FALSE,alli_bamidele,alli_bamidele
2019-20,345,Lucas_Rodrigues Moura da Silva_345,lucas rodrigues moura da silva,da_lucas_moura_rodrigues_silva,NA,NA,38,2235,1,47,FALSE,da_lucas_moura_rodrigues_silva,da_lucas_moura_rodrigues_silva
2019-20,346,Erik_Lamela_346,erik lamela,erik_lamela,NA,NA,38,1203,1,47,FALSE,erik_lamela,erik_lamela
2019-20,347,Harry_Winks_347,harry winks,harry_winks,NA,NA,38,2223,1,47,FALSE,harry_winks,harry_winks
2019-20,348,Victor_Wanyama_348,victor wanyama,victor_wanyama,NA,NA,38,24,1,47,FALSE,victor_wanyama,victor_wanyama
2019-20,349,Moussa_Sissoko_349,moussa sissoko,moussa_sissoko,NA,NA,38,2451,1,47,FALSE,moussa_sissoko,moussa_sissoko
2019-20,350,Eric_Dier_350,eric dier,dier_eric,NA,NA,38,1340,1,47,FALSE,dier_eric,dier_eric
2019-20,351,Luke_Amos_351,luke amos,amos_luke,NA,NA,38,0,1,47,FALSE,amos_luke,amos_luke
2019-20,352,Oliver_Skipp_352,oliver skipp,oliver_skipp,NA,NA,38,74,1,47,FALSE,oliver_skipp,oliver_skipp
2019-20,353,José_Holebas_353,jose holebas,holebas_jose,NA,NA,38,1022,1,47,FALSE,holebas_jose,holebas_jose
2019-20,354,Christian_Kabasele_354,christian kabasele,christian_kabasele,NA,NA,38,2250,1,47,FALSE,christian_kabasele,christian_kabasele
2019-20,355,Adam_Masina_355,adam masina,adam_masina,NA,NA,38,1815,1,47,FALSE,adam_masina,adam_masina
2019-20,356,Adrian_Mariappa_356,adrian mariappa,adrian_mariappa,NA,NA,38,1509,1,47,FALSE,adrian_mariappa,adrian_mariappa
2019-20,357,Francisco_Femenía Far_357,francisco femenia far,far_femenia_francisco,NA,NA,38,2236,1,47,FALSE,far_femenia_francisco,far_femenia_francisco
2019-20,358,Craig_Cathcart_358,craig cathcart,cathcart_craig,NA,NA,38,2488,1,47,FALSE,cathcart_craig,cathcart_craig
2019-20,359,Daryl_Janmaat_359,daryl janmaat,daryl_janmaat,NA,NA,38,606,1,47,FALSE,daryl_janmaat,daryl_janmaat
2019-20,360,Marc_Navarro_360,marc navarro,marc_navarro,NA,NA,38,0,1,47,FALSE,marc_navarro,marc_navarro
2019-20,361,Sebastian_Prödl_361,sebastian prodl,prodl_sebastian,NA,NA,38,56,1,47,FALSE,prodl_sebastian,prodl_sebastian
2019-20,362,Troy_Deeney_362,troy deeney,deeney_troy,NA,NA,38,2224,1,47,FALSE,deeney_troy,deeney_troy
2019-20,363,Gerard_Deulofeu_363,gerard deulofeu,deulofeu_gerard,NA,NA,38,2097,1,47,FALSE,deulofeu_gerard,deulofeu_gerard
2019-20,364,Andre_Gray_364,andre gray,andre_gray,NA,NA,38,741,1,47,FALSE,andre_gray,andre_gray
2019-20,365,Isaac_Success Ajayi_365,isaac success ajayi,ajayi_isaac_success,NA,NA,38,65,1,47,FALSE,ajayi_isaac_success,ajayi_isaac_success
2019-20,366,Ben_Foster_366,ben foster,ben_foster,NA,NA,38,3420,1,47,FALSE,ben_foster,ben_foster
2019-20,367,Pontus_Dahlberg_367,pontus dahlberg,dahlberg_pontus,NA,NA,38,0,1,47,FALSE,dahlberg_pontus,dahlberg_pontus
2019-20,368,Abdoulaye_Doucouré_368,abdoulaye doucoure,abdoulaye_doucoure,NA,NA,38,3156,1,47,FALSE,abdoulaye_doucoure,abdoulaye_doucoure
2019-20,369,Roberto_Pereyra_369,roberto pereyra,pereyra_roberto,NA,NA,38,1641,1,47,FALSE,pereyra_roberto,pereyra_roberto
2019-20,370,Will_Hughes_370,will hughes,hughes_will,NA,NA,38,2249,1,47,FALSE,hughes_will,hughes_will
2019-20,371,Tom_Cleverley_371,tom cleverley,cleverley_tom,NA,NA,38,964,1,47,FALSE,cleverley_tom,cleverley_tom
2019-20,372,Ken_Sema_372,ken sema,ken_sema,NA,NA,38,0,1,47,FALSE,ken_sema,ken_sema
2019-20,373,Etienne_Capoue_373,etienne capoue,capoue_etienne,NA,NA,38,2627,1,47,FALSE,capoue_etienne,capoue_etienne
2019-20,374,Nathaniel_Chalobah_374,nathaniel chalobah,chalobah_nathaniel,NA,NA,38,919,1,47,FALSE,chalobah_nathaniel,chalobah_nathaniel
2019-20,375,Domingos_Quina_375,domingos quina,domingos_quina,NA,NA,38,18,1,47,FALSE,domingos_quina,domingos_quina
2019-20,376,Aaron_Cresswell_376,aaron cresswell,aaron_cresswell,NA,NA,38,2727,1,47,FALSE,aaron_cresswell,aaron_cresswell
2019-20,377,Angelo_Ogbonna_377,angelo ogbonna,angelo_ogbonna,NA,NA,38,2786,1,47,FALSE,angelo_ogbonna,angelo_ogbonna
2019-20,378,Arthur_Masuaku_378,arthur masuaku,arthur_masuaku,NA,NA,38,930,1,47,FALSE,arthur_masuaku,arthur_masuaku
2019-20,379,Pablo_Zabaleta_379,pablo zabaleta,pablo_zabaleta,NA,NA,38,588,1,47,FALSE,pablo_zabaleta,pablo_zabaleta
2019-20,380,Ryan_Fredericks_380,ryan fredericks,fredericks_ryan,NA,NA,38,2235,1,47,FALSE,fredericks_ryan,fredericks_ryan
2019-20,381,Issa_Diop_381,issa diop,diop_issa,NA,NA,38,2765,1,47,FALSE,diop_issa,diop_issa
2019-20,382,Fabián_Balbuena_382,fabian balbuena,balbuena_fabian,NA,NA,38,1176,1,47,FALSE,balbuena_fabian,balbuena_fabian
2019-20,383,Winston_Reid_383,winston reid,reid_winston,NA,NA,38,0,1,47,FALSE,reid_winston,reid_winston
2019-20,384,Ben_Johnson_384,ben johnson,ben_johnson,NA,NA,38,270,1,47,FALSE,ben_johnson,ben_johnson
2019-20,385,Marko_Arnautovic_385,marko arnautovic,arnautovic_marko,NA,NA,38,0,1,47,FALSE,arnautovic_marko,arnautovic_marko
2019-20,386,Javier_Hernández Balcázar_386,javier hernandez balcazar,balcazar_hernandez_javier,NA,NA,38,106,1,47,FALSE,balcazar_hernandez_javier,balcazar_hernandez_javier
2019-20,387,Alexandre Nascimento_Costa Silva_387,alexandre nascimento costa silva,alexandre_costa_nascimento_silva,NA,NA,38,0,1,47,FALSE,alexandre_costa_nascimento_silva,alexandre_costa_nascimento_silva
2019-20,388,Lukasz_Fabianski_388,lukasz fabianski,fabianski_lukasz,NA,NA,38,2117,1,47,FALSE,fabianski_lukasz,fabianski_lukasz
2019-20,389,Michail_Antonio_389,michail antonio,antonio_michail,NA,NA,38,1767,1,47,FALSE,antonio_michail,antonio_michail
2019-20,390,Felipe Anderson_Pereira Gomes_390,felipe anderson pereira gomes,anderson_felipe_gomes_pereira,NA,NA,38,1493,1,47,FALSE,anderson_felipe_gomes_pereira,anderson_felipe_gomes_pereira
2019-20,391,Manuel_Lanzini_391,manuel lanzini,lanzini_manuel,NA,NA,38,1370,1,47,FALSE,lanzini_manuel,lanzini_manuel
2019-20,392,Andriy_Yarmolenko_392,andriy yarmolenko,andriy_yarmolenko,NA,NA,38,981,1,47,FALSE,andriy_yarmolenko,andriy_yarmolenko
2019-20,393,Robert_Snodgrass_393,robert snodgrass,robert_snodgrass,NA,NA,38,1504,1,47,FALSE,robert_snodgrass,robert_snodgrass
2019-20,394,Jack_Wilshere_394,jack wilshere,jack_wilshere,NA,NA,38,209,1,47,FALSE,jack_wilshere,jack_wilshere
2019-20,395,Declan_Rice_395,declan rice,declan_rice,NA,NA,38,3420,1,47,FALSE,declan_rice,declan_rice
2019-20,396,Mark_Noble_396,mark noble,mark_noble,NA,NA,38,2675,1,47,FALSE,mark_noble,mark_noble
2019-20,397,Carlos_Sánchez_397,carlos sanchez,carlos_sanchez,NA,NA,38,112,1,47,FALSE,carlos_sanchez,carlos_sanchez
2019-20,398,Grady_Diangana_398,grady diangana,diangana_grady,NA,NA,38,0,1,47,FALSE,diangana_grady,diangana_grady
2019-20,399,Pablo_Fornals_399,pablo fornals,fornals_pablo,NA,NA,38,2167,1,47,FALSE,fornals_pablo,fornals_pablo
2019-20,400,Pedro_Obiang_400,pedro obiang,obiang_pedro,NA,NA,38,0,1,47,FALSE,obiang_pedro,obiang_pedro
2019-20,401,Matt_Doherty_401,matt doherty,doherty_matt,NA,NA,38,2836,1,47,FALSE,doherty_matt,doherty_matt
2019-20,402,Jonathan_Castro Otto_402,jonathan castro otto,castro_jonathan_otto,NA,NA,38,2885,1,47,FALSE,castro_jonathan_otto,castro_jonathan_otto
2019-20,403,Conor_Coady_403,conor coady,coady_conor,NA,NA,38,3420,1,47,FALSE,coady_conor,coady_conor
2019-20,404,Ryan_Bennett_404,ryan bennett,bennett_ryan,NA,NA,38,932,1,47,FALSE,bennett_ryan,bennett_ryan
2019-20,405,Willy_Boly_405,willy boly,boly_willy,NA,NA,38,1980,1,47,FALSE,boly_willy,boly_willy
2019-20,406,Rúben Gonçalo_Silva Nascimento Vinagre_406,ruben goncalo silva nascimento vinagre,goncalo_nascimento_ruben_silva_vinagre,NA,NA,38,644,1,47,FALSE,goncalo_nascimento_ruben_silva_vinagre,goncalo_nascimento_ruben_silva_vinagre
2019-20,407,Romain_Saïss_407,romain saiss,romain_saiss,NA,NA,38,2703,1,47,FALSE,romain_saiss,romain_saiss
2019-20,408,Max_Kilman_408,max kilman,kilman_max,NA,NA,38,184,1,47,FALSE,kilman_max,kilman_max
2019-20,409,Raúl_Jiménez_409,raul jimenez,jimenez_raul,NA,NA,38,3241,1,47,FALSE,jimenez_raul,jimenez_raul
2019-20,410,Diogo_Jota_410,diogo jota,diogo_jota,NA,NA,38,2278,1,47,FALSE,diogo_jota,diogo_jota
2019-20,411,Rui Pedro_dos Santos Patrício_411,rui pedro dos santos patricio,dos_patricio_pedro_rui_santos,NA,NA,38,3420,1,47,FALSE,dos_patricio_pedro_rui_santos,dos_patricio_pedro_rui_santos
2019-20,412,John_Ruddy_412,john ruddy,john_ruddy,NA,NA,38,0,1,47,FALSE,john_ruddy,john_ruddy
2019-20,413,Will_Norris_413,will norris,norris_will,NA,NA,38,0,1,47,FALSE,norris_will,norris_will
2019-20,414,Rúben Diogo_da Silva Neves_414,ruben diogo da silva neves,da_diogo_neves_ruben_silva,NA,NA,38,3053,1,47,FALSE,da_diogo_neves_ruben_silva,da_diogo_neves_ruben_silva
2019-20,415,João Filipe Iria_Santos Moutinho_415,joao filipe iria santos moutinho,filipe_iria_joao_moutinho_santos,NA,NA,38,3105,1,47,FALSE,filipe_iria_joao_moutinho_santos,filipe_iria_joao_moutinho_santos
2019-20,416,Morgan_Gibbs-White_416,morgan gibbs white,gibbs_morgan_white,NA,NA,38,125,1,47,FALSE,gibbs_morgan_white,gibbs_morgan_white
2019-20,417,Adama_Traoré_417,adama traore,adama_traore,NA,NA,38,2599,1,47,FALSE,adama_traore,adama_traore
2019-20,418,Hélder_Costa_418,helder costa,costa_helder,NA,NA,38,0,1,47,FALSE,costa_helder,costa_helder
2019-20,419,Ivan_Cavaleiro_419,ivan cavaleiro,cavaleiro_ivan,NA,NA,38,0,1,47,FALSE,cavaleiro_ivan,cavaleiro_ivan
2019-20,420,Leander_Dendoncker_420,leander dendoncker,dendoncker_leander,NA,NA,38,2790,1,47,FALSE,dendoncker_leander,dendoncker_leander
2019-20,421,Leandro_Trossard_421,leandro trossard,leandro_trossard,NA,NA,38,2004,1,47,FALSE,leandro_trossard,leandro_trossard
2019-20,422,André Filipe_Tavares Gomes_422,andre filipe tavares gomes,andre_filipe_gomes_tavares,NA,NA,38,1457,1,47,FALSE,andre_filipe_gomes_tavares,andre_filipe_gomes_tavares
2019-20,423,Chris_Basham_423,chris basham,basham_chris,NA,NA,38,3242,1,47,FALSE,basham_chris,basham_chris
2019-20,427,Emiliano_Martínez_427,emiliano martinez,emiliano_martinez,NA,NA,38,770,1,47,FALSE,emiliano_martinez,emiliano_martinez
2019-20,428,Wesley_Moraes_428,wesley moraes,moraes_wesley,NA,NA,38,1782,1,47,FALSE,moraes_wesley,moraes_wesley
2019-20,429,Jed_Steer_429,jed steer,jed_steer,NA,NA,38,7,1,47,FALSE,jed_steer,jed_steer
2019-20,430,Aaron_Lennon_430,aaron lennon,aaron_lennon,NA,NA,38,485,1,47,FALSE,aaron_lennon,aaron_lennon
2019-20,431,Christian_Pulisic_431,christian pulisic,christian_pulisic,NA,NA,38,1717,1,47,FALSE,christian_pulisic,christian_pulisic
2019-20,432,Mateo_Kovacic_432,mateo kovacic,kovacic_mateo,NA,NA,38,2065,1,47,FALSE,kovacic_mateo,kovacic_mateo
2019-20,433,James_Justin_433,james justin,james_justin,NA,NA,38,1010,1,47,FALSE,james_justin,james_justin
2019-20,434,Josip_Drmic_434,josip drmic,drmic_josip,NA,NA,38,636,1,47,FALSE,drmic_josip,drmic_josip
2019-20,435,Patrick_Roberts_435,patrick roberts,patrick_roberts,NA,NA,38,24,1,47,FALSE,patrick_roberts,patrick_roberts
2019-20,436,Simon_Moore_436,simon moore,moore_simon,NA,NA,38,180,1,47,FALSE,moore_simon,moore_simon
2019-20,437,Che_Adams_437,che adams,adams_che,NA,NA,38,1095,1,47,FALSE,adams_che,adams_che
2019-20,438,Moussa_Djenepo_438,moussa djenepo,djenepo_moussa,NA,NA,38,920,1,47,FALSE,djenepo_moussa,djenepo_moussa
2019-20,439,Craig_Dawson_439,craig dawson,craig_dawson,NA,NA,38,2359,1,47,FALSE,craig_dawson,craig_dawson
2019-20,440,José Ángel_Esmorís Tasende_440,jose angel esmoris tasende,angel_esmoris_jose_tasende,NA,NA,38,422,1,47,FALSE,angel_esmoris_jose_tasende,angel_esmoris_jose_tasende
2019-20,441,Luke_Freeman_441,luke freeman,freeman_luke,NA,NA,38,360,1,47,FALSE,freeman_luke,freeman_luke
2019-20,442,Tanguy_Ndombele_442,tanguy ndombele,ndombele_tanguy,NA,NA,38,1002,1,47,FALSE,ndombele_tanguy,ndombele_tanguy
2019-20,443,Rodrigo_Hernandez_443,rodrigo hernandez,hernandez_rodrigo,NA,NA,38,2480,1,47,FALSE,hernandez_rodrigo,hernandez_rodrigo
2019-20,444,Phil_Jagielka_444,phil jagielka,jagielka_phil,NA,NA,38,240,1,47,FALSE,jagielka_phil,jagielka_phil
2019-20,445,Tyrone_Mings_445,tyrone mings,mings_tyrone,NA,NA,38,2902,1,47,FALSE,mings_tyrone,mings_tyrone
2019-20,446,Jack_Stacey_446,jack stacey,jack_stacey,NA,NA,38,1547,1,47,FALSE,jack_stacey,jack_stacey
2019-20,447,Erik_Pieters_447,erik pieters,erik_pieters,NA,NA,38,1876,1,47,FALSE,erik_pieters,erik_pieters
2019-20,448,Youri_Tielemans_448,youri tielemans,tielemans_youri,NA,NA,38,2823,1,47,FALSE,tielemans_youri,tielemans_youri
2019-20,449,Ralf_Fahrmann_449,ralf fahrmann,fahrmann_ralf,NA,NA,38,21,1,47,FALSE,fahrmann_ralf,fahrmann_ralf
2019-20,450,Roberto_Jimenez Gago_450,roberto jimenez gago,gago_jimenez_roberto,NA,NA,38,686,1,47,FALSE,gago_jimenez_roberto,gago_jimenez_roberto
2019-20,451,Jay_Rodriguez_451,jay rodriguez,jay_rodriguez,NA,NA,38,2002,1,47,FALSE,jay_rodriguez,jay_rodriguez
2019-20,452,Ezri_Konsa Ngoyo_452,ezri konsa ngoyo,ezri_konsa_ngoyo,NA,NA,38,2038,1,47,FALSE,ezri_konsa_ngoyo,ezri_konsa_ngoyo
2019-20,453,Callum_Robinson_453,callum robinson,callum_robinson,NA,NA,38,669,1,47,FALSE,callum_robinson,callum_robinson
2019-20,454,Sam_Byram_454,sam byram,byram_sam,NA,NA,38,1292,1,47,FALSE,byram_sam,byram_sam
2019-20,455,Bjorn_Engels_455,bjorn engels,bjorn_engels,NA,NA,38,1446,1,47,FALSE,bjorn_engels,bjorn_engels
2019-20,456,Ravel_Morrison_456,ravel morrison,morrison_ravel,NA,NA,38,12,1,47,FALSE,morrison_ravel,morrison_ravel
2019-20,457,Sébastien_Haller_457,sebastien haller,haller_sebastien,NA,NA,38,2259,1,47,FALSE,haller_sebastien,haller_sebastien
2019-20,458,Frédéric_Guilbert_458,frederic guilbert,frederic_guilbert,NA,NA,38,2038,1,47,FALSE,frederic_guilbert,frederic_guilbert
2019-20,459,Kurt_Zouma_459,kurt zouma,kurt_zouma,NA,NA,38,2343,1,47,FALSE,kurt_zouma,kurt_zouma
2019-20,460,Tammy_Abraham_460,tammy abraham,abraham_tammy,NA,NA,38,2206,1,47,FALSE,abraham_tammy,abraham_tammy
2019-20,461,Michy_Batshuayi_461,michy batshuayi,batshuayi_michy,NA,NA,38,224,1,47,FALSE,batshuayi_michy,batshuayi_michy
2019-20,462,Robert Kenedy_Nunes do Nascimento_462,robert kenedy nunes do nascimento,do_kenedy_nascimento_nunes_robert,NA,NA,38,0,1,47,FALSE,do_kenedy_nascimento_nunes_robert,do_kenedy_nascimento_nunes_robert
2019-20,463,Mason_Mount_463,mason mount,mason_mount,NA,NA,38,2865,1,47,FALSE,mason_mount,mason_mount
2019-20,464,Rhian_Brewster_464,rhian brewster,brewster_rhian,NA,NA,38,0,1,47,FALSE,brewster_rhian,brewster_rhian
2019-20,465,Mahmoud Ahmed_Ibrahim Hassan_465,mahmoud ahmed ibrahim hassan,ahmed_hassan_ibrahim_mahmoud,NA,NA,38,1936,1,47,FALSE,ahmed_hassan_ibrahim_mahmoud,ahmed_hassan_ibrahim_mahmoud
2019-20,466,Joelinton Cássio_Apolinário de Lira_466,joelinton cassio apolinario de lira,apolinario_cassio_de_joelinton_lira,NA,NA,38,2678,1,47,FALSE,apolinario_cassio_de_joelinton_lira,apolinario_cassio_de_joelinton_lira
2019-20,467,Calum_Chambers_467,calum chambers,calum_chambers,NA,NA,38,1102,1,47,FALSE,calum_chambers,calum_chambers
2019-20,468,Jordan_Ayew_468,jordan ayew,ayew_jordan,NA,NA,38,3148,1,47,FALSE,ayew_jordan,ayew_jordan
2019-20,469,Daniel_Ceballos Fernández_469,daniel ceballos fernandez,ceballos_daniel_fernandez,NA,NA,38,1687,1,47,FALSE,ceballos_daniel_fernandez,ceballos_daniel_fernandez
2019-20,470,Douglas Luiz_Soares de Paulo_470,douglas luiz soares de paulo,de_douglas_luiz_paulo_soares,NA,NA,38,2604,1,47,FALSE,de_douglas_luiz_paulo_soares,de_douglas_luiz_paulo_soares
2019-20,471,Dean_Henderson_471,dean henderson,dean_henderson,NA,NA,38,3240,1,47,FALSE,dean_henderson,dean_henderson
2019-20,472,Ben_Osborn_472,ben osborn,ben_osborn,NA,NA,38,590,1,47,FALSE,ben_osborn,ben_osborn
2019-20,473,Jesús_Vallejo Lázaro_473,jesus vallejo lazaro,jesus_lazaro_vallejo,NA,NA,38,162,1,47,FALSE,jesus_lazaro_vallejo,jesus_lazaro_vallejo
2019-20,474,Lovre_Kalinic_474,lovre kalinic,kalinic_lovre,NA,NA,38,0,1,47,FALSE,kalinic_lovre,kalinic_lovre
2019-20,475,Dan_Burn_475,dan burn,burn_dan,NA,NA,38,2879,1,47,FALSE,burn_dan,burn_dan
2019-20,476,Philip_Billing_476,philip billing,billing_philip,NA,NA,38,2526,1,47,FALSE,billing_philip,billing_philip
2019-20,477,Lewis_Gibson_477,lewis gibson,gibson_lewis,NA,NA,38,0,1,47,FALSE,gibson_lewis,gibson_lewis
2019-20,478,Mason_Holgate_478,mason holgate,holgate_mason,NA,NA,38,2052,1,47,FALSE,holgate_mason,holgate_mason
2019-20,479,Jonas_Lössl_479,jonas lossl,jonas_lossl,NA,NA,38,0,1,47,FALSE,jonas_lossl,jonas_lossl
2019-20,480,Andy_King_480,andy king,andy_king,NA,NA,38,0,1,47,FALSE,andy_king,andy_king
2019-20,481,Axel_Tuanzebe_481,axel tuanzebe,axel_tuanzebe,NA,NA,38,187,1,47,FALSE,axel_tuanzebe,axel_tuanzebe
2019-20,482,Jack_Colback_482,jack colback,colback_jack,NA,NA,38,0,1,47,FALSE,colback_jack,colback_jack
2019-20,483,Jacob_Murphy_483,jacob murphy,jacob_murphy,NA,NA,38,0,1,47,FALSE,jacob_murphy,jacob_murphy
2019-20,484,Philip_Heise_484,philip heise,heise_philip,NA,NA,38,0,1,47,FALSE,heise_philip,heise_philip
2019-20,485,Wesley_Hoedt_485,wesley hoedt,hoedt_wesley,NA,NA,38,0,1,47,FALSE,hoedt_wesley,hoedt_wesley
2019-20,486,Cédric_Soares_486,cedric soares,cedric_soares,NA,NA,38,1553,1,47,FALSE,cedric_soares,cedric_soares
2019-20,487,Patrick_Cutrone_487,patrick cutrone,cutrone_patrick,NA,NA,38,292,1,47,FALSE,cutrone_patrick,cutrone_patrick
2019-20,488,Nicolas_Pépé_488,nicolas pepe,nicolas_pepe,NA,NA,38,2004,1,47,FALSE,nicolas_pepe,nicolas_pepe
2019-20,489,Reiss_Nelson_489,reiss nelson,nelson_reiss,NA,NA,38,622,1,47,FALSE,nelson_reiss,nelson_reiss
2019-20,490,Joseph_Willock_490,joseph willock,joseph_willock,NA,NA,38,838,1,47,FALSE,joseph_willock,joseph_willock
2019-20,491,Marvelous_Nakamba_491,marvelous nakamba,marvelous_nakamba,NA,NA,38,1826,1,47,FALSE,marvelous_nakamba,marvelous_nakamba
2019-20,492,Arnaut_Danjuma Groeneveld_492,arnaut danjuma groeneveld,arnaut_danjuma_groeneveld,NA,NA,38,625,1,47,FALSE,arnaut_danjuma_groeneveld,arnaut_danjuma_groeneveld
2019-20,493,Adam_Webster_493,adam webster,adam_webster,NA,NA,38,2668,1,47,FALSE,adam_webster,adam_webster
2019-20,494,Aaron_Ramsdale_494,aaron ramsdale,aaron_ramsdale,NA,NA,38,3330,1,47,FALSE,aaron_ramsdale,aaron_ramsdale
2019-20,495,Bailey_Peacock-Farrell_495,bailey peacock farrell,bailey_farrell_peacock,NA,NA,38,0,1,47,FALSE,bailey_farrell_peacock,bailey_farrell_peacock
2019-20,496,Moise_Kean_496,moise kean,kean_moise,NA,NA,38,830,1,47,FALSE,kean_moise,kean_moise
2019-20,497,Jean-Philippe_Gbamin_497,jean philippe gbamin,gbamin_jean_philippe,NA,NA,38,135,1,47,FALSE,gbamin_jean_philippe,gbamin_jean_philippe
2019-20,498,Jetro_Willems_498,jetro willems,jetro_willems,NA,NA,38,1492,1,47,FALSE,jetro_willems,jetro_willems
2019-20,499,Rolando_Aarons_499,rolando aarons,aarons_rolando,NA,NA,38,0,1,47,FALSE,aarons_rolando,aarons_rolando
2019-20,500,Allan_Saint-Maximin_500,allan saint maximin,allan_maximin_saint,NA,NA,38,1860,1,47,FALSE,allan_maximin_saint,allan_maximin_saint
2019-20,501,Oliver_McBurnie_501,oliver mcburnie,mcburnie_oliver,NA,NA,38,2105,1,47,FALSE,mcburnie_oliver,mcburnie_oliver
2019-20,502,Neal_Maupay_502,neal maupay,maupay_neal,NA,NA,38,2763,1,47,FALSE,maupay_neal,maupay_neal
2019-20,503,Gary_Cahill_503,gary cahill,cahill_gary,NA,NA,38,2167,1,47,FALSE,cahill_gary,cahill_gary
2019-20,504,Gabriel Teodoro_Martinelli Silva_504,gabriel teodoro martinelli silva,gabriel_martinelli_silva_teodoro,NA,NA,38,656,1,47,FALSE,gabriel_martinelli_silva_teodoro,gabriel_martinelli_silva_teodoro
2019-20,505,Harry_Wilson_505,harry wilson,harry_wilson,NA,NA,38,1637,1,47,FALSE,harry_wilson,harry_wilson
2019-20,506,Reece_James_506,reece james,james_reece,NA,NA,38,1510,1,47,FALSE,james_reece,james_reece
2019-20,507,Ibrahim_Amadou_507,ibrahim amadou,amadou_ibrahim,NA,NA,38,756,1,47,FALSE,amadou_ibrahim,amadou_ibrahim
2019-20,508,Sofiane_Boufal_508,sofiane boufal,boufal_sofiane,NA,NA,38,753,1,47,FALSE,boufal_sofiane,boufal_sofiane
2019-20,509,Troy_Parrott_509,troy parrott,parrott_troy,NA,NA,38,6,1,47,FALSE,parrott_troy,parrott_troy
2019-20,510,Víctor_Camarasa_510,victor camarasa,camarasa_victor,NA,NA,38,5,1,47,FALSE,camarasa_victor,camarasa_victor
2019-20,511,Djibril_Sidibé_511,djibril sidibe,djibril_sidibe,NA,NA,38,1818,1,47,FALSE,djibril_sidibe,djibril_sidibe
2019-20,512,Danny_Welbeck_512,danny welbeck,danny_welbeck,NA,NA,38,813,1,47,FALSE,danny_welbeck,danny_welbeck
2019-20,513,Heurelho da Silva_Gomes_513,heurelho da silva gomes,da_gomes_heurelho_silva,NA,NA,38,0,1,47,FALSE,da_gomes_heurelho_silva,da_gomes_heurelho_silva
2019-20,514,Albian_Ajeti_514,albian ajeti,ajeti_albian,NA,NA,38,132,1,47,FALSE,ajeti_albian,ajeti_albian
2019-20,515,Kieran_Tierney_515,kieran tierney,kieran_tierney,NA,NA,38,986,1,47,FALSE,kieran_tierney,kieran_tierney
2019-20,516,Aaron_Mooy_516,aaron mooy,aaron_mooy,NA,NA,38,2079,1,47,FALSE,aaron_mooy,aaron_mooy
2019-20,517,Dennis_Praet_517,dennis praet,dennis_praet,NA,NA,38,1122,1,47,FALSE,dennis_praet,dennis_praet
2019-20,518,João Pedro Cavaco_Cancelo_518,joao pedro cavaco cancelo,cancelo_cavaco_joao_pedro,NA,NA,38,1205,1,47,FALSE,cancelo_cavaco_joao_pedro,cancelo_cavaco_joao_pedro
2019-20,519,Emil_Krafth_519,emil krafth,emil_krafth,NA,NA,38,1015,1,47,FALSE,emil_krafth,emil_krafth
2019-20,520,Andy_Carroll_520,andy carroll,andy_carroll,NA,NA,38,617,1,47,FALSE,andy_carroll,andy_carroll
2019-20,521,Michael_Verrips_521,michael verrips,michael_verrips,NA,NA,38,0,1,47,FALSE,michael_verrips,michael_verrips
2019-20,522,Muhamed_Bešić_522,muhamed besic,besic_muhamed,NA,NA,38,243,1,47,FALSE,besic_muhamed,besic_muhamed
2019-20,523,Giovani_Lo Celso_523,giovani lo celso,celso_giovani_lo,NA,NA,38,1482,1,47,FALSE,celso_giovani_lo,celso_giovani_lo
2019-20,524,Ryan_Sessegnon_524,ryan sessegnon,ryan_sessegnon,NA,NA,38,341,1,47,FALSE,ryan_sessegnon,ryan_sessegnon
2019-20,525,Ismaïla_Sarr_525,ismaila sarr,ismaila_sarr,NA,NA,38,2023,1,47,FALSE,ismaila_sarr,ismaila_sarr
2019-20,526,Adrián_San Miguel del Castillo_526,adrian san miguel del castillo,adrian_castillo_del_miguel_san,NA,NA,38,873,1,47,FALSE,adrian_castillo_del_miguel_san,adrian_castillo_del_miguel_san
2019-20,527,Georges-Kévin_Nkoudou_527,georges kevin nkoudou,georges_kevin_nkoudou,NA,NA,38,2,1,47,FALSE,georges_kevin_nkoudou,georges_kevin_nkoudou
2019-20,528,Pedro_Lomba Neto_528,pedro lomba neto,lomba_neto_pedro,NA,NA,38,920,1,47,FALSE,lomba_neto_pedro,lomba_neto_pedro
2019-20,529,Fikayo_Tomori_529,fikayo tomori,fikayo_tomori,NA,NA,38,1291,1,47,FALSE,fikayo_tomori,fikayo_tomori
2019-20,530,Andy_Lonergan_530,andy lonergan,andy_lonergan,NA,NA,37,0,2,47,FALSE,andy_lonergan,andy_lonergan
2019-20,531,Caoimhin_Kelleher_531,caoimhin kelleher,caoimhin_kelleher,NA,NA,37,0,2,47,FALSE,caoimhin_kelleher,caoimhin_kelleher
2019-20,532,Kevin_Danso_532,kevin danso,danso_kevin,NA,NA,37,275,2,47,FALSE,danso_kevin,danso_kevin
2019-20,533,Billy_Gilmour_533,billy gilmour,billy_gilmour,NA,NA,35,191,4,47,FALSE,billy_gilmour,billy_gilmour
2019-20,534,Aaron_Connolly_534,aaron connolly,aaron_connolly,NA,NA,35,1250,4,47,FALSE,aaron_connolly,aaron_connolly
2019-20,535,Daniel_N'Lundulu_535,daniel n lundulu,daniel_lundulu_n,NA,NA,35,0,4,47,FALSE,daniel_lundulu_n,daniel_lundulu_n
2019-20,536,Tudor_Baluta_536,tudor baluta,baluta_tudor,NA,NA,34,0,5,47,FALSE,baluta_tudor,baluta_tudor
2019-20,537,Steven_Alzate_537,steven alzate,alzate_steven,NA,NA,34,1181,5,47,FALSE,alzate_steven,alzate_steven
2019-20,538,Adam_Idah_538,adam idah,adam_idah,NA,NA,34,219,5,47,FALSE,adam_idah,adam_idah
2019-20,539,Jairo_Riedewald_539,jairo riedewald,jairo_riedewald,NA,NA,34,761,5,47,FALSE,jairo_riedewald,jairo_riedewald
2019-20,540,Matthew_Longstaff_540,matthew longstaff,longstaff_matthew,NA,NA,34,572,5,47,FALSE,longstaff_matthew,longstaff_matthew
2019-20,541,Bukayo_Saka_541,bukayo saka,bukayo_saka,NA,NA,34,1746,5,47,FALSE,bukayo_saka,bukayo_saka
2019-20,542,Dimitri_Foulquier_542,dimitri foulquier,dimitri_foulquier,NA,NA,34,57,5,47,FALSE,dimitri_foulquier,dimitri_foulquier
2019-20,543,Alfie_Whiteman_543,alfie whiteman,alfie_whiteman,NA,NA,33,0,6,47,FALSE,alfie_whiteman,alfie_whiteman
2019-20,544,Eric_Garcia_544,eric garcia,eric_garcia,NA,NA,33,790,6,47,FALSE,eric_garcia,eric_garcia
2019-20,545,Addji Keaninkin Marc-Israel_Guehi_545,addji keaninkin marc israel guehi,addji_guehi_israel_keaninkin_marc,NA,NA,32,0,7,47,FALSE,addji_guehi_israel_keaninkin_marc,addji_guehi_israel_keaninkin_marc
2019-20,546,Ezequiel_Schelotto_546,ezequiel schelotto,ezequiel_schelotto,NA,NA,32,357,7,47,FALSE,ezequiel_schelotto,ezequiel_schelotto
2019-20,547,Leon_Clarke_547,leon clarke,clarke_leon,NA,NA,32,33,7,47,FALSE,clarke_leon,clarke_leon
2019-20,548,Harry_Lewis_548,harry lewis,harry_lewis,NA,NA,32,0,7,47,FALSE,harry_lewis,harry_lewis
2019-20,549,Brandon_Williams_549,brandon williams,brandon_williams,NA,NA,32,1003,7,47,FALSE,brandon_williams,brandon_williams
2019-20,550,Harvey_Elliott_550,harvey elliott,elliott_harvey,NA,NA,31,7,8,47,FALSE,elliott_harvey,elliott_harvey
2019-20,551,Archie_Mair_551,archie mair,archie_mair,NA,NA,31,0,8,47,FALSE,archie_mair,archie_mair
2019-20,552,Akin_Famewo_552,akin famewo,akin_famewo,NA,NA,31,1,8,47,FALSE,akin_famewo,akin_famewo
2019-20,553,David_Martin_553,david martin,david_martin,NA,NA,31,435,8,47,FALSE,david_martin,david_martin
2019-20,554,Dwight_Gayle_554,dwight gayle,dwight_gayle,NA,NA,31,842,8,47,FALSE,dwight_gayle,dwight_gayle
2019-20,555,Michel_Vorm_555,michel vorm,michel_vorm,NA,NA,30,0,9,47,FALSE,michel_vorm,michel_vorm
2019-20,556,Stephen_Henderson_556,stephen henderson,henderson_stephen,NA,NA,30,0,9,47,FALSE,henderson_stephen,henderson_stephen
2019-20,557,Beni_Baningime_557,beni baningime,baningime_beni,NA,NA,30,0,9,47,FALSE,baningime_beni,baningime_beni
2019-20,558,Brandon_Austin_558,brandon austin,austin_brandon,NA,NA,30,0,9,47,FALSE,austin_brandon,austin_brandon
2019-20,559,Bernard_Ashley-Seal_559,bernard ashley seal,ashley_bernard_seal,NA,NA,29,0,10,47,FALSE,ashley_bernard_seal,ashley_bernard_seal
2019-20,560,Taylor_Perry_560,taylor perry,perry_taylor,NA,NA,28,0,11,47,FALSE,perry_taylor,perry_taylor
2019-20,561,Anthony_Gordon_561,anthony gordon,anthony_gordon,NA,NA,27,436,12,47,FALSE,anthony_gordon,anthony_gordon
2019-20,562,Scott_Carson_562,scott carson,carson_scott,NA,NA,27,0,12,47,FALSE,carson_scott,carson_scott
2019-20,563,Ayotomiwa_Dele-Bashiru_563,ayotomiwa dele bashiru,ayotomiwa_bashiru_dele,NA,NA,26,0,13,47,FALSE,ayotomiwa_bashiru_dele,ayotomiwa_bashiru_dele
2019-20,564,Christian_Saydee_564,christian saydee,christian_saydee,NA,NA,25,0,14,47,FALSE,christian_saydee,christian_saydee
2019-20,565,Gavin_Kilkenny_565,gavin kilkenny,gavin_kilkenny,NA,NA,25,0,14,47,FALSE,gavin_kilkenny,gavin_kilkenny
2019-20,566,Owen_Otasowie_566,owen otasowie,otasowie_owen,NA,NA,25,0,14,47,FALSE,otasowie_owen,otasowie_owen
2019-20,567,Luke_Cundle_567,luke cundle,cundle_luke,NA,NA,25,0,14,47,FALSE,cundle_luke,cundle_luke
2019-20,568,Nathan_Holland_568,nathan holland,holland_nathan,NA,NA,24,31,15,47,FALSE,holland_nathan,holland_nathan
2019-20,569,Curtis_Jones_569,curtis jones,curtis_jones,NA,NA,23,121,16,47,FALSE,curtis_jones,curtis_jones
2019-20,570,Oumar_Niasse_570,oumar niasse,niasse_oumar,NA,NA,23,19,16,47,FALSE,niasse_oumar,niasse_oumar
2019-20,571,Mace_Goodridge_571,mace goodridge,goodridge_mace,NA,NA,23,0,16,47,FALSE,goodridge_mace,goodridge_mace
2019-20,572,Anthony_Driscoll-Glennon_572,anthony driscoll glennon,anthony_driscoll_glennon,NA,NA,23,0,16,47,FALSE,anthony_driscoll_glennon,anthony_driscoll_glennon
2019-20,573,Robert_Elliot_573,robert elliot,elliot_robert,NA,NA,22,0,17,47,FALSE,elliot_robert,elliot_robert
2019-20,574,Mihai-Alexandru_Dobre_574,mihai alexandru dobre,alexandru_dobre_mihai,NA,NA,22,0,17,47,FALSE,alexandru_dobre_mihai,alexandru_dobre_mihai
2019-20,575,Neco_Williams_575,neco williams,neco_williams,NA,NA,22,228,17,47,FALSE,neco_williams,neco_williams
2019-20,576,Emile_Smith Rowe_576,emile smith rowe,emile_rowe_smith,NA,NA,22,96,17,47,FALSE,emile_rowe_smith,emile_rowe_smith
2019-20,577,Rhu-endly_Martina_577,rhu endly martina,endly_martina_rhu,NA,NA,22,0,17,47,FALSE,endly_martina_rhu,endly_martina_rhu
2019-20,578,Sam_Woods_578,sam woods,sam_woods,NA,NA,22,0,17,47,FALSE,sam_woods,sam_woods
2019-20,579,Tyrick_Mitchell_579,tyrick mitchell,mitchell_tyrick,NA,NA,22,193,17,47,FALSE,mitchell_tyrick,mitchell_tyrick
2019-20,580,Brandon_Pierrick_580,brandon pierrick,brandon_pierrick,NA,NA,21,13,18,47,FALSE,brandon_pierrick,brandon_pierrick
2019-20,581,James_Daly_581,james daly,daly_james,NA,NA,21,0,18,47,FALSE,daly_james,daly_james
2019-20,582,Joseph_Anang_582,joseph anang,anang_joseph,NA,NA,21,0,19,47,FALSE,anang_joseph,anang_joseph
2019-20,583,Japhet_Tanganga_583,japhet tanganga,japhet_tanganga,NA,NA,20,525,19,47,FALSE,japhet_tanganga,japhet_tanganga
2019-20,584,William_Smallbone_584,william smallbone,smallbone_william,NA,NA,19,389,20,47,FALSE,smallbone_william,smallbone_william
2019-20,585,Tyreece_John-Jules_585,tyreece john jules,john_jules_tyreece,NA,NA,19,0,20,47,FALSE,john_jules_tyreece,john_jules_tyreece
2019-20,586,Tariq_Lamptey_586,tariq lamptey,lamptey_tariq,NA,NA,19,619,20,47,FALSE,lamptey_tariq,lamptey_tariq
2019-20,587,Oskar_Buur_587,oskar buur,buur_oskar,NA,NA,19,0,20,47,FALSE,buur_oskar,buur_oskar
2019-20,588,Nya_Kirby_588,nya kirby,kirby_nya,NA,NA,18,0,21,47,FALSE,kirby_nya,kirby_nya
2019-20,589,Nathaniel_Phillips_589,nathaniel phillips,nathaniel_phillips,NA,NA,19,0,21,47,FALSE,nathaniel_phillips,nathaniel_phillips
2019-20,590,Takumi_Minamino_590,takumi minamino,minamino_takumi,NA,NA,18,241,22,47,FALSE,minamino_takumi,minamino_takumi
2019-20,591,Jack_Rodwell_591,jack rodwell,jack_rodwell,NA,NA,17,15,22,47,FALSE,jack_rodwell,jack_rodwell
2019-20,592,João Pedro_Junqueira de Jesus_592,joao pedro junqueira de jesus,de_jesus_joao_junqueira_pedro,NA,NA,17,22,22,47,FALSE,de_jesus_joao_junqueira_pedro,de_jesus_joao_junqueira_pedro
2019-20,593,Jeremy_Ngakia_593,jeremy ngakia,jeremy_ngakia,NA,NA,18,440,22,47,FALSE,jeremy_ngakia,jeremy_ngakia
2019-20,594,Gonçalo Bento_Soares Cardoso_594,goncalo bento soares cardoso,bento_cardoso_goncalo_soares,NA,NA,18,0,22,47,FALSE,bento_cardoso_goncalo_soares,bento_cardoso_goncalo_soares
2019-20,595,Bernardo_Costa Da Rosa_595,bernardo costa da rosa,bernardo_costa_da_rosa,NA,NA,18,0,22,47,FALSE,bernardo_costa_da_rosa,bernardo_costa_da_rosa
2019-20,596,Abd-Al-Ali Morakinyo Olaposi_Koiki_596,abd al ali morakinyo olaposi koiki,abd_al_ali_koiki_morakinyo_olaposi,NA,NA,17,0,22,47,FALSE,abd_al_ali_koiki_morakinyo_olaposi,abd_al_ali_koiki_morakinyo_olaposi
2019-20,597,Filip_Benkovic_597,filip benkovic,benkovic_filip,NA,NA,17,0,22,47,FALSE,benkovic_filip,benkovic_filip
2019-20,598,Thomas_Allan_598,thomas allan,allan_thomas,NA,NA,17,0,22,47,FALSE,allan_thomas,allan_thomas
2019-20,599,Kelland_Watts_599,kelland watts,kelland_watts,NA,NA,17,16,22,47,FALSE,kelland_watts,kelland_watts
2019-20,600,Indiana_Vassilev_600,indiana vassilev,indiana_vassilev,NA,NA,17,47,22,47,FALSE,indiana_vassilev,indiana_vassilev
2019-20,601,Ondrej_Duda_601,ondrej duda,duda_ondrej,NA,NA,16,723,23,47,FALSE,duda_ondrej,duda_ondrej
2019-20,602,Lukas_Rupp_602,lukas rupp,lukas_rupp,NA,NA,16,692,23,47,FALSE,lukas_rupp,lukas_rupp
2019-20,603,José_Reina_603,jose reina,jose_reina,NA,NA,16,1080,23,47,FALSE,jose_reina,jose_reina
2019-20,604,Ignacio_Pussetto_604,ignacio pussetto,ignacio_pussetto,NA,NA,16,67,23,47,FALSE,ignacio_pussetto,ignacio_pussetto
2019-20,605,Gedson_Carvalho Fernandes_605,gedson carvalho fernandes,carvalho_fernandes_gedson,NA,NA,16,62,23,47,FALSE,carvalho_fernandes_gedson,carvalho_fernandes_gedson
2019-20,606,Darren_Randolph_606,darren randolph,darren_randolph,NA,NA,17,180,23,47,FALSE,darren_randolph,darren_randolph
2019-20,607,Ryan_Giles_607,ryan giles,giles_ryan,NA,NA,16,0,23,47,FALSE,giles_ryan,giles_ryan
2019-20,608,Giovanni_McGregor_608,giovanni mcgregor,giovanni_mcgregor,NA,NA,16,0,23,47,FALSE,giovanni_mcgregor,giovanni_mcgregor
2019-20,609,Bruno André_Cavaco Jordao_609,bruno andre cavaco jordao,andre_bruno_cavaco_jordao,NA,NA,16,6,23,47,FALSE,andre_bruno_cavaco_jordao,andre_bruno_cavaco_jordao
2019-20,610,Liam_Gibson_610,liam gibson,gibson_liam,NA,NA,15,0,24,47,FALSE,gibson_liam,gibson_liam
2019-20,611,Jack_Robinson_611,jack robinson,jack_robinson,NA,NA,14,504,25,47,FALSE,jack_robinson,jack_robinson
2019-20,612,Nabil_Bentaleb_612,nabil bentaleb,bentaleb_nabil,NA,NA,14,747,25,47,FALSE,bentaleb_nabil,bentaleb_nabil
2019-20,613,Mbwana_Samatta_613,mbwana samatta,mbwana_samatta,NA,NA,14,940,25,47,FALSE,mbwana_samatta,mbwana_samatta
2019-20,614,Valentino_Lazaro_614,valentino lazaro,lazaro_valentino,NA,NA,14,472,25,47,FALSE,lazaro_valentino,lazaro_valentino
2019-20,615,Steven_Bergwijn_615,steven bergwijn,bergwijn_steven,NA,NA,14,699,25,47,FALSE,bergwijn_steven,bergwijn_steven
2019-20,616,Tomas_Soucek_616,tomas soucek,soucek_tomas,NA,NA,14,1039,25,47,FALSE,soucek_tomas,soucek_tomas
2019-20,617,Pablo_Marí_617,pablo mari,mari_pablo,NA,NA,14,113,25,47,FALSE,mari_pablo,mari_pablo
2019-20,618,Bruno Miguel_Borges Fernandes_618,bruno miguel borges fernandes,borges_bruno_fernandes_miguel,NA,NA,14,1187,25,47,FALSE,borges_bruno_fernandes_miguel,borges_bruno_fernandes_miguel
2019-20,619,Daniel_Castelo Podence_619,daniel castelo podence,castelo_daniel_podence,NA,NA,14,285,25,47,FALSE,castelo_daniel_podence,castelo_daniel_podence
2019-20,620,Josh_Brownhill_620,josh brownhill,brownhill_josh,NA,NA,14,805,25,47,FALSE,brownhill_josh,brownhill_josh
2019-20,621,Sander_Berge_621,sander berge,berge_sander,NA,NA,14,943,25,47,FALSE,berge_sander,berge_sander
2019-20,622,Richairo_Zivkovic_622,richairo zivkovic,richairo_zivkovic,NA,NA,14,107,25,47,FALSE,richairo_zivkovic,richairo_zivkovic
2019-20,623,Borja_González Tomás_623,borja gonzalez tomas,borja_gonzalez_tomas,NA,NA,13,16,26,47,FALSE,borja_gonzalez_tomas,borja_gonzalez_tomas
2019-20,624,Odion_Ighalo_624,odion ighalo,ighalo_odion,NA,NA,13,92,26,47,FALSE,ighalo_odion,ighalo_odion
2019-20,625,Panagiotis_Retsos_625,panagiotis retsos,panagiotis_retsos,NA,NA,13,0,26,47,FALSE,panagiotis_retsos,panagiotis_retsos
2019-20,626,Jarrod_Bowen_626,jarrod bowen,bowen_jarrod,NA,NA,13,916,26,47,FALSE,bowen_jarrod,bowen_jarrod
2019-20,627,Alexis_Mac Allister_627,alexis mac allister,alexis_allister_mac,NA,NA,12,348,27,47,FALSE,alexis_allister_mac,alexis_allister_mac
2019-20,628,Ki-Jana_Hoever_628,ki jana hoever,hoever_jana_ki,NA,NA,11,0,28,47,FALSE,hoever_jana_ki,hoever_jana_ki
2019-20,629,João Manuel_Neves Virgínia_629,joao manuel neves virginia,joao_manuel_neves_virginia,NA,NA,11,0,28,47,FALSE,joao_manuel_neves_virginia,joao_manuel_neves_virginia
2019-20,630,Faustino_Anjorin_630,faustino anjorin,anjorin_faustino,NA,NA,10,19,29,47,FALSE,anjorin_faustino,anjorin_faustino
2019-20,631,Armando_Broja_631,armando broja,armando_broja,NA,NA,10,4,29,47,FALSE,armando_broja,armando_broja
2019-20,632,Josh_Martin_632,josh martin,josh_martin,NA,NA,9,32,39,47,FALSE,josh_martin,josh_martin
2019-20,633,Nathan_Tella_633,nathan tella,nathan_tella,NA,NA,9,2,39,47,FALSE,nathan_tella,nathan_tella
2019-20,634,Harvey_White_634,harvey white,harvey_white,NA,NA,9,0,39,47,FALSE,harvey_white,harvey_white
2019-20,635,Nikola_Tavares_635,nikola tavares,nikola_tavares,NA,NA,9,0,39,47,FALSE,nikola_tavares,nikola_tavares
2019-20,636,Zech_Medley_636,zech medley,medley_zech,NA,NA,10,0,39,47,FALSE,medley_zech,medley_zech
2019-20,637,Jarrad_Branthwaite_637,jarrad branthwaite,branthwaite_jarrad,NA,NA,9,299,39,47,FALSE,branthwaite_jarrad,branthwaite_jarrad
2019-20,638,Jimmy_Dunne_638,jimmy dunne,dunne_jimmy,NA,NA,9,0,39,47,FALSE,dunne_jimmy,dunne_jimmy
2019-20,639,Bobby_Thomas_639,bobby thomas,bobby_thomas,NA,NA,9,0,39,47,FALSE,bobby_thomas,bobby_thomas
2019-20,640,Max_Thompson_640,max thompson,max_thompson,NA,NA,9,2,39,47,FALSE,max_thompson,max_thompson
2019-20,641,Lukas_Jensen_641,lukas jensen,jensen_lukas,NA,NA,9,0,39,47,FALSE,jensen_lukas,jensen_lukas
2019-20,642,Taylor_Harwood-Bellis_642,taylor harwood bellis,bellis_harwood_taylor,NA,NA,8,0,40,47,FALSE,bellis_harwood_taylor,bellis_harwood_taylor
2019-20,643,Cole_Palmer_643,cole palmer,cole_palmer,NA,NA,8,0,40,47,FALSE,cole_palmer,cole_palmer
2019-20,644,Tommy_Doyle_644,tommy doyle,doyle_tommy,NA,NA,8,15,40,47,FALSE,doyle_tommy,doyle_tommy
2019-20,645,Jake_Vokins_645,jake vokins,jake_vokins,NA,NA,8,90,40,47,FALSE,jake_vokins,jake_vokins
2019-20,646,Matt_Macey_646,matt macey,macey_matt,NA,NA,8,0,40,47,FALSE,macey_matt,macey_matt
2019-20,647,Matthew_Smith_647,matthew smith,matthew_smith,NA,NA,8,0,40,47,FALSE,matthew_smith,matthew_smith
2019-20,648,Adalberto_Peñaranda_648,adalberto penaranda,adalberto_penaranda,NA,NA,7,0,41,47,FALSE,adalberto_penaranda,adalberto_penaranda
2019-20,649,Alexandre_Jankewitz_649,alexandre jankewitz,alexandre_jankewitz,NA,NA,7,0,41,47,FALSE,alexandre_jankewitz,alexandre_jankewitz
2019-20,650,Jordan_Thomas_650,jordan thomas,jordan_thomas,NA,NA,7,1,41,47,FALSE,jordan_thomas,jordan_thomas
2019-20,651,Alfie_Lewis_651,alfie lewis,alfie_lewis,NA,NA,7,0,41,47,FALSE,alfie_lewis,alfie_lewis
2019-20,652,Leonardo_Campana_652,leonardo campana,campana_leonardo,NA,NA,6,0,42,47,FALSE,campana_leonardo,campana_leonardo
2019-20,653,Josh_Benson_653,josh benson,benson_josh,NA,NA,6,0,42,47,FALSE,benson_josh,benson_josh
2019-20,654,Will_Ferry_654,will ferry,ferry_will,NA,NA,6,0,42,47,FALSE,ferry_will,ferry_will
2019-20,655,Dennis_Cirkin_655,dennis cirkin,cirkin_dennis,NA,NA,6,0,42,47,FALSE,cirkin_dennis,cirkin_dennis
2019-20,656,Jack_Young_656,jack young,jack_young,NA,NA,5,0,43,47,FALSE,jack_young,jack_young
2019-20,657,Lewis_Bate_657,lewis bate,bate_lewis,NA,NA,4,0,44,47,FALSE,bate_lewis,bate_lewis
2019-20,658,Timothy_Fosu-Mensah_658,timothy fosu mensah,fosu_mensah_timothy,NA,NA,3,136,45,47,FALSE,fosu_mensah_timothy,fosu_mensah_timothy
2019-20,659,Kaine_Hayden_659,kaine hayden,hayden_kaine,NA,NA,3,0,45,47,FALSE,hayden_kaine,hayden_kaine
2019-20,660,Luke_Thomas_660,luke thomas,luke_thomas,NA,NA,3,267,45,47,FALSE,luke_thomas,luke_thomas
2019-20,661,George_Hirst_661,george hirst,george_hirst,NA,NA,3,9,45,47,FALSE,george_hirst,george_hirst
2019-20,662,Darnell_Johnson_662,darnell johnson,darnell_johnson,NA,NA,3,0,45,47,FALSE,darnell_johnson,darnell_johnson
2019-20,663,Jacob_Maddox_663,jacob maddox,jacob_maddox,NA,NA,3,0,45,47,FALSE,jacob_maddox,jacob_maddox
2019-20,664,Conor_Coventry_664,conor coventry,conor_coventry,NA,NA,3,0,45,47,FALSE,conor_coventry,conor_coventry
2019-20,665,Joel_Mumbongo_665,joel mumbongo,joel_mumbongo,NA,NA,2,0,46,47,FALSE,joel_mumbongo,joel_mumbongo
2019-20,666,Alex_Cochrane_666,alex cochrane,alex_cochrane,NA,NA,2,0,46,47,FALSE,alex_cochrane,alex_cochrane
2019-20,667,Ellis_Simms_667,ellis simms,ellis_simms,NA,NA,2,0,46,47,FALSE,ellis_simms,ellis_simms
2019-20,668,John-Kymani_Gordon_668,john kymani gordon,gordon_john_kymani,NA,NA,2,0,46,47,FALSE,gordon_john_kymani,gordon_john_kymani
2019-20,669,Daniel_Adshead_669,daniel adshead,adshead_daniel,NA,NA,1,0,47,47,FALSE,adshead_daniel,adshead_daniel
2020-21,1,Mesut Özil,mesut ozil,mesut_ozil,Arsenal,MID,38,0,1,38,FALSE,mesut_ozil,mesut_ozil
2020-21,2,Sokratis Papastathopoulos,sokratis papastathopoulos,papastathopoulos_sokratis,Arsenal,DEF,38,0,1,38,FALSE,papastathopoulos_sokratis,papastathopoulos_sokratis
2020-21,3,David Luiz Moreira Marinho,david luiz moreira marinho,david_luiz_marinho_moreira,Arsenal,DEF,38,1396,1,38,FALSE,david_luiz_marinho_moreira,david_luiz_marinho_moreira
2020-21,4,Pierre-Emerick Aubameyang,pierre emerick aubameyang,aubameyang_emerick_pierre,Arsenal,MID,38,2330,1,38,FALSE,aubameyang_emerick_pierre,aubameyang_emerick_pierre
2020-21,5,Cédric Soares,cedric soares,cedric_soares,Arsenal,DEF,38,744,1,38,FALSE,cedric_soares,cedric_soares
2020-21,6,Alexandre Lacazette,alexandre lacazette,alexandre_lacazette,Arsenal,FWD,38,1916,1,38,FALSE,alexandre_lacazette,alexandre_lacazette
2020-21,7,Shkodran Mustafi,shkodran mustafi,mustafi_shkodran,Arsenal,DEF,38,45,1,38,FALSE,mustafi_shkodran,mustafi_shkodran
2020-21,8,Bernd Leno,bernd leno,bernd_leno,Arsenal,GK,38,3131,1,38,FALSE,bernd_leno,bernd_leno
2020-21,9,Granit Xhaka,granit xhaka,granit_xhaka,Arsenal,MID,38,2519,1,38,FALSE,granit_xhaka,granit_xhaka
2020-21,10,Pablo Marí,pablo mari,mari_pablo,Arsenal,DEF,38,900,1,38,FALSE,mari_pablo,mari_pablo
2020-21,11,Héctor Bellerín,hector bellerin,bellerin_hector,Arsenal,DEF,38,2089,1,38,FALSE,bellerin_hector,bellerin_hector
2020-21,12,Emiliano Martínez,emiliano martinez,emiliano_martinez,Arsenal/Aston Villa,GK,39,3420,1,38,FALSE,emiliano_martinez,emiliano_martinez
2020-21,13,Calum Chambers,calum chambers,calum_chambers,Arsenal,DEF,38,751,1,38,FALSE,calum_chambers,calum_chambers
2020-21,14,Sead Kolasinac,sead kolasinac,kolasinac_sead,Arsenal,DEF,38,90,1,38,FALSE,kolasinac_sead,kolasinac_sead
2020-21,15,Ainsley Maitland-Niles,ainsley maitland niles,ainsley_maitland_niles,Arsenal/West Brom,DEF,38,1714,1,38,FALSE,ainsley_maitland_niles,ainsley_maitland_niles
2020-21,16,Rob Holding,rob holding,holding_rob,Arsenal,DEF,38,2557,1,38,FALSE,holding_rob,holding_rob
2020-21,17,Kieran Tierney,kieran tierney,kieran_tierney,Arsenal,DEF,38,2299,1,38,FALSE,kieran_tierney,kieran_tierney
2020-21,18,Nicolas Pépé,nicolas pepe,nicolas_pepe,Arsenal,MID,38,1606,1,38,FALSE,nicolas_pepe,nicolas_pepe
2020-21,19,Lucas Torreira,lucas torreira,lucas_torreira,Arsenal,MID,38,0,1,38,FALSE,lucas_torreira,lucas_torreira
2020-21,20,Joseph Willock,joseph willock,joseph_willock,Arsenal/Newcastle,MID,38,1210,1,38,FALSE,joseph_willock,joseph_willock
2020-21,21,Reiss Nelson,reiss nelson,nelson_reiss,Arsenal,MID,38,70,1,38,FALSE,nelson_reiss,nelson_reiss
2020-21,22,Edward Nketiah,edward nketiah,edward_nketiah,Arsenal,FWD,38,411,1,38,FALSE,edward_nketiah,edward_nketiah
2020-21,23,Emile Smith Rowe,emile smith rowe,emile_rowe_smith,Arsenal,MID,38,1438,1,38,FALSE,emile_rowe_smith,emile_rowe_smith
2020-21,24,Bukayo Saka,bukayo saka,bukayo_saka,Arsenal,MID,38,2554,1,38,FALSE,bukayo_saka,bukayo_saka
2020-21,25,Matteo Guendouzi,matteo guendouzi,guendouzi_matteo,Arsenal,MID,38,0,1,38,FALSE,guendouzi_matteo,guendouzi_matteo
2020-21,26,Gabriel Teodoro Martinelli Silva,gabriel teodoro martinelli silva,gabriel_martinelli_silva_teodoro,Arsenal,MID,38,582,1,38,FALSE,gabriel_martinelli_silva_teodoro,gabriel_martinelli_silva_teodoro
2020-21,27,William Saliba,william saliba,saliba_william,Arsenal,DEF,38,0,1,38,FALSE,saliba_william,saliba_william
2020-21,28,Tom Heaton,tom heaton,heaton_tom,Aston Villa,GK,38,0,2,38,FALSE,heaton_tom,heaton_tom
2020-21,29,Ahmed El Mohamady,ahmed el mohamady,ahmed_el_mohamady,Aston Villa,DEF,38,833,2,38,FALSE,ahmed_el_mohamady,ahmed_el_mohamady
2020-21,30,Henri Lansbury,henri lansbury,henri_lansbury,Aston Villa,MID,38,0,2,38,FALSE,henri_lansbury,henri_lansbury
2020-21,31,Neil Taylor,neil taylor,neil_taylor,Aston Villa,DEF,38,15,2,38,FALSE,neil_taylor,neil_taylor
2020-21,32,Jed Steer,jed steer,jed_steer,Aston Villa,GK,38,0,2,38,FALSE,jed_steer,jed_steer
2020-21,33,Conor Hourihane,conor hourihane,conor_hourihane,Aston Villa,MID,38,225,2,38,FALSE,conor_hourihane,conor_hourihane
2020-21,34,José Ignacio Peleteiro Romallo,jose ignacio peleteiro romallo,ignacio_jose_peleteiro_romallo,Aston Villa,MID,38,0,2,38,FALSE,ignacio_jose_peleteiro_romallo,ignacio_jose_peleteiro_romallo
2020-21,35,Ørjan Nyland,orjan nyland,nyland_orjan,Aston Villa,GK,38,0,2,38,FALSE,nyland_orjan,nyland_orjan
2020-21,36,Bjorn Engels,bjorn engels,bjorn_engels,Aston Villa,DEF,38,0,2,38,FALSE,bjorn_engels,bjorn_engels
2020-21,37,Jack Grealish,jack grealish,grealish_jack,Aston Villa,MID,38,2183,2,38,FALSE,grealish_jack,grealish_jack
2020-21,38,John McGinn,john mcginn,john_mcginn,Aston Villa,MID,38,3330,2,38,FALSE,john_mcginn,john_mcginn
2020-21,39,Kortney Hause,kortney hause,hause_kortney,Aston Villa,DEF,38,630,2,38,FALSE,hause_kortney,hause_kortney
2020-21,40,Mahmoud Ahmed Ibrahim Hassan,mahmoud ahmed ibrahim hassan,ahmed_hassan_ibrahim_mahmoud,Aston Villa,MID,38,1157,2,38,FALSE,ahmed_hassan_ibrahim_mahmoud,ahmed_hassan_ibrahim_mahmoud
2020-21,41,Tyrone Mings,tyrone mings,mings_tyrone,Aston Villa,DEF,38,3194,2,38,FALSE,mings_tyrone,mings_tyrone
2020-21,42,Matt Targett,matt targett,matt_targett,Aston Villa,DEF,38,3404,2,38,FALSE,matt_targett,matt_targett
2020-21,43,James Bree,james bree,bree_james,Aston Villa,DEF,38,0,2,38,FALSE,bree_james,bree_james
2020-21,44,Marvelous Nakamba,marvelous nakamba,marvelous_nakamba,Aston Villa,MID,38,747,2,38,FALSE,marvelous_nakamba,marvelous_nakamba
2020-21,45,Anwar El Ghazi,anwar el ghazi,anwar_el_ghazi,Aston Villa,MID,38,1604,2,38,FALSE,anwar_el_ghazi,anwar_el_ghazi
2020-21,46,Ezri Konsa Ngoyo,ezri konsa ngoyo,ezri_konsa_ngoyo,Aston Villa,DEF,38,3195,2,38,FALSE,ezri_konsa_ngoyo,ezri_konsa_ngoyo
2020-21,47,Frédéric Guilbert,frederic guilbert,frederic_guilbert,Aston Villa,DEF,38,0,2,38,FALSE,frederic_guilbert,frederic_guilbert
2020-21,48,Wesley Moraes,wesley moraes,moraes_wesley,Aston Villa,FWD,38,15,2,38,FALSE,moraes_wesley,moraes_wesley
2020-21,49,Mbwana Samatta,mbwana samatta,mbwana_samatta,Aston Villa,FWD,38,0,2,38,FALSE,mbwana_samatta,mbwana_samatta
2020-21,50,Keinan Davis,keinan davis,davis_keinan,Aston Villa,FWD,38,265,2,38,FALSE,davis_keinan,davis_keinan
2020-21,51,Indiana Vassilev,indiana vassilev,indiana_vassilev,Aston Villa,FWD,38,0,2,38,FALSE,indiana_vassilev,indiana_vassilev
2020-21,52,Douglas Luiz Soares de Paulo,douglas luiz soares de paulo,de_douglas_luiz_paulo_soares,Aston Villa,MID,38,2781,2,38,FALSE,de_douglas_luiz_paulo_soares,de_douglas_luiz_paulo_soares
2020-21,53,Glenn Murray,glenn murray,glenn_murray,Brighton,FWD,38,0,1,38,FALSE,glenn_murray,glenn_murray
2020-21,54,Adam Lallana,adam lallana,adam_lallana,Brighton,MID,38,1584,1,38,FALSE,adam_lallana,adam_lallana
2020-21,55,Dale Stephens,dale stephens,dale_stephens,Brighton/Burnley,MID,39,257,1,38,FALSE,dale_stephens,dale_stephens
2020-21,56,David Button,david button,button_david,West Brom,GK,38,90,1,38,FALSE,button_david,button_david
2020-21,57,Pascal Groß,pascal gross,gross_pascal,Brighton,MID,38,2479,1,38,FALSE,gross_pascal,gross_pascal
2020-21,58,Shane Duffy,shane duffy,duffy_shane,Brighton,DEF,38,0,1,38,FALSE,duffy_shane,duffy_shane
2020-21,59,Davy Pröpper,davy propper,davy_propper,Brighton,MID,38,209,1,38,FALSE,davy_propper,davy_propper
2020-21,60,Aaron Mooy,aaron mooy,aaron_mooy,Brighton,MID,38,0,1,38,FALSE,aaron_mooy,aaron_mooy
2020-21,61,Dan Burn,dan burn,burn_dan,Brighton,DEF,38,2057,1,38,FALSE,burn_dan,burn_dan
2020-21,62,Lewis Dunk,lewis dunk,dunk_lewis,Brighton,DEF,38,2932,1,38,FALSE,dunk_lewis,dunk_lewis
2020-21,63,Martín Montoya,martin montoya,martin_montoya,Brighton,DEF,38,0,1,38,FALSE,martin_montoya,martin_montoya
2020-21,64,Florin Andone,florin andone,andone_florin,Brighton,FWD,38,0,1,38,FALSE,andone_florin,andone_florin
2020-21,65,Solomon March,solomon march,march_solomon,Brighton,MID,38,1670,1,38,FALSE,march_solomon,march_solomon
2020-21,66,Adam Webster,adam webster,adam_webster,Brighton,DEF,38,2594,1,38,FALSE,adam_webster,adam_webster
2020-21,67,Joël Veltman,joel veltman,joel_veltman,Brighton,DEF,38,2280,1,38,FALSE,joel_veltman,joel_veltman
2020-21,68,Neal Maupay,neal maupay,maupay_neal,Brighton,FWD,38,2508,1,38,FALSE,maupay_neal,maupay_neal
2020-21,69,Leandro Trossard,leandro trossard,leandro_trossard,Brighton,MID,38,2602,1,38,FALSE,leandro_trossard,leandro_trossard
2020-21,70,Mathew Ryan,mathew ryan,mathew_ryan,Arsenal/Brighton,GK,38,1260,1,38,FALSE,mathew_ryan,mathew_ryan
2020-21,71,Alireza Jahanbakhsh,alireza jahanbakhsh,alireza_jahanbakhsh,Brighton,MID,38,520,1,38,FALSE,alireza_jahanbakhsh,alireza_jahanbakhsh
2020-21,72,José Izquierdo,jose izquierdo,izquierdo_jose,Brighton,MID,38,8,1,38,FALSE,izquierdo_jose,izquierdo_jose
2020-21,73,Matthew Clarke,matthew clarke,clarke_matthew,Brighton,DEF,38,0,1,38,FALSE,clarke_matthew,clarke_matthew
2020-21,74,Ben White,ben white,ben_white,Brighton,DEF,38,3192,1,38,FALSE,ben_white,ben_white
2020-21,75,Bernardo Fernandes da Silva Junior,bernardo fernandes da silva junior,bernardo_da_fernandes_junior_silva,Brighton,DEF,38,205,1,38,FALSE,bernardo_da_fernandes_junior_silva,bernardo_da_fernandes_junior_silva
2020-21,76,Yves Bissouma,yves bissouma,bissouma_yves,Brighton,MID,38,3112,1,38,FALSE,bissouma_yves,bissouma_yves
2020-21,77,Tariq Lamptey,tariq lamptey,lamptey_tariq,Brighton,DEF,38,887,1,38,FALSE,lamptey_tariq,lamptey_tariq
2020-21,78,Aaron Connolly,aaron connolly,aaron_connolly,Brighton,FWD,38,783,1,38,FALSE,aaron_connolly,aaron_connolly
2020-21,79,Steven Alzate,steven alzate,alzate_steven,Brighton,MID,38,892,1,38,FALSE,alzate_steven,alzate_steven
2020-21,80,Alexis Mac Allister,alexis mac allister,alexis_allister_mac,Brighton,MID,38,1108,1,38,FALSE,alexis_allister_mac,alexis_allister_mac
2020-21,81,James Tarkowski,james tarkowski,james_tarkowski,Burnley,DEF,38,3240,2,38,FALSE,james_tarkowski,james_tarkowski
2020-21,82,Phil Bardsley,phil bardsley,bardsley_phil,Burnley,DEF,38,273,2,38,FALSE,bardsley_phil,bardsley_phil
2020-21,83,Erik Pieters,erik pieters,erik_pieters,Burnley,DEF,38,1260,2,38,FALSE,erik_pieters,erik_pieters
2020-21,84,Jack Cork,jack cork,cork_jack,Burnley,MID,38,1350,2,38,FALSE,cork_jack,cork_jack
2020-21,85,Kevin Long,kevin long,kevin_long,Burnley,DEF,38,636,2,38,FALSE,kevin_long,kevin_long
2020-21,86,Jay Rodriguez,jay rodriguez,jay_rodriguez,Burnley,FWD,38,1248,2,38,FALSE,jay_rodriguez,jay_rodriguez
2020-21,87,Ashley Barnes,ashley barnes,ashley_barnes,Burnley,FWD,38,1324,2,38,FALSE,ashley_barnes,ashley_barnes
2020-21,88,Ben Mee,ben mee,ben_mee,Burnley,DEF,38,2693,2,38,FALSE,ben_mee,ben_mee
2020-21,89,Ashley Westwood,ashley westwood,ashley_westwood,Burnley,MID,38,3410,2,38,FALSE,ashley_westwood,ashley_westwood
2020-21,90,Johann Berg Gudmundsson,johann berg gudmundsson,berg_gudmundsson_johann,Burnley,MID,38,1358,2,38,FALSE,berg_gudmundsson_johann,berg_gudmundsson_johann
2020-21,91,Chris Wood,chris wood,chris_wood,Burnley,FWD,38,2741,2,38,FALSE,chris_wood,chris_wood
2020-21,92,Matthew Lowton,matthew lowton,lowton_matthew,Burnley,DEF,38,3060,2,38,FALSE,lowton_matthew,lowton_matthew
2020-21,93,Matej Vydra,matej vydra,matej_vydra,Burnley,FWD,38,1359,2,38,FALSE,matej_vydra,matej_vydra
2020-21,94,Ben Gibson,ben gibson,ben_gibson,Burnley,DEF,38,0,2,38,FALSE,ben_gibson,ben_gibson
2020-21,95,Robbie Brady,robbie brady,brady_robbie,Burnley,MID,38,1047,2,38,FALSE,brady_robbie,brady_robbie
2020-21,96,Nick Pope,nick pope,nick_pope,Burnley,GK,38,2880,2,38,FALSE,nick_pope,nick_pope
2020-21,97,Charlie Taylor,charlie taylor,charlie_taylor,Burnley,DEF,38,2425,2,38,FALSE,charlie_taylor,charlie_taylor
2020-21,98,Josh Brownhill,josh brownhill,brownhill_josh,Burnley,MID,38,2812,2,38,FALSE,brownhill_josh,brownhill_josh
2020-21,99,Bailey Peacock-Farrell,bailey peacock farrell,bailey_farrell_peacock,Burnley,GK,38,360,2,38,FALSE,bailey_farrell_peacock,bailey_farrell_peacock
2020-21,100,Dwight McNeil,dwight mcneil,dwight_mcneil,Burnley,MID,38,3068,2,38,FALSE,dwight_mcneil,dwight_mcneil
2020-21,101,Willy Caballero,willy caballero,caballero_willy,Chelsea,GK,38,90,1,38,FALSE,caballero_willy,caballero_willy
2020-21,102,César Azpilicueta,cesar azpilicueta,azpilicueta_cesar,Chelsea,DEF,38,2187,1,38,FALSE,azpilicueta_cesar,azpilicueta_cesar
2020-21,103,Olivier Giroud,olivier giroud,giroud_olivier,Chelsea,FWD,38,740,1,38,FALSE,giroud_olivier,giroud_olivier
2020-21,104,Marcos Alonso,marcos alonso,alonso_marcos,Chelsea,DEF,38,958,1,38,FALSE,alonso_marcos,alonso_marcos
2020-21,105,Jorge Luiz Frello Filho,jorge luiz frello filho,filho_frello_jorge_luiz,Chelsea,MID,38,2006,1,38,FALSE,filho_frello_jorge_luiz,filho_frello_jorge_luiz
2020-21,106,Ross Barkley,ross barkley,barkley_ross,Aston Villa/Chelsea,MID,39,1566,1,38,FALSE,barkley_ross,barkley_ross
2020-21,107,Mateo Kovacic,mateo kovacic,kovacic_mateo,Chelsea,MID,38,1809,1,38,FALSE,kovacic_mateo,kovacic_mateo
2020-21,108,Michy Batshuayi,michy batshuayi,batshuayi_michy,Crystal Palace,FWD,38,717,1,38,FALSE,batshuayi_michy,batshuayi_michy
2020-21,109,Antonio Rüdiger,antonio rudiger,antonio_rudiger,Chelsea,DEF,38,1710,1,38,FALSE,antonio_rudiger,antonio_rudiger
2020-21,110,Kurt Zouma,kurt zouma,kurt_zouma,Chelsea,DEF,38,2027,1,38,FALSE,kurt_zouma,kurt_zouma
2020-21,111,Emerson Palmieri dos Santos,emerson palmieri dos santos,dos_emerson_palmieri_santos,Chelsea,DEF,38,88,1,38,FALSE,dos_emerson_palmieri_santos,dos_emerson_palmieri_santos
2020-21,112,Kepa Arrizabalaga,kepa arrizabalaga,arrizabalaga_kepa,Chelsea,GK,38,585,1,38,FALSE,arrizabalaga_kepa,arrizabalaga_kepa
2020-21,113,N'Golo Kanté,n golo kante,golo_kante_n,Chelsea,MID,38,2140,1,38,FALSE,golo_kante_n,golo_kante_n
2020-21,114,Hakim Ziyech,hakim ziyech,hakim_ziyech,Chelsea,MID,38,1164,1,38,FALSE,hakim_ziyech,hakim_ziyech
2020-21,115,Ruben Loftus-Cheek,ruben loftus cheek,cheek_loftus_ruben,Chelsea/Fulham,MID,38,1962,1,38,FALSE,cheek_loftus_ruben,cheek_loftus_ruben
2020-21,116,Andreas Christensen,andreas christensen,andreas_christensen,Chelsea,DEF,38,1371,1,38,FALSE,andreas_christensen,andreas_christensen
2020-21,117,Timo Werner,timo werner,timo_werner,Chelsea,FWD,38,2598,1,38,FALSE,timo_werner,timo_werner
2020-21,118,Tammy Abraham,tammy abraham,abraham_tammy,Chelsea,FWD,38,1031,1,38,FALSE,abraham_tammy,abraham_tammy
2020-21,119,Christian Pulisic,christian pulisic,christian_pulisic,Chelsea,MID,38,1731,1,38,FALSE,christian_pulisic,christian_pulisic
2020-21,120,Mason Mount,mason mount,mason_mount,Chelsea,MID,38,2887,1,38,FALSE,mason_mount,mason_mount
2020-21,121,Fikayo Tomori,fikayo tomori,fikayo_tomori,Chelsea,DEF,38,45,1,38,FALSE,fikayo_tomori,fikayo_tomori
2020-21,122,Callum Hudson-Odoi,callum hudson odoi,callum_hudson_odoi,Chelsea,MID,38,1050,1,38,FALSE,callum_hudson_odoi,callum_hudson_odoi
2020-21,123,Reece James,reece james,james_reece,Chelsea,DEF,38,2367,1,38,FALSE,james_reece,james_reece
2020-21,124,Billy Gilmour,billy gilmour,billy_gilmour,Chelsea,MID,38,259,1,38,FALSE,billy_gilmour,billy_gilmour
2020-21,125,Gary Cahill,gary cahill,cahill_gary,Crystal Palace,DEF,38,1800,1,38,FALSE,cahill_gary,cahill_gary
2020-21,126,Wayne Hennessey,wayne hennessey,hennessey_wayne,Crystal Palace,GK,38,0,1,38,FALSE,hennessey_wayne,hennessey_wayne
2020-21,127,Mamadou Sakho,mamadou sakho,mamadou_sakho,Crystal Palace,DEF,38,275,1,38,FALSE,mamadou_sakho,mamadou_sakho
2020-21,128,Vicente Guaita,vicente guaita,guaita_vicente,Crystal Palace,GK,38,3330,1,38,FALSE,guaita_vicente,guaita_vicente
2020-21,129,James Tomkins,james tomkins,james_tomkins,Crystal Palace,DEF,38,551,1,38,FALSE,james_tomkins,james_tomkins
2020-21,130,James McArthur,james mcarthur,james_mcarthur,Crystal Palace,MID,38,1465,1,38,FALSE,james_mcarthur,james_mcarthur
2020-21,131,James McCarthy,james mccarthy,james_mccarthy,Crystal Palace,MID,38,816,1,38,FALSE,james_mccarthy,james_mccarthy
2020-21,132,Christian Benteke,christian benteke,benteke_christian,Crystal Palace,FWD,38,1808,1,38,FALSE,benteke_christian,benteke_christian
2020-21,133,Cheikhou Kouyaté,cheikhou kouyate,cheikhou_kouyate,Crystal Palace,MID,38,3121,1,38,FALSE,cheikhou_kouyate,cheikhou_kouyate
2020-21,134,Joel Ward,joel ward,joel_ward,Crystal Palace,DEF,38,2255,1,38,FALSE,joel_ward,joel_ward
2020-21,135,Martin Kelly,martin kelly,kelly_martin,Crystal Palace,DEF,38,1,1,38,FALSE,kelly_martin,kelly_martin
2020-21,136,Connor Wickham,connor wickham,connor_wickham,Crystal Palace,FWD,38,0,1,38,FALSE,connor_wickham,connor_wickham
2020-21,137,Andros Townsend,andros townsend,andros_townsend,Crystal Palace,MID,38,2250,1,38,FALSE,andros_townsend,andros_townsend
2020-21,138,Luka Milivojevic,luka milivojevic,luka_milivojevic,Crystal Palace,MID,38,2357,1,38,FALSE,luka_milivojevic,luka_milivojevic
2020-21,139,Patrick van Aanholt,patrick van aanholt,aanholt_patrick_van,Crystal Palace,DEF,38,1775,1,38,FALSE,aanholt_patrick_van,aanholt_patrick_van
2020-21,140,Jordan Ayew,jordan ayew,ayew_jordan,Crystal Palace,FWD,38,2086,1,38,FALSE,ayew_jordan,ayew_jordan
2020-21,141,Wilfried Zaha,wilfried zaha,wilfried_zaha,Crystal Palace,MID,38,2612,1,38,FALSE,wilfried_zaha,wilfried_zaha
2020-21,142,Jeffrey Schlupp,jeffrey schlupp,jeffrey_schlupp,Crystal Palace,MID,38,1415,1,38,FALSE,jeffrey_schlupp,jeffrey_schlupp
2020-21,143,Max Meyer,max meyer,max_meyer,Crystal Palace,MID,38,0,1,38,FALSE,max_meyer,max_meyer
2020-21,144,Jairo Riedewald,jairo riedewald,jairo_riedewald,Crystal Palace,MID,38,1810,1,38,FALSE,jairo_riedewald,jairo_riedewald
2020-21,145,Nathan Ferguson,nathan ferguson,ferguson_nathan,Crystal Palace,DEF,38,0,1,38,FALSE,ferguson_nathan,ferguson_nathan
2020-21,146,Tyrick Mitchell,tyrick mitchell,mitchell_tyrick,Crystal Palace,DEF,38,1710,1,38,FALSE,mitchell_tyrick,mitchell_tyrick
2020-21,147,Brandon Pierrick,brandon pierrick,brandon_pierrick,Crystal Palace,MID,38,0,1,38,FALSE,brandon_pierrick,brandon_pierrick
2020-21,148,Theo Walcott,theo walcott,theo_walcott,Everton/Southampton,MID,38,1629,1,38,FALSE,theo_walcott,theo_walcott
2020-21,149,Fabian Delph,fabian delph,delph_fabian,Everton,MID,38,260,1,38,FALSE,delph_fabian,delph_fabian
2020-21,150,Gylfi Sigurdsson,gylfi sigurdsson,gylfi_sigurdsson,Everton,MID,38,2244,1,38,FALSE,gylfi_sigurdsson,gylfi_sigurdsson
2020-21,151,Jonas Lössl,jonas lossl,jonas_lossl,Everton,GK,38,0,1,38,FALSE,jonas_lossl,jonas_lossl
2020-21,152,Seamus Coleman,seamus coleman,coleman_seamus,Everton,DEF,38,1607,1,38,FALSE,coleman_seamus,coleman_seamus
2020-21,153,Cenk Tosun,cenk tosun,cenk_tosun,Everton,FWD,38,44,1,38,FALSE,cenk_tosun,cenk_tosun
2020-21,154,Bernard Anício Caldeira Duarte,bernard anicio caldeira duarte,anicio_bernard_caldeira_duarte,Everton,MID,38,447,1,38,FALSE,anicio_bernard_caldeira_duarte,anicio_bernard_caldeira_duarte
2020-21,155,Lucas Digne,lucas digne,digne_lucas,Everton,DEF,38,2681,1,38,FALSE,digne_lucas,digne_lucas
2020-21,156,Michael Keane,michael keane,keane_michael,Everton,DEF,38,2989,1,38,FALSE,keane_michael,keane_michael
2020-21,157,Jordan Pickford,jordan pickford,jordan_pickford,Everton,GK,38,2742,1,38,FALSE,jordan_pickford,jordan_pickford
2020-21,158,André Filipe Tavares Gomes,andre filipe tavares gomes,andre_filipe_gomes_tavares,Everton,MID,38,1559,1,38,FALSE,andre_filipe_gomes_tavares,andre_filipe_gomes_tavares
2020-21,159,Alex Iwobi,alex iwobi,alex_iwobi,Everton,MID,38,1530,1,38,FALSE,alex_iwobi,alex_iwobi
2020-21,160,Jonjoe Kenny,jonjoe kenny,jonjoe_kenny,Everton,DEF,38,78,1,38,FALSE,jonjoe_kenny,jonjoe_kenny
2020-21,161,Jean-Philippe Gbamin,jean philippe gbamin,gbamin_jean_philippe,Everton,MID,38,11,1,38,FALSE,gbamin_jean_philippe,gbamin_jean_philippe
2020-21,162,Yerry Mina,yerry mina,mina_yerry,Everton,DEF,38,1936,1,38,FALSE,mina_yerry,mina_yerry
2020-21,163,Tom Davies,tom davies,davies_tom,Everton,MID,38,1417,1,38,FALSE,davies_tom,davies_tom
2020-21,164,Dominic Calvert-Lewin,dominic calvert lewin,calvert_dominic_lewin,Everton,FWD,38,2871,1,38,FALSE,calvert_dominic_lewin,calvert_dominic_lewin
2020-21,165,Mason Holgate,mason holgate,holgate_mason,Everton,DEF,38,2286,1,38,FALSE,holgate_mason,holgate_mason
2020-21,166,Richarlison de Andrade,richarlison de andrade,andrade_de_richarlison,Everton,FWD,38,2862,1,38,FALSE,andrade_de_richarlison,andrade_de_richarlison
2020-21,167,João Virgínia,joao virginia,joao_virginia,Everton,GK,38,47,1,38,FALSE,joao_virginia,joao_virginia
2020-21,168,Anthony Gordon,anthony gordon,anthony_gordon,Everton,MID,38,87,1,38,FALSE,anthony_gordon,anthony_gordon
2020-21,169,Moise Kean,moise kean,kean_moise,Everton,FWD,38,13,1,38,FALSE,kean_moise,kean_moise
2020-21,170,Jarrad Branthwaite,jarrad branthwaite,branthwaite_jarrad,Everton,DEF,38,0,1,38,FALSE,branthwaite_jarrad,branthwaite_jarrad
2020-21,171,Fabricio Agosto Ramírez,fabricio agosto ramirez,agosto_fabricio_ramirez,Fulham,GK,38,0,1,38,FALSE,agosto_fabricio_ramirez,agosto_fabricio_ramirez
2020-21,172,Kevin McDonald,kevin mcdonald,kevin_mcdonald,Fulham,MID,38,0,1,38,FALSE,kevin_mcdonald,kevin_mcdonald
2020-21,173,Maxime Le Marchand,maxime le marchand,le_marchand_maxime,Fulham,DEF,38,122,1,38,FALSE,le_marchand_maxime,le_marchand_maxime
2020-21,174,Stefan Johansen,stefan johansen,johansen_stefan,Fulham,MID,38,0,1,38,FALSE,johansen_stefan,johansen_stefan
2020-21,175,Tom Cairney,tom cairney,cairney_tom,Fulham,MID,38,758,1,38,FALSE,cairney_tom,cairney_tom
2020-21,176,Tim Ream,tim ream,ream_tim,Fulham,DEF,38,630,1,38,FALSE,ream_tim,ream_tim
2020-21,177,Anthony Knockaert,anthony knockaert,anthony_knockaert,Fulham,MID,38,0,1,38,FALSE,anthony_knockaert,anthony_knockaert
2020-21,178,Michael Hector,michael hector,hector_michael,Fulham,DEF,38,262,1,38,FALSE,hector_michael,hector_michael
2020-21,179,Cyrus Christie,cyrus christie,christie_cyrus,Fulham,DEF,38,0,1,38,FALSE,christie_cyrus,christie_cyrus
2020-21,180,Neeskens Kebano,neeskens kebano,kebano_neeskens,Fulham,MID,38,116,1,38,FALSE,kebano_neeskens,kebano_neeskens
2020-21,181,Bobby Decordova-Reid,bobby decordova reid,bobby_decordova_reid,Fulham,FWD,38,2367,1,38,FALSE,bobby_decordova_reid,bobby_decordova_reid
2020-21,182,Joe Bryan,joe bryan,bryan_joe,Fulham,DEF,38,663,1,38,FALSE,bryan_joe,bryan_joe
2020-21,183,Marcus Bettinelli,marcus bettinelli,bettinelli_marcus,Fulham,GK,38,0,1,38,FALSE,bettinelli_marcus,bettinelli_marcus
2020-21,184,Aleksandar Mitrović,aleksandar mitrovic,aleksandar_mitrovic,Fulham,FWD,38,1389,1,38,FALSE,aleksandar_mitrovic,aleksandar_mitrovic
2020-21,185,Alfie Mawson,alfie mawson,alfie_mawson,Fulham,DEF,38,0,1,38,FALSE,alfie_mawson,alfie_mawson
2020-21,186,Marek Rodák,marek rodak,marek_rodak,Fulham,GK,38,180,1,38,FALSE,marek_rodak,marek_rodak
2020-21,187,Ivan Ricardo Neves Abreu Cavaleiro,ivan ricardo neves abreu cavaleiro,abreu_cavaleiro_ivan_neves_ricardo,Fulham,MID,38,2465,1,38,FALSE,abreu_cavaleiro_ivan_neves_ricardo,abreu_cavaleiro_ivan_neves_ricardo
2020-21,188,Josh Onomah,josh onomah,josh_onomah,Fulham,MID,38,369,1,38,FALSE,josh_onomah,josh_onomah
2020-21,189,Jean Michaël Seri,jean michael seri,jean_michael_seri,Fulham,MID,38,0,1,38,FALSE,jean_michael_seri,jean_michael_seri
2020-21,190,Aboubakar Kamara,aboubakar kamara,aboubakar_kamara,Fulham,MID,38,307,1,38,FALSE,aboubakar_kamara,aboubakar_kamara
2020-21,191,André-Frank Zambo Anguissa,andre frank zambo anguissa,andre_anguissa_frank_zambo,Fulham,MID,38,2581,1,38,FALSE,andre_anguissa_frank_zambo,andre_anguissa_frank_zambo
2020-21,192,Zeze Steven Sessegnon,zeze steven sessegnon,sessegnon_steven_zeze,Fulham,DEF,38,0,1,38,FALSE,sessegnon_steven_zeze,sessegnon_steven_zeze
2020-21,193,Pablo Hernández Domínguez,pablo hernandez dominguez,dominguez_hernandez_pablo,Leeds,MID,38,414,1,38,FALSE,dominguez_hernandez_pablo,dominguez_hernandez_pablo
2020-21,194,Francisco Casilla Cortés,francisco casilla cortes,casilla_cortes_francisco,Leeds,GK,38,270,1,38,FALSE,casilla_cortes_francisco,casilla_cortes_francisco
2020-21,195,Liam Cooper,liam cooper,cooper_liam,Leeds,DEF,38,2186,1,38,FALSE,cooper_liam,cooper_liam
2020-21,196,Barry Douglas,barry douglas,barry_douglas,Leeds,DEF,38,0,1,38,FALSE,barry_douglas,barry_douglas
2020-21,197,Luke Ayling,luke ayling,ayling_luke,Leeds,DEF,38,3399,1,38,FALSE,ayling_luke,ayling_luke
2020-21,198,Mateusz Klich,mateusz klich,klich_mateusz,Leeds,MID,38,2386,1,38,FALSE,klich_mateusz,klich_mateusz
2020-21,199,Adam Forshaw,adam forshaw,adam_forshaw,Leeds,MID,38,0,1,38,FALSE,adam_forshaw,adam_forshaw
2020-21,200,Stuart Dallas,stuart dallas,dallas_stuart,Leeds,DEF,38,3410,1,38,FALSE,dallas_stuart,dallas_stuart
2020-21,201,Ezgjan Alioski,ezgjan alioski,alioski_ezgjan,Leeds,DEF,38,2456,1,38,FALSE,alioski_ezgjan,alioski_ezgjan
2020-21,202,Patrick Bamford,patrick bamford,bamford_patrick,Leeds,FWD,38,3052,1,38,FALSE,bamford_patrick,bamford_patrick
2020-21,203,Jack Harrison,jack harrison,harrison_jack,Leeds,MID,38,2846,1,38,FALSE,harrison_jack,harrison_jack
2020-21,204,Kalvin Phillips,kalvin phillips,kalvin_phillips,Leeds,MID,38,2428,1,38,FALSE,kalvin_phillips,kalvin_phillips
2020-21,205,Hélder Wander Sousa de Azevedo e Costa,helder wander sousa de azevedo e costa,azevedo_costa_de_e_helder_sousa_wander,Leeds,MID,38,1150,1,38,FALSE,azevedo_costa_de_e_helder_sousa_wander,azevedo_costa_de_e_helder_sousa_wander
2020-21,206,Tyler Roberts,tyler roberts,roberts_tyler,Leeds,MID,38,1330,1,38,FALSE,roberts_tyler,roberts_tyler
2020-21,207,Jay-Roy Grot,jay roy grot,grot_jay_roy,Leeds,MID,38,0,1,38,FALSE,grot_jay_roy,grot_jay_roy
2020-21,208,Kamil Miazek,kamil miazek,kamil_miazek,Leeds,GK,38,0,1,38,FALSE,kamil_miazek,kamil_miazek
2020-21,209,Ian Carlo Poveda-Ocampo,ian carlo poveda ocampo,carlo_ian_ocampo_poveda,Leeds,MID,38,344,1,38,FALSE,carlo_ian_ocampo_poveda,carlo_ian_ocampo_poveda
2020-21,210,Jamie Shackleton,jamie shackleton,jamie_shackleton,Leeds,MID,38,454,1,38,FALSE,jamie_shackleton,jamie_shackleton
2020-21,211,Pascal Struijk,pascal struijk,pascal_struijk,Leeds,DEF,38,2072,1,38,FALSE,pascal_struijk,pascal_struijk
2020-21,212,Jordan Stevens,jordan stevens,jordan_stevens,Leeds,MID,38,0,1,38,FALSE,jordan_stevens,jordan_stevens
2020-21,213,Illan Meslier,illan meslier,illan_meslier,Leeds,GK,38,3150,1,38,FALSE,illan_meslier,illan_meslier
2020-21,214,Leif Davis,leif davis,davis_leif,Leeds,DEF,38,31,1,38,FALSE,davis_leif,davis_leif
2020-21,215,Oliver Casey,oliver casey,casey_oliver,Leeds,DEF,38,0,1,38,FALSE,casey_oliver,casey_oliver
2020-21,216,Wes Morgan,wes morgan,morgan_wes,Leicester,DEF,38,16,1,38,FALSE,morgan_wes,morgan_wes
2020-21,217,Kasper Schmeichel,kasper schmeichel,kasper_schmeichel,Leicester,GK,38,3420,1,38,FALSE,kasper_schmeichel,kasper_schmeichel
2020-21,218,Christian Fuchs,christian fuchs,christian_fuchs,Leicester,DEF,38,701,1,38,FALSE,christian_fuchs,christian_fuchs
2020-21,219,Jonny Evans,jonny evans,evans_jonny,Leicester,DEF,38,2473,1,38,FALSE,evans_jonny,evans_jonny
2020-21,220,Adrien Silva,adrien silva,adrien_silva,Leicester,MID,38,0,1,38,FALSE,adrien_silva,adrien_silva
2020-21,221,Marc Albrighton,marc albrighton,albrighton_marc,Leicester,MID,38,1735,1,38,FALSE,albrighton_marc,albrighton_marc
2020-21,222,Matty James,matty james,james_matty,Leicester,MID,38,0,1,38,FALSE,james_matty,james_matty
2020-21,223,Danny Ward,danny ward,danny_ward,Leicester,GK,38,0,1,38,FALSE,danny_ward,danny_ward
2020-21,224,Jamie Vardy,jamie vardy,jamie_vardy,Leicester,FWD,38,2838,1,38,FALSE,jamie_vardy,jamie_vardy
2020-21,225,Dennis Praet,dennis praet,dennis_praet,Leicester,MID,38,714,1,38,FALSE,dennis_praet,dennis_praet
2020-21,226,Ricardo Domingos Barbosa Pereira,ricardo domingos barbosa pereira,barbosa_domingos_pereira_ricardo,Leicester,DEF,38,954,1,38,FALSE,barbosa_domingos_pereira_ricardo,barbosa_domingos_pereira_ricardo
2020-21,227,Daniel Amartey,daniel amartey,amartey_daniel,Leicester,DEF,38,718,1,38,FALSE,amartey_daniel,amartey_daniel
2020-21,228,Youri Tielemans,youri tielemans,tielemans_youri,Leicester,MID,38,3356,1,38,FALSE,tielemans_youri,tielemans_youri
2020-21,229,Ayoze Pérez,ayoze perez,ayoze_perez,Leicester,MID,38,1322,1,38,FALSE,ayoze_perez,ayoze_perez
2020-21,230,Demarai Gray,demarai gray,demarai_gray,Leicester,MID,38,18,1,38,FALSE,demarai_gray,demarai_gray
2020-21,231,James Maddison,james maddison,james_maddison,Leicester,MID,38,2093,1,38,FALSE,james_maddison,james_maddison
2020-21,232,Benjamin Chilwell,benjamin chilwell,benjamin_chilwell,Chelsea,DEF,38,2286,1,38,FALSE,benjamin_chilwell,benjamin_chilwell
2020-21,233,Kelechi Iheanacho,kelechi iheanacho,iheanacho_kelechi,Leicester,FWD,38,1452,1,38,FALSE,iheanacho_kelechi,iheanacho_kelechi
2020-21,234,Hamza Choudhury,hamza choudhury,choudhury_hamza,Leicester,MID,38,311,1,38,FALSE,choudhury_hamza,choudhury_hamza
2020-21,235,Harvey Barnes,harvey barnes,barnes_harvey,Leicester,MID,38,1944,1,38,FALSE,barnes_harvey,barnes_harvey
2020-21,236,Wilfred Ndidi,wilfred ndidi,ndidi_wilfred,Leicester,MID,38,2175,1,38,FALSE,ndidi_wilfred,ndidi_wilfred
2020-21,237,Filip Benkovic,filip benkovic,benkovic_filip,Leicester,DEF,38,0,1,38,FALSE,benkovic_filip,benkovic_filip
2020-21,238,Çaglar Söyüncü,caglar soyuncu,caglar_soyuncu,Leicester,DEF,38,1816,1,38,FALSE,caglar_soyuncu,caglar_soyuncu
2020-21,239,James Justin,james justin,james_justin,Leicester,DEF,38,2070,1,38,FALSE,james_justin,james_justin
2020-21,240,Luke Thomas,luke thomas,luke_thomas,Leicester,DEF,38,968,1,38,FALSE,luke_thomas,luke_thomas
2020-21,241,James Milner,james milner,james_milner,Liverpool,MID,38,1056,1,38,FALSE,james_milner,james_milner
2020-21,242,Konstantinos Tsimikas,konstantinos tsimikas,konstantinos_tsimikas,Liverpool,DEF,38,6,1,38,FALSE,konstantinos_tsimikas,konstantinos_tsimikas
2020-21,243,Georginio Wijnaldum,georginio wijnaldum,georginio_wijnaldum,Liverpool,MID,38,2938,1,38,FALSE,georginio_wijnaldum,georginio_wijnaldum
2020-21,244,Jordan Henderson,jordan henderson,henderson_jordan,Liverpool,MID,38,1704,1,38,FALSE,henderson_jordan,henderson_jordan
2020-21,245,Adrián San Miguel del Castillo,adrian san miguel del castillo,adrian_castillo_del_miguel_san,Liverpool,GK,38,270,1,38,FALSE,adrian_castillo_del_miguel_san,adrian_castillo_del_miguel_san
2020-21,246,Joel Matip,joel matip,joel_matip,Liverpool,DEF,38,690,1,38,FALSE,joel_matip,joel_matip
2020-21,247,Xherdan Shaqiri,xherdan shaqiri,shaqiri_xherdan,Liverpool,MID,38,548,1,38,FALSE,shaqiri_xherdan,shaqiri_xherdan
2020-21,248,Alex Oxlade-Chamberlain,alex oxlade chamberlain,alex_chamberlain_oxlade,Liverpool,MID,38,243,1,38,FALSE,alex_chamberlain_oxlade,alex_chamberlain_oxlade
2020-21,249,Roberto Firmino,roberto firmino,firmino_roberto,Liverpool,FWD,38,2837,1,38,FALSE,firmino_roberto,firmino_roberto
2020-21,250,Virgil van Dijk,virgil van dijk,dijk_van_virgil,Liverpool,DEF,38,370,1,38,FALSE,dijk_van_virgil,dijk_van_virgil
2020-21,251,Sadio Mané,sadio mane,mane_sadio,Liverpool,MID,38,2808,1,38,FALSE,mane_sadio,mane_sadio
2020-21,252,Alisson Ramses Becker,alisson ramses becker,alisson_becker_ramses,Liverpool,GK,38,2970,1,38,FALSE,alisson_becker_ramses,alisson_becker_ramses
2020-21,253,Fabio Henrique Tavares,fabio henrique tavares,fabio_henrique_tavares,Liverpool,MID,38,2566,1,38,FALSE,fabio_henrique_tavares,fabio_henrique_tavares
2020-21,254,Mohamed Salah,mohamed salah,mohamed_salah,Liverpool,MID,38,3077,1,38,FALSE,mohamed_salah,mohamed_salah
2020-21,255,Andrew Robertson,andrew robertson,andrew_robertson,Liverpool,DEF,38,3384,1,38,FALSE,andrew_robertson,andrew_robertson
2020-21,256,Divock Origi,divock origi,divock_origi,Liverpool,FWD,38,180,1,38,FALSE,divock_origi,divock_origi
2020-21,257,Harry Wilson,harry wilson,harry_wilson,Liverpool,MID,38,0,1,38,FALSE,harry_wilson,harry_wilson
2020-21,258,Takumi Minamino,takumi minamino,minamino_takumi,Liverpool/Southampton,MID,39,999,1,38,FALSE,minamino_takumi,minamino_takumi
2020-21,259,Trent Alexander-Arnold,trent alexander arnold,alexander_arnold_trent,Liverpool,DEF,38,3029,1,38,FALSE,alexander_arnold_trent,alexander_arnold_trent
2020-21,260,Joseph Gomez,joseph gomez,gomez_joseph,Liverpool,DEF,38,589,1,38,FALSE,gomez_joseph,gomez_joseph
2020-21,261,Naby Keita,naby keita,keita_naby,Liverpool,MID,38,517,1,38,FALSE,keita_naby,keita_naby
2020-21,262,Rhian Brewster,rhian brewster,brewster_rhian,Liverpool/Sheffield Utd,FWD,38,1113,1,38,FALSE,brewster_rhian,brewster_rhian
2020-21,263,Curtis Jones,curtis jones,curtis_jones,Liverpool,MID,38,1169,1,38,FALSE,curtis_jones,curtis_jones
2020-21,264,Neco Williams,neco williams,neco_williams,Liverpool,DEF,38,247,1,38,FALSE,neco_williams,neco_williams
2020-21,265,Harvey Elliott,harvey elliott,elliott_harvey,Liverpool,MID,38,0,1,38,FALSE,elliott_harvey,elliott_harvey
2020-21,266,Fernando Luiz Rosa,fernando luiz rosa,fernando_luiz_rosa,Man City,DEF,38,1182,2,38,FALSE,fernando_luiz_rosa,fernando_luiz_rosa
2020-21,267,Claudio Bravo,claudio bravo,bravo_claudio,Man City,GK,38,0,2,38,FALSE,bravo_claudio,bravo_claudio
2020-21,268,Sergio Agüero,sergio aguero,aguero_sergio,Man City,FWD,38,554,2,38,FALSE,aguero_sergio,aguero_sergio
2020-21,269,Nicolás Otamendi,nicolas otamendi,nicolas_otamendi,Man City,DEF,38,0,2,38,FALSE,nicolas_otamendi,nicolas_otamendi
2020-21,270,Kyle Walker,kyle walker,kyle_walker,Man City,DEF,38,1944,2,38,FALSE,kyle_walker,kyle_walker
2020-21,271,Ilkay Gündogan,ilkay gundogan,gundogan_ilkay,Man City,MID,38,2025,2,38,FALSE,gundogan_ilkay,gundogan_ilkay
2020-21,272,Kevin De Bruyne,kevin de bruyne,bruyne_de_kevin,Man City,MID,38,1995,2,38,FALSE,bruyne_de_kevin,bruyne_de_kevin
2020-21,273,John Stones,john stones,john_stones,Man City,DEF,38,1933,2,38,FALSE,john_stones,john_stones
2020-21,274,Benjamin Mendy,benjamin mendy,benjamin_mendy,Man City,DEF,38,951,2,38,FALSE,benjamin_mendy,benjamin_mendy
2020-21,275,Riyad Mahrez,riyad mahrez,mahrez_riyad,Man City,MID,38,1945,2,38,FALSE,mahrez_riyad,mahrez_riyad
2020-21,276,Raheem Sterling,raheem sterling,raheem_sterling,Man City,MID,38,2534,2,38,FALSE,raheem_sterling,raheem_sterling
2020-21,277,João Pedro Cavaco Cancelo,joao pedro cavaco cancelo,cancelo_cavaco_joao_pedro,Man City,DEF,38,2298,2,38,FALSE,cancelo_cavaco_joao_pedro,cancelo_cavaco_joao_pedro
2020-21,278,Ederson Santana de Moraes,ederson santana de moraes,de_ederson_moraes_santana,Man City,GK,38,3240,2,38,FALSE,de_ederson_moraes_santana,de_ederson_moraes_santana
2020-21,279,Nathan Aké,nathan ake,ake_nathan,Man City,DEF,38,797,2,38,FALSE,ake_nathan,ake_nathan
2020-21,280,Aymeric Laporte,aymeric laporte,aymeric_laporte,Man City,DEF,38,1343,2,38,FALSE,aymeric_laporte,aymeric_laporte
2020-21,281,Bernardo Mota Veiga de Carvalho e Silva,bernardo mota veiga de carvalho e silva,bernardo_carvalho_de_e_mota_silva_veiga,Man City,MID,38,2063,2,38,FALSE,bernardo_carvalho_de_e_mota_silva_veiga,bernardo_carvalho_de_e_mota_silva_veiga
2020-21,282,Gabriel Fernando de Jesus,gabriel fernando de jesus,de_fernando_gabriel_jesus,Man City,FWD,38,2056,2,38,FALSE,de_fernando_gabriel_jesus,de_fernando_gabriel_jesus
2020-21,283,Oleksandr Zinchenko,oleksandr zinchenko,oleksandr_zinchenko,Man City,DEF,38,1473,2,38,FALSE,oleksandr_zinchenko,oleksandr_zinchenko
2020-21,284,Phil Foden,phil foden,foden_phil,Man City,MID,38,1607,2,38,FALSE,foden_phil,foden_phil
2020-21,285,Tommy Doyle,tommy doyle,doyle_tommy,Man City,MID,38,0,2,38,FALSE,doyle_tommy,doyle_tommy
2020-21,286,Rodrigo Hernandez,rodrigo hernandez,hernandez_rodrigo,Man City,MID,38,2747,2,38,FALSE,hernandez_rodrigo,hernandez_rodrigo
2020-21,287,Ferran Torres,ferran torres,ferran_torres,Man City,MID,38,1297,2,38,FALSE,ferran_torres,ferran_torres
2020-21,288,Eric Garcia,eric garcia,eric_garcia,Man City,DEF,38,380,2,38,FALSE,eric_garcia,eric_garcia
2020-21,289,Sergio Romero,sergio romero,romero_sergio,Man Utd,GK,38,0,2,38,FALSE,romero_sergio,romero_sergio
2020-21,290,Juan Mata,juan mata,juan_mata,Man Utd,MID,38,507,2,38,FALSE,juan_mata,juan_mata
2020-21,291,David de Gea,david de gea,david_de_gea,Man Utd,GK,38,2295,2,38,FALSE,david_de_gea,david_de_gea
2020-21,292,Chris Smalling,chris smalling,chris_smalling,Man Utd,DEF,38,0,2,38,FALSE,chris_smalling,chris_smalling
2020-21,293,Odion Ighalo,odion ighalo,ighalo_odion,Man Utd,FWD,38,9,2,38,FALSE,ighalo_odion,ighalo_odion
2020-21,294,Marcos Rojo,marcos rojo,marcos_rojo,Man Utd,DEF,38,0,2,38,FALSE,marcos_rojo,marcos_rojo
2020-21,295,Nemanja Matic,nemanja matic,matic_nemanja,Man Utd,MID,38,1101,2,38,FALSE,matic_nemanja,matic_nemanja
2020-21,296,Paul Pogba,paul pogba,paul_pogba,Man Utd,MID,38,1892,2,38,FALSE,paul_pogba,paul_pogba
2020-21,297,Phil Jones,phil jones,jones_phil,Man Utd,DEF,38,0,2,38,FALSE,jones_phil,jones_phil
2020-21,298,Harry Maguire,harry maguire,harry_maguire,Man Utd,DEF,38,3047,2,38,FALSE,harry_maguire,harry_maguire
2020-21,299,Frederico Rodrigues de Paula Santos,frederico rodrigues de paula santos,de_frederico_paula_rodrigues_santos,Man Utd,MID,38,2389,2,38,FALSE,de_frederico_paula_rodrigues_santos,de_frederico_paula_rodrigues_santos
2020-21,300,Luke Shaw,luke shaw,luke_shaw,Man Utd,DEF,38,2653,2,38,FALSE,luke_shaw,luke_shaw
2020-21,301,Jesse Lingard,jesse lingard,jesse_lingard,Man Utd/West Ham,MID,38,1423,2,38,FALSE,jesse_lingard,jesse_lingard
2020-21,302,Bruno Miguel Borges Fernandes,bruno miguel borges fernandes,borges_bruno_fernandes_miguel,Man Utd,MID,38,3101,2,38,FALSE,borges_bruno_fernandes_miguel,borges_bruno_fernandes_miguel
2020-21,303,Anthony Martial,anthony martial,anthony_martial,Man Utd,FWD,38,1477,2,38,FALSE,anthony_martial,anthony_martial
2020-21,304,Andreas Pereira,andreas pereira,andreas_pereira,Man Utd,MID,38,0,2,38,FALSE,andreas_pereira,andreas_pereira
2020-21,305,Dean Henderson,dean henderson,dean_henderson,Man Utd,GK,38,1125,2,38,FALSE,dean_henderson,dean_henderson
2020-21,306,Marcus Rashford,marcus rashford,marcus_rashford,Man Utd,MID,38,2917,2,38,FALSE,marcus_rashford,marcus_rashford
2020-21,307,Axel Tuanzebe,axel tuanzebe,axel_tuanzebe,Man Utd,DEF,38,402,2,38,FALSE,axel_tuanzebe,axel_tuanzebe
2020-21,308,Victor Lindelöf,victor lindelof,lindelof_victor,Man Utd,DEF,38,2585,2,38,FALSE,lindelof_victor,lindelof_victor
2020-21,309,Scott McTominay,scott mctominay,mctominay_scott,Man Utd,MID,38,2124,2,38,FALSE,mctominay_scott,mctominay_scott
2020-21,310,Eric Bailly,eric bailly,bailly_eric,Man Utd,DEF,38,915,2,38,FALSE,bailly_eric,bailly_eric
2020-21,311,Daniel James,daniel james,daniel_james,Man Utd,MID,38,907,2,38,FALSE,daniel_james,daniel_james
2020-21,312,Timothy Fosu-Mensah,timothy fosu mensah,fosu_mensah_timothy,Man Utd,DEF,38,80,2,38,FALSE,fosu_mensah_timothy,fosu_mensah_timothy
2020-21,313,Aaron Wan-Bissaka,aaron wan bissaka,aaron_bissaka_wan,Man Utd,DEF,38,3060,2,38,FALSE,aaron_bissaka_wan,aaron_bissaka_wan
2020-21,314,José Diogo Dalot Teixeira,jose diogo dalot teixeira,dalot_diogo_jose_teixeira,Man Utd,DEF,38,0,2,38,FALSE,dalot_diogo_jose_teixeira,dalot_diogo_jose_teixeira
2020-21,315,Mason Greenwood,mason greenwood,greenwood_mason,Man Utd,MID,38,1813,2,38,FALSE,greenwood_mason,greenwood_mason
2020-21,316,Tahith Chong,tahith chong,chong_tahith,Man Utd,MID,38,0,2,38,FALSE,chong_tahith,chong_tahith
2020-21,317,James Garner,james garner,garner_james,Man Utd,MID,38,0,2,38,FALSE,garner_james,garner_james
2020-21,318,Brandon Williams,brandon williams,brandon_williams,Man Utd,DEF,38,187,2,38,FALSE,brandon_williams,brandon_williams
2020-21,319,Teden Mengi,teden mengi,mengi_teden,Man Utd,DEF,38,0,2,38,FALSE,mengi_teden,mengi_teden
2020-21,320,Andy Carroll,andy carroll,andy_carroll,Newcastle,FWD,38,380,1,38,FALSE,andy_carroll,andy_carroll
2020-21,321,Jonjo Shelvey,jonjo shelvey,jonjo_shelvey,Newcastle,MID,38,2616,1,38,FALSE,jonjo_shelvey,jonjo_shelvey
2020-21,322,Matt Ritchie,matt ritchie,matt_ritchie,Newcastle,MID,38,1347,1,38,FALSE,matt_ritchie,matt_ritchie
2020-21,323,Federico Fernández,federico fernandez,federico_fernandez,Newcastle,DEF,38,2080,1,38,FALSE,federico_fernandez,federico_fernandez
2020-21,324,Ciaran Clark,ciaran clark,ciaran_clark,Newcastle,DEF,38,1890,1,38,FALSE,ciaran_clark,ciaran_clark
2020-21,325,Karl Darlow,karl darlow,darlow_karl,Newcastle,GK,38,2250,1,38,FALSE,darlow_karl,darlow_karl
2020-21,326,Martin Dubravka,martin dubravka,dubravka_martin,Newcastle,GK,38,1170,1,38,FALSE,dubravka_martin,dubravka_martin
2020-21,327,Florian Lejeune,florian lejeune,florian_lejeune,Newcastle,DEF,38,0,1,38,FALSE,florian_lejeune,florian_lejeune
2020-21,328,Jamaal Lascelles,jamaal lascelles,jamaal_lascelles,Newcastle,DEF,38,1625,1,38,FALSE,jamaal_lascelles,jamaal_lascelles
2020-21,329,Dwight Gayle,dwight gayle,dwight_gayle,Newcastle,FWD,38,501,1,38,FALSE,dwight_gayle,dwight_gayle
2020-21,330,Christian Atsu,christian atsu,atsu_christian,Newcastle,MID,38,0,1,38,FALSE,atsu_christian,atsu_christian
2020-21,331,Paul Dummett,paul dummett,dummett_paul,Newcastle,DEF,38,1254,1,38,FALSE,dummett_paul,dummett_paul
2020-21,332,Javier Manquillo,javier manquillo,javier_manquillo,Newcastle,DEF,38,822,1,38,FALSE,javier_manquillo,javier_manquillo
2020-21,333,Emil Krafth,emil krafth,emil_krafth,Newcastle,DEF,38,1286,1,38,FALSE,emil_krafth,emil_krafth
2020-21,334,Fabian Schär,fabian schar,fabian_schar,Newcastle,DEF,38,1255,1,38,FALSE,fabian_schar,fabian_schar
2020-21,335,DeAndre Yedlin,deandre yedlin,deandre_yedlin,Newcastle,DEF,38,435,1,38,FALSE,deandre_yedlin,deandre_yedlin
2020-21,336,Isaac Hayden,isaac hayden,hayden_isaac,Newcastle,MID,38,1942,1,38,FALSE,hayden_isaac,hayden_isaac
2020-21,337,Rolando Aarons,rolando aarons,aarons_rolando,Newcastle,MID,38,0,1,38,FALSE,aarons_rolando,aarons_rolando
2020-21,338,Allan Saint-Maximin,allan saint maximin,allan_maximin_saint,Newcastle,MID,38,1554,1,38,FALSE,allan_maximin_saint,allan_maximin_saint
2020-21,339,Miguel Almirón,miguel almiron,almiron_miguel,Newcastle,MID,38,2426,1,38,FALSE,almiron_miguel,almiron_miguel
2020-21,340,Joelinton Cássio Apolinário de Lira,joelinton cassio apolinario de lira,apolinario_cassio_de_joelinton_lira,Newcastle,FWD,38,1979,1,38,FALSE,apolinario_cassio_de_joelinton_lira,apolinario_cassio_de_joelinton_lira
2020-21,341,Yoshinori Muto,yoshinori muto,muto_yoshinori,Newcastle,FWD,38,0,1,38,FALSE,muto_yoshinori,muto_yoshinori
2020-21,342,Kelland Watts,kelland watts,kelland_watts,Newcastle,DEF,38,0,1,38,FALSE,kelland_watts,kelland_watts
2020-21,343,Billy Sharp,billy sharp,billy_sharp,Sheffield Utd,FWD,38,725,1,38,FALSE,billy_sharp,billy_sharp
2020-21,344,David McGoldrick,david mcgoldrick,david_mcgoldrick,Sheffield Utd,FWD,38,2391,1,38,FALSE,david_mcgoldrick,david_mcgoldrick
2020-21,345,Chris Basham,chris basham,basham_chris,Sheffield Utd,DEF,38,2576,1,38,FALSE,basham_chris,basham_chris
2020-21,346,John Fleck,john fleck,fleck_john,Sheffield Utd,MID,38,2573,1,38,FALSE,fleck_john,fleck_john
2020-21,347,Enda Stevens,enda stevens,enda_stevens,Sheffield Utd,DEF,38,2700,1,38,FALSE,enda_stevens,enda_stevens
2020-21,348,Simon Moore,simon moore,moore_simon,Sheffield Utd,GK,38,0,1,38,FALSE,moore_simon,moore_simon
2020-21,349,Oliver Norwood,oliver norwood,norwood_oliver,Sheffield Utd,MID,38,2214,1,38,FALSE,norwood_oliver,norwood_oliver
2020-21,350,Wes Foderingham,wes foderingham,foderingham_wes,Sheffield Utd,GK,38,0,1,38,FALSE,foderingham_wes,foderingham_wes
2020-21,351,George Baldock,george baldock,baldock_george,Sheffield Utd,DEF,38,2787,1,38,FALSE,baldock_george,baldock_george
2020-21,352,Jack Robinson,jack robinson,jack_robinson,Sheffield Utd,DEF,38,875,1,38,FALSE,jack_robinson,jack_robinson
2020-21,353,John Egan,john egan,egan_john,Sheffield Utd,DEF,38,2628,1,38,FALSE,egan_john,egan_john
2020-21,354,Jack O'Connell,jack o connell,connell_jack_o,Sheffield Utd,DEF,38,180,1,38,FALSE,connell_jack_o,connell_jack_o
2020-21,355,John Lundstram,john lundstram,john_lundstram,Sheffield Utd,MID,38,2027,1,38,FALSE,john_lundstram,john_lundstram
2020-21,356,Ben Osborn,ben osborn,ben_osborn,Sheffield Utd,MID,38,1599,1,38,FALSE,ben_osborn,ben_osborn
2020-21,357,Oliver McBurnie,oliver mcburnie,mcburnie_oliver,Sheffield Utd,FWD,38,1316,1,38,FALSE,mcburnie_oliver,mcburnie_oliver
2020-21,358,Callum Robinson,callum robinson,callum_robinson,West Brom,FWD,38,1552,1,38,FALSE,callum_robinson,callum_robinson
2020-21,359,Lys Mousset,lys mousset,lys_mousset,Sheffield Utd,FWD,38,287,1,38,FALSE,lys_mousset,lys_mousset
2020-21,360,Sander Berge,sander berge,berge_sander,Sheffield Utd,MID,38,1119,1,38,FALSE,berge_sander,berge_sander
2020-21,361,Shane Long,shane long,long_shane,Southampton,FWD,38,201,1,38,FALSE,long_shane,long_shane
2020-21,362,Ryan Bertrand,ryan bertrand,bertrand_ryan,Southampton,DEF,38,2598,1,38,FALSE,bertrand_ryan,bertrand_ryan
2020-21,363,Alex McCarthy,alex mccarthy,alex_mccarthy,Southampton,GK,38,2700,1,38,FALSE,alex_mccarthy,alex_mccarthy
2020-21,364,Oriol Romeu Vidal,oriol romeu vidal,oriol_romeu_vidal,Southampton,MID,38,1762,1,38,FALSE,oriol_romeu_vidal,oriol_romeu_vidal
2020-21,365,Nathan Redmond,nathan redmond,nathan_redmond,Southampton,MID,38,1727,1,38,FALSE,nathan_redmond,nathan_redmond
2020-21,366,Danny Ings,danny ings,danny_ings,Southampton,FWD,38,2172,1,38,FALSE,danny_ings,danny_ings
2020-21,367,Jack Stephens,jack stephens,jack_stephens,Southampton,DEF,38,1537,1,38,FALSE,jack_stephens,jack_stephens
2020-21,368,Stuart Armstrong,stuart armstrong,armstrong_stuart,Southampton,MID,38,2764,1,38,FALSE,armstrong_stuart,armstrong_stuart
2020-21,369,Jannik Vestergaard,jannik vestergaard,jannik_vestergaard,Southampton,DEF,38,2574,1,38,FALSE,jannik_vestergaard,jannik_vestergaard
2020-21,370,James Ward-Prowse,james ward prowse,james_prowse_ward,Southampton,MID,38,3420,1,38,FALSE,james_prowse_ward,james_prowse_ward
2020-21,371,Angus Gunn,angus gunn,angus_gunn,Southampton,GK,38,0,1,38,FALSE,angus_gunn,angus_gunn
2020-21,372,Sofiane Boufal,sofiane boufal,boufal_sofiane,Southampton,MID,38,0,1,38,FALSE,boufal_sofiane,boufal_sofiane
2020-21,373,Harrison Reed,harrison reed,harrison_reed,Fulham,MID,38,2243,1,38,FALSE,harrison_reed,harrison_reed
2020-21,374,Josh Sims,josh sims,josh_sims,Southampton,MID,38,0,1,38,FALSE,josh_sims,josh_sims
2020-21,375,Kyle Walker-Peters,kyle walker peters,kyle_peters_walker,Southampton,DEF,38,2646,1,38,FALSE,kyle_peters_walker,kyle_peters_walker
2020-21,376,Jan Bednarek,jan bednarek,bednarek_jan,Southampton,DEF,38,3100,1,38,FALSE,bednarek_jan,bednarek_jan
2020-21,377,Che Adams,che adams,adams_che,Southampton,FWD,38,2662,1,38,FALSE,adams_che,adams_che
2020-21,378,Yan Valery,yan valery,valery_yan,Southampton,DEF,38,101,1,38,FALSE,valery_yan,valery_yan
2020-21,379,William Smallbone,william smallbone,smallbone_william,Southampton,MID,38,171,1,38,FALSE,smallbone_william,smallbone_william
2020-21,380,Jake Vokins,jake vokins,jake_vokins,Southampton,DEF,38,66,1,38,FALSE,jake_vokins,jake_vokins
2020-21,381,Michael Obafemi,michael obafemi,michael_obafemi,Southampton,FWD,38,57,1,38,FALSE,michael_obafemi,michael_obafemi
2020-21,382,Moussa Djenepo,moussa djenepo,djenepo_moussa,Southampton,MID,38,1229,1,38,FALSE,djenepo_moussa,djenepo_moussa
2020-21,383,Hugo Lloris,hugo lloris,hugo_lloris,Spurs,GK,38,3420,1,38,FALSE,hugo_lloris,hugo_lloris
2020-21,384,Danny Rose,danny rose,danny_rose,Spurs,DEF,38,0,1,38,FALSE,danny_rose,danny_rose
2020-21,385,Moussa Sissoko,moussa sissoko,moussa_sissoko,Spurs,MID,38,1576,1,38,FALSE,moussa_sissoko,moussa_sissoko
2020-21,386,Toby Alderweireld,toby alderweireld,alderweireld_toby,Spurs,DEF,38,2240,1,38,FALSE,alderweireld_toby,alderweireld_toby
2020-21,387,Erik Lamela,erik lamela,erik_lamela,Spurs,MID,38,700,1,38,FALSE,erik_lamela,erik_lamela
2020-21,388,Harry Kane,harry kane,harry_kane,Spurs,FWD,38,3083,1,38,FALSE,harry_kane,harry_kane
2020-21,389,Serge Aurier,serge aurier,aurier_serge,Spurs,DEF,38,1605,1,38,FALSE,aurier_serge,aurier_serge
2020-21,390,Heung-Min Son,heung min son,heung_min_son,Spurs,MID,38,3119,1,38,FALSE,heung_min_son,heung_min_son
2020-21,391,Eric Dier,eric dier,dier_eric,Spurs,DEF,38,2520,1,38,FALSE,dier_eric,dier_eric
2020-21,392,Lucas Rodrigues Moura da Silva,lucas rodrigues moura da silva,da_lucas_moura_rodrigues_silva,Spurs,MID,38,1397,1,38,FALSE,da_lucas_moura_rodrigues_silva,da_lucas_moura_rodrigues_silva
2020-21,393,Paulo Gazzaniga,paulo gazzaniga,gazzaniga_paulo,Spurs,GK,38,0,1,38,FALSE,gazzaniga_paulo,gazzaniga_paulo
2020-21,394,Bamidele Alli,bamidele alli,alli_bamidele,Spurs,MID,38,613,1,38,FALSE,alli_bamidele,alli_bamidele
2020-21,395,Ben Davies,ben davies,ben_davies,Spurs,DEF,38,1340,1,38,TRUE,ben_davies__def__spurs,ben_davies__def__spurs
2020-21,396,Pierre-Emile Højbjerg,pierre emile hojbjerg,emile_hojbjerg_pierre,Spurs,MID,38,3420,1,38,FALSE,emile_hojbjerg_pierre,emile_hojbjerg_pierre
2020-21,397,Harry Winks,harry winks,harry_winks,Spurs,MID,38,856,1,38,FALSE,harry_winks,harry_winks
2020-21,398,Davinson Sánchez,davinson sanchez,davinson_sanchez,Spurs,DEF,38,1486,1,38,FALSE,davinson_sanchez,davinson_sanchez
2020-21,399,Ryan Sessegnon,ryan sessegnon,ryan_sessegnon,Spurs,DEF,38,0,1,38,FALSE,ryan_sessegnon,ryan_sessegnon
2020-21,400,Steven Bergwijn,steven bergwijn,bergwijn_steven,Spurs,MID,38,1202,1,38,FALSE,bergwijn_steven,bergwijn_steven
2020-21,401,Gedson Carvalho Fernandes,gedson carvalho fernandes,carvalho_fernandes_gedson,Spurs,MID,38,0,1,38,FALSE,carvalho_fernandes_gedson,carvalho_fernandes_gedson
2020-21,402,Japhet Tanganga,japhet tanganga,japhet_tanganga,Spurs,DEF,38,487,1,38,FALSE,japhet_tanganga,japhet_tanganga
2020-21,403,Giovani Lo Celso,giovani lo celso,celso_giovani_lo,Spurs,MID,38,939,1,38,FALSE,celso_giovani_lo,celso_giovani_lo
2020-21,404,Oliver Skipp,oliver skipp,oliver_skipp,Spurs,MID,38,0,1,38,FALSE,oliver_skipp,oliver_skipp
2020-21,405,Tanguy Ndombele,tanguy ndombele,ndombele_tanguy,Spurs,MID,38,2086,1,38,FALSE,ndombele_tanguy,ndombele_tanguy
2020-21,406,Juan Foyth,juan foyth,foyth_juan,Spurs,DEF,38,0,1,38,FALSE,foyth_juan,foyth_juan
2020-21,407,Kieran Gibbs,kieran gibbs,gibbs_kieran,West Brom,DEF,38,810,1,38,FALSE,gibbs_kieran,gibbs_kieran
2020-21,408,Hal Robson-Kanu,hal robson kanu,hal_kanu_robson,West Brom,FWD,38,544,1,38,FALSE,hal_kanu_robson,hal_kanu_robson
2020-21,409,Jake Livermore,jake livermore,jake_livermore,West Brom,MID,38,1241,1,38,FALSE,jake_livermore,jake_livermore
2020-21,410,Kamil Grosicki,kamil grosicki,grosicki_kamil,West Brom,MID,38,147,1,38,FALSE,grosicki_kamil,grosicki_kamil
2020-21,411,Matt Phillips,matt phillips,matt_phillips,West Brom,MID,38,1815,1,38,FALSE,matt_phillips,matt_phillips
2020-21,412,Kyle Bartley,kyle bartley,bartley_kyle,West Brom,DEF,38,2583,1,38,FALSE,bartley_kyle,bartley_kyle
2020-21,413,Romaine Sawyers,romaine sawyers,romaine_sawyers,West Brom,MID,38,1486,1,38,FALSE,romaine_sawyers,romaine_sawyers
2020-21,414,Ahmed El-Sayed Hegazy,ahmed el sayed hegazy,ahmed_el_hegazy_sayed,West Brom,DEF,38,90,1,38,FALSE,ahmed_el_hegazy_sayed,ahmed_el_hegazy_sayed
2020-21,415,Charlie Austin,charlie austin,austin_charlie,West Brom,FWD,38,135,1,38,FALSE,austin_charlie,austin_charlie
2020-21,416,Kenneth Zohore,kenneth zohore,kenneth_zohore,West Brom,FWD,38,0,1,38,FALSE,kenneth_zohore,kenneth_zohore
2020-21,417,Sam Johnstone,sam johnstone,johnstone_sam,West Brom,GK,38,3330,1,38,FALSE,johnstone_sam,johnstone_sam
2020-21,418,Conor Townsend,conor townsend,conor_townsend,West Brom,DEF,38,2234,1,38,FALSE,conor_townsend,conor_townsend
2020-21,419,Oluwasemilogo Adesewo Ibidapo Ajayi,oluwasemilogo adesewo ibidapo ajayi,adesewo_ajayi_ibidapo_oluwasemilogo,West Brom,DEF,38,2779,1,38,FALSE,adesewo_ajayi_ibidapo_oluwasemilogo,adesewo_ajayi_ibidapo_oluwasemilogo
2020-21,420,Jonathan Leko,jonathan leko,jonathan_leko,West Brom,MID,38,0,1,38,FALSE,jonathan_leko,jonathan_leko
2020-21,421,Kyle Edwards,kyle edwards,edwards_kyle,West Brom,MID,38,114,1,38,FALSE,edwards_kyle,edwards_kyle
2020-21,422,Darnell Furlong,darnell furlong,darnell_furlong,West Brom,DEF,38,2931,1,38,FALSE,darnell_furlong,darnell_furlong
2020-21,423,Sam Field,sam field,field_sam,West Brom,MID,38,61,1,38,FALSE,field_sam,field_sam
2020-21,424,Oliver Burke,oliver burke,burke_oliver,Sheffield Utd,MID,38,1260,1,38,FALSE,burke_oliver,burke_oliver
2020-21,425,Dara O'Shea,dara o shea,dara_o_shea,West Brom,DEF,38,2099,1,38,FALSE,dara_o_shea,dara_o_shea
2020-21,426,Rekeem Harper,rekeem harper,harper_rekeem,West Brom,MID,38,30,1,38,FALSE,harper_rekeem,harper_rekeem
2020-21,427,Mark Noble,mark noble,mark_noble,West Ham,MID,38,701,1,38,FALSE,mark_noble,mark_noble
2020-21,428,Robert Snodgrass,robert snodgrass,robert_snodgrass,West Brom/West Ham,MID,38,528,1,38,FALSE,robert_snodgrass,robert_snodgrass
2020-21,429,David Martin,david martin,david_martin,West Ham,GK,38,0,1,38,FALSE,david_martin,david_martin
2020-21,430,Darren Randolph,darren randolph,darren_randolph,West Ham,GK,38,270,1,38,FALSE,darren_randolph,darren_randolph
2020-21,431,Lukasz Fabianski,lukasz fabianski,fabianski_lukasz,West Ham,GK,38,3150,1,38,FALSE,fabianski_lukasz,fabianski_lukasz
2020-21,432,Angelo Ogbonna,angelo ogbonna,angelo_ogbonna,West Ham,DEF,38,2492,1,38,FALSE,angelo_ogbonna,angelo_ogbonna
2020-21,433,Roberto Jimenez Gago,roberto jimenez gago,gago_jimenez_roberto,West Ham,GK,38,0,1,38,FALSE,gago_jimenez_roberto,gago_jimenez_roberto
2020-21,434,Jack Wilshere,jack wilshere,jack_wilshere,West Ham,MID,38,0,1,38,FALSE,jack_wilshere,jack_wilshere
2020-21,435,Aaron Cresswell,aaron cresswell,aaron_cresswell,West Ham,DEF,38,3170,1,38,FALSE,aaron_cresswell,aaron_cresswell
2020-21,436,Andriy Yarmolenko,andriy yarmolenko,andriy_yarmolenko,West Ham,MID,38,362,1,38,FALSE,andriy_yarmolenko,andriy_yarmolenko
2020-21,437,Michail Antonio,michail antonio,antonio_michail,West Ham,FWD,38,1972,1,38,FALSE,antonio_michail,antonio_michail
2020-21,438,Ryan Fredericks,ryan fredericks,fredericks_ryan,West Ham,DEF,38,564,1,38,FALSE,fredericks_ryan,fredericks_ryan
2020-21,439,Manuel Lanzini,manuel lanzini,lanzini_manuel,West Ham,MID,38,556,1,38,FALSE,lanzini_manuel,lanzini_manuel
2020-21,440,Felipe Anderson Pereira Gomes,felipe anderson pereira gomes,anderson_felipe_gomes_pereira,West Ham,MID,38,2,1,38,FALSE,anderson_felipe_gomes_pereira,anderson_felipe_gomes_pereira
2020-21,441,Sébastien Haller,sebastien haller,haller_sebastien,West Ham,FWD,38,932,1,38,FALSE,haller_sebastien,haller_sebastien
2020-21,442,Arthur Masuaku,arthur masuaku,arthur_masuaku,West Ham,DEF,38,1006,1,38,FALSE,arthur_masuaku,arthur_masuaku
2020-21,443,Fabián Balbuena,fabian balbuena,balbuena_fabian,West Ham,DEF,38,1197,1,38,FALSE,balbuena_fabian,balbuena_fabian
2020-21,444,Jordan Hugill,jordan hugill,hugill_jordan,West Ham,FWD,38,0,1,38,FALSE,hugill_jordan,hugill_jordan
2020-21,445,Jarrod Bowen,jarrod bowen,bowen_jarrod,West Ham,MID,38,2556,1,38,FALSE,bowen_jarrod,bowen_jarrod
2020-21,446,Grady Diangana,grady diangana,diangana_grady,West Brom,MID,38,1230,1,38,FALSE,diangana_grady,diangana_grady
2020-21,447,Albian Ajeti,albian ajeti,ajeti_albian,West Ham,FWD,38,0,1,38,FALSE,ajeti_albian,ajeti_albian
2020-21,448,Declan Rice,declan rice,declan_rice,West Ham,MID,38,2880,1,38,FALSE,declan_rice,declan_rice
2020-21,449,Tomas Soucek,tomas soucek,soucek_tomas,West Ham,MID,38,3420,1,38,FALSE,soucek_tomas,soucek_tomas
2020-21,450,Pablo Fornals,pablo fornals,fornals_pablo,West Ham,MID,38,2571,1,38,FALSE,fornals_pablo,fornals_pablo
2020-21,451,Issa Diop,issa diop,diop_issa,West Ham,DEF,38,1379,1,38,FALSE,diop_issa,diop_issa
2020-21,452,Ben Johnson,ben johnson,ben_johnson,West Ham,DEF,38,516,1,38,FALSE,ben_johnson,ben_johnson
2020-21,453,John Ruddy,john ruddy,john_ruddy,Wolves,GK,38,91,1,38,FALSE,john_ruddy,john_ruddy
2020-21,454,João Filipe Iria Santos Moutinho,joao filipe iria santos moutinho,filipe_iria_joao_moutinho_santos,Wolves,MID,38,2526,1,38,FALSE,filipe_iria_joao_moutinho_santos,filipe_iria_joao_moutinho_santos
2020-21,455,Rui Pedro dos Santos Patrício,rui pedro dos santos patricio,dos_patricio_pedro_rui_santos,Wolves,GK,38,3330,1,38,FALSE,dos_patricio_pedro_rui_santos,dos_patricio_pedro_rui_santos
2020-21,456,Ryan Bennett,ryan bennett,bennett_ryan,Wolves,DEF,38,0,1,38,FALSE,bennett_ryan,bennett_ryan
2020-21,457,Matt Doherty,matt doherty,doherty_matt,Spurs,DEF,38,1238,1,38,FALSE,doherty_matt,doherty_matt
2020-21,458,Willy Boly,willy boly,boly_willy,Wolves,DEF,38,1879,1,38,FALSE,boly_willy,boly_willy
2020-21,459,Conor Coady,conor coady,coady_conor,Wolves,DEF,38,3303,1,38,FALSE,coady_conor,coady_conor
2020-21,460,Raúl Jiménez,raul jimenez,jimenez_raul,Wolves,FWD,38,824,1,38,FALSE,jimenez_raul,jimenez_raul
2020-21,461,Romain Saïss,romain saiss,romain_saiss,Wolves,DEF,38,2407,1,38,FALSE,romain_saiss,romain_saiss
2020-21,462,Jonathan Castro Otto,jonathan castro otto,castro_jonathan_otto,Wolves,DEF,38,496,1,38,FALSE,castro_jonathan_otto,castro_jonathan_otto
2020-21,463,Léo Bonatini,leo bonatini,bonatini_leo,Wolves,FWD,38,0,1,38,FALSE,bonatini_leo,bonatini_leo
2020-21,464,Leander Dendoncker,leander dendoncker,dendoncker_leander,Wolves,MID,38,2498,1,38,FALSE,dendoncker_leander,dendoncker_leander
2020-21,465,Adama Traoré,adama traore,adama_traore,Wolves,MID,38,2640,1,38,FALSE,adama_traore,adama_traore
2020-21,466,Rúben Diogo da Silva Neves,ruben diogo da silva neves,da_diogo_neves_ruben_silva,Wolves,MID,38,2670,1,38,FALSE,da_diogo_neves_ruben_silva,da_diogo_neves_ruben_silva
2020-21,467,Oskar Buur,oskar buur,buur_oskar,Wolves,DEF,38,22,1,38,FALSE,buur_oskar,buur_oskar
2020-21,468,Diogo Jota,diogo jota,diogo_jota,Liverpool/Wolves,MID,38,1106,1,38,FALSE,diogo_jota,diogo_jota
2020-21,469,Daniel Castelo Podence,daniel castelo podence,castelo_daniel_podence,Wolves,MID,38,1661,1,38,FALSE,castelo_daniel_podence,castelo_daniel_podence
2020-21,470,Max Kilman,max kilman,kilman_max,Wolves,DEF,38,1307,1,38,FALSE,kilman_max,kilman_max
2020-21,471,Rúben Gonçalo Silva Nascimento Vinagre,ruben goncalo silva nascimento vinagre,goncalo_nascimento_ruben_silva_vinagre,Wolves,DEF,38,172,1,38,FALSE,goncalo_nascimento_ruben_silva_vinagre,goncalo_nascimento_ruben_silva_vinagre
2020-21,472,Matija Sarkic,matija sarkic,matija_sarkic,Wolves,GK,38,0,1,38,FALSE,matija_sarkic,matija_sarkic
2020-21,473,Morgan Gibbs-White,morgan gibbs white,gibbs_morgan_white,Wolves,MID,38,407,1,38,FALSE,gibbs_morgan_white,gibbs_morgan_white
2020-21,474,Pedro Lomba Neto,pedro lomba neto,lomba_neto_pedro,Wolves,MID,38,2549,1,38,FALSE,lomba_neto_pedro,lomba_neto_pedro
2020-21,475,Bruno André Cavaco Jordao,bruno andre cavaco jordao,andre_bruno_cavaco_jordao,Wolves,MID,38,0,1,38,FALSE,andre_bruno_cavaco_jordao,andre_bruno_cavaco_jordao
2020-21,476,Leonardo Campana,leonardo campana,campana_leonardo,Wolves,FWD,38,0,1,38,FALSE,campana_leonardo,campana_leonardo
2020-21,477,Luke Freeman,luke freeman,freeman_luke,Sheffield Utd,MID,38,0,1,38,FALSE,freeman_luke,freeman_luke
2020-21,478,Willian Borges Da Silva,willian borges da silva,borges_da_silva_willian,Arsenal,MID,38,1398,1,38,FALSE,borges_da_silva_willian,borges_da_silva_willian
2020-21,479,Mohammed Salisu,mohammed salisu,mohammed_salisu,Southampton,DEF,38,841,1,38,FALSE,mohammed_salisu,mohammed_salisu
2020-21,480,Sean Longstaff,sean longstaff,longstaff_sean,Newcastle,MID,38,1405,1,38,FALSE,longstaff_sean,longstaff_sean
2020-21,481,Matheus Pereira,matheus pereira,matheus_pereira,West Brom,MID,38,2574,1,38,FALSE,matheus_pereira,matheus_pereira
2020-21,482,Joe Hart,joe hart,hart_joe,Spurs,GK,38,0,1,38,FALSE,hart_joe,hart_joe
2020-21,483,Aaron Ramsdale,aaron ramsdale,aaron_ramsdale,Sheffield Utd,GK,38,3420,1,38,FALSE,aaron_ramsdale,aaron_ramsdale
2020-21,484,Antonee Robinson,antonee robinson,antonee_robinson,Fulham,DEF,38,2159,1,38,FALSE,antonee_robinson,antonee_robinson
2020-21,485,Jeff Hendrick,jeff hendrick,hendrick_jeff,Newcastle,MID,38,1418,1,38,FALSE,hendrick_jeff,hendrick_jeff
2020-21,486,Scott Dann,scott dann,dann_scott,Crystal Palace,DEF,38,1350,1,38,FALSE,dann_scott,dann_scott
2020-21,487,Matthew Longstaff,matthew longstaff,longstaff_matthew,Newcastle,MID,38,376,1,38,FALSE,longstaff_matthew,longstaff_matthew
2020-21,488,Mark Gillespie,mark gillespie,gillespie_mark,Newcastle,GK,38,0,1,38,FALSE,gillespie_mark,gillespie_mark
2020-21,489,Eberechi Eze,eberechi eze,eberechi_eze,Crystal Palace,MID,38,2555,1,38,FALSE,eberechi_eze,eberechi_eze
2020-21,490,Thiago Thiago,thiago thiago,thiago_thiago,Chelsea,DEF,38,1935,1,38,FALSE,thiago_thiago,thiago_thiago
2020-21,491,Robin Koch,robin koch,koch_robin,Leeds,DEF,38,1130,1,38,FALSE,koch_robin,koch_robin
2020-21,492,Rodrigo Moreno,rodrigo moreno,moreno_rodrigo,Leeds,FWD,38,1279,1,38,FALSE,moreno_rodrigo,moreno_rodrigo
2020-21,493,Mario Lemina,mario lemina,lemina_mario,Fulham,MID,38,1696,1,38,FALSE,lemina_mario,lemina_mario
2020-21,494,Gabriel Magalhães,gabriel magalhaes,gabriel_magalhaes,Arsenal,DEF,38,1996,1,38,FALSE,gabriel_magalhaes,gabriel_magalhaes
2020-21,495,Donny van de Beek,donny van de beek,beek_de_donny_van,Man Utd,MID,38,511,2,38,FALSE,beek_de_donny_van,beek_de_donny_van
2020-21,496,Matthew Cash,matthew cash,cash_matthew,Aston Villa,DEF,38,2373,2,38,FALSE,cash_matthew,cash_matthew
2020-21,497,Jacob Murphy,jacob murphy,jacob_murphy,Newcastle,MID,38,1617,1,38,FALSE,jacob_murphy,jacob_murphy
2020-21,498,Timothy Castagne,timothy castagne,castagne_timothy,Leicester,DEF,38,2345,1,38,FALSE,castagne_timothy,castagne_timothy
2020-21,499,Cedric Kipre,cedric kipre,cedric_kipre,West Brom,DEF,38,0,1,38,FALSE,cedric_kipre,cedric_kipre
2020-21,500,Kai Havertz,kai havertz,havertz_kai,Chelsea,MID,38,1512,1,38,FALSE,havertz_kai,havertz_kai
2020-21,501,Daniel Ceballos Fernández,daniel ceballos fernandez,ceballos_daniel_fernandez,Arsenal,MID,38,1609,1,38,FALSE,ceballos_daniel_fernandez,ceballos_daniel_fernandez
2020-21,502,Allan Marques Loureiro,allan marques loureiro,allan_loureiro_marques,Everton,MID,38,2050,1,38,FALSE,allan_loureiro_marques,allan_loureiro_marques
2020-21,503,Christian Walton,christian walton,christian_walton,Brighton,GK,38,0,1,38,FALSE,christian_walton,christian_walton
2020-21,504,Fabio Silva,fabio silva,fabio_silva,Wolves,FWD,38,1352,1,38,FALSE,fabio_silva,fabio_silva
2020-21,505,Fernando Marçal,fernando marcal,fernando_marcal,Wolves,DEF,38,618,1,38,FALSE,fernando_marcal,fernando_marcal
2020-21,506,Callum Wilson,callum wilson,callum_wilson,Newcastle,FWD,38,2081,1,38,FALSE,callum_wilson,callum_wilson
2020-21,507,Ryan Fraser,ryan fraser,fraser_ryan,Newcastle,MID,38,922,1,38,FALSE,fraser_ryan,fraser_ryan
2020-21,508,James Rodríguez,james rodriguez,james_rodriguez,Everton,MID,38,1763,1,38,FALSE,james_rodriguez,james_rodriguez
2020-21,509,Ethan Ampadu,ethan ampadu,ampadu_ethan,Sheffield Utd,DEF,38,2087,1,38,FALSE,ampadu_ethan,ampadu_ethan
2020-21,510,Jayden Bogle,jayden bogle,bogle_jayden,Sheffield Utd,DEF,38,1107,1,38,FALSE,bogle_jayden,bogle_jayden
2020-21,511,Max Lowe,max lowe,lowe_max,Sheffield Utd,DEF,38,549,1,38,FALSE,lowe_max,lowe_max
2020-21,512,Abdoulaye Doucouré,abdoulaye doucoure,abdoulaye_doucoure,Everton,MID,38,2443,1,38,FALSE,abdoulaye_doucoure,abdoulaye_doucoure
2020-21,513,Jamal Lewis,jamal lewis,jamal_lewis,Newcastle,DEF,38,1833,1,38,FALSE,jamal_lewis,jamal_lewis
2020-21,514,Ollie Watkins,ollie watkins,ollie_watkins,Aston Villa,FWD,38,3328,2,38,FALSE,ollie_watkins,ollie_watkins
2020-21,515,Vitor Ferreira,vitor ferreira,ferreira_vitor,Wolves,MID,38,509,1,38,FALSE,ferreira_vitor,ferreira_vitor
2020-21,516,Alphonse Areola,alphonse areola,alphonse_areola,Fulham,GK,38,3240,1,38,FALSE,alphonse_areola,alphonse_areola
2020-21,517,Kenny Tete,kenny tete,kenny_tete,Fulham,DEF,38,1477,1,38,FALSE,kenny_tete,kenny_tete
2020-21,518,Nampalys Mendy,nampalys mendy,mendy_nampalys,Leicester,MID,38,1452,1,38,FALSE,mendy_nampalys,mendy_nampalys
2020-21,519,Jimmy Dunne,jimmy dunne,dunne_jimmy,Burnley,DEF,38,270,2,38,FALSE,dunne_jimmy,dunne_jimmy
2020-21,520,Bobby Thomas,bobby thomas,bobby_thomas,Burnley,DEF,38,0,2,38,FALSE,bobby_thomas,bobby_thomas
2020-21,521,Cameron Carter-Vickers,cameron carter vickers,cameron_carter_vickers,Spurs,DEF,38,0,1,38,FALSE,cameron_carter_vickers,cameron_carter_vickers
2020-21,522,Sam Woods,sam woods,sam_woods,Crystal Palace,DEF,38,0,1,38,FALSE,sam_woods,sam_woods
2020-21,523,Fraser Forster,fraser forster,forster_fraser,Southampton,GK,38,720,1,38,FALSE,forster_fraser,forster_fraser
2020-21,524,Nathan Tella,nathan tella,nathan_tella,Southampton,MID,38,735,1,38,FALSE,nathan_tella,nathan_tella
2020-21,525,Denis Odoi,denis odoi,denis_odoi,Fulham,DEF,38,270,1,38,FALSE,denis_odoi,denis_odoi
2020-21,526,Mohamed Naser El Sayed Elneny,mohamed naser el sayed elneny,el_elneny_mohamed_naser_sayed,Arsenal,MID,38,1538,1,38,FALSE,el_elneny_mohamed_naser_sayed,el_elneny_mohamed_naser_sayed
2020-21,527,Matt Macey,matt macey,macey_matt,Arsenal,GK,38,0,1,38,FALSE,macey_matt,macey_matt
2020-21,528,Jason Steele,jason steele,jason_steele,Brighton,GK,38,0,1,38,FALSE,jason_steele,jason_steele
2020-21,529,Phil Jagielka,phil jagielka,jagielka_phil,Sheffield Utd,DEF,38,524,1,38,FALSE,jagielka_phil,jagielka_phil
2020-21,530,Branislav Ivanovic,branislav ivanovic,branislav_ivanovic,West Brom,DEF,37,764,2,38,FALSE,branislav_ivanovic,branislav_ivanovic
2020-21,531,Thiago Alcántara do Nascimento,thiago alcantara do nascimento,alcantara_do_nascimento_thiago,Liverpool,MID,37,1851,2,38,FALSE,alcantara_do_nascimento_thiago,alcantara_do_nascimento_thiago
2020-21,532,Elia Caprile,elia caprile,caprile_elia,Leeds,GK,37,0,2,38,FALSE,caprile_elia,caprile_elia
2020-21,533,Mateusz Bogusz,mateusz bogusz,bogusz_mateusz,Leeds,MID,37,0,2,38,FALSE,bogusz_mateusz,bogusz_mateusz
2020-21,534,Ryan Inniss,ryan inniss,inniss_ryan,Crystal Palace,DEF,37,0,2,38,FALSE,inniss_ryan,inniss_ryan
2020-21,535,Josh Benson,josh benson,benson_josh,Burnley,MID,38,260,2,38,FALSE,benson_josh,benson_josh
2020-21,536,Anthony Driscoll-Glennon,anthony driscoll glennon,anthony_driscoll_glennon,Burnley,DEF,38,0,2,38,FALSE,anthony_driscoll_glennon,anthony_driscoll_glennon
2020-21,537,Adrián Bernabé,adrian bernabe,adrian_bernabe,Man City,MID,38,0,2,38,FALSE,adrian_bernabe,adrian_bernabe
2020-21,538,Zack Steffen,zack steffen,steffen_zack,Man City,GK,38,90,2,38,FALSE,steffen_zack,steffen_zack
2020-21,539,Liam Delap,liam delap,delap_liam,Man City,FWD,38,39,2,38,FALSE,delap_liam,delap_liam
2020-21,540,Bertrand Traoré,bertrand traore,bertrand_traore,Aston Villa,MID,37,2315,3,38,FALSE,bertrand_traore,bertrand_traore
2020-21,541,Cengiz Ünder,cengiz under,cengiz_under,Leicester,MID,36,275,3,38,FALSE,cengiz_under,cengiz_under
2020-21,542,Sergio Reguilón,sergio reguilon,reguilon_sergio,Spurs,DEF,36,2244,3,38,FALSE,reguilon_sergio,reguilon_sergio
2020-21,543,Gareth Bale,gareth bale,bale_gareth,Spurs,MID,36,912,3,38,FALSE,bale_gareth,bale_gareth
2020-21,544,Conor Gallagher,conor gallagher,conor_gallagher,West Brom,MID,36,2530,3,38,FALSE,conor_gallagher,conor_gallagher
2020-21,545,Ki-Jana Hoever,ki jana hoever,hoever_jana_ki,Wolves,DEF,36,573,3,38,FALSE,hoever_jana_ki,hoever_jana_ki
2020-21,546,Nélson Cabral Semedo,nelson cabral semedo,cabral_nelson_semedo,Wolves,DEF,36,2983,3,38,FALSE,cabral_nelson_semedo,cabral_nelson_semedo
2020-21,547,Rúnar Alex Rúnarsson,runar alex runarsson,alex_runar_runarsson,Arsenal,GK,36,15,3,38,FALSE,alex_runar_runarsson,alex_runar_runarsson
2020-21,548,Edouard Mendy,edouard mendy,edouard_mendy,Chelsea,GK,36,2745,3,38,FALSE,edouard_mendy,edouard_mendy
2020-21,549,Diego Llorente,diego llorente,diego_llorente,Leeds,DEF,36,1203,3,38,FALSE,diego_llorente,diego_llorente
2020-21,550,Jayson Molumby,jayson molumby,jayson_molumby,Brighton,MID,36,1,3,38,FALSE,jayson_molumby,jayson_molumby
2020-21,551,Mace Goodridge,mace goodridge,goodridge_mace,Burnley,MID,37,0,3,38,FALSE,goodridge_mace,goodridge_mace
2020-21,552,Cole Palmer,cole palmer,cole_palmer,Man City,MID,37,0,3,38,FALSE,cole_palmer,cole_palmer
2020-21,553,Meritan Shabani,meritan shabani,meritan_shabani,Wolves,MID,36,0,3,38,FALSE,meritan_shabani,meritan_shabani
2020-21,554,Jacob Ramsey,jacob ramsey,jacob_ramsey,Aston Villa,MID,37,611,3,38,FALSE,jacob_ramsey,jacob_ramsey
2020-21,555,Filip Krovinovic,filip krovinovic,filip_krovinovic,West Brom,MID,35,541,4,38,FALSE,filip_krovinovic,filip_krovinovic
2020-21,556,Rúben Santos Gato Alves Dias,ruben santos gato alves dias,alves_dias_gato_ruben_santos,Man City,DEF,36,2843,4,38,FALSE,alves_dias_gato_ruben_santos,alves_dias_gato_ruben_santos
2020-21,557,Ademola Lookman,ademola lookman,ademola_lookman,Fulham,MID,35,2746,4,38,FALSE,ademola_lookman,ademola_lookman
2020-21,558,Vladimir Coufal,vladimir coufal,coufal_vladimir,West Ham,DEF,35,3054,4,38,FALSE,coufal_vladimir,coufal_vladimir
2020-21,559,Niels Nkounkou,niels nkounkou,niels_nkounkou,Everton,DEF,35,80,4,38,FALSE,niels_nkounkou,niels_nkounkou
2020-21,560,Caoimhin Kelleher,caoimhin kelleher,caoimhin_kelleher,Liverpool,GK,35,180,4,38,FALSE,caoimhin_kelleher,caoimhin_kelleher
2020-21,561,Wesley Fofana,wesley fofana,fofana_wesley,Leicester,DEF,35,2260,4,38,FALSE,fofana_wesley,fofana_wesley
2020-21,562,Ola Aina,ola aina,aina_ola,Fulham,DEF,35,2664,4,38,FALSE,aina_ola,aina_ola
2020-21,563,Rayan Ait Nouri,rayan ait nouri,ait_nouri_rayan,Wolves,DEF,34,1400,5,38,FALSE,ait_nouri_rayan,ait_nouri_rayan
2020-21,564,Carlos Vinicius Alves Morais,carlos vinicius alves morais,alves_carlos_morais_vinicius,Spurs,FWD,34,305,5,38,FALSE,alves_carlos_morais_vinicius,alves_carlos_morais_vinicius
2020-21,565,Ibrahima Diallo,ibrahima diallo,diallo_ibrahima,Southampton,MID,34,1010,5,38,FALSE,diallo_ibrahima,diallo_ibrahima
2020-21,566,Ben Godfrey,ben godfrey,ben_godfrey,Everton,DEF,34,2683,5,38,FALSE,ben_godfrey,ben_godfrey
2020-21,567,Thomas Partey,thomas partey,partey_thomas,Arsenal,MID,34,1529,5,38,FALSE,partey_thomas,partey_thomas
2020-21,568,Alex Nicolao Telles,alex nicolao telles,alex_nicolao_telles,Man Utd,DEF,35,689,5,38,FALSE,alex_nicolao_telles,alex_nicolao_telles
2020-21,569,Edinson Cavani,edinson cavani,cavani_edinson,Man Utd,FWD,35,1364,5,38,FALSE,cavani_edinson,cavani_edinson
2020-21,570,Raphael Dias Belloli,raphael dias belloli,belloli_dias_raphael,Leeds,MID,34,2358,5,38,FALSE,belloli_dias_raphael,belloli_dias_raphael
2020-21,571,Joachim Andersen,joachim andersen,andersen_joachim,Fulham,DEF,34,2729,5,38,FALSE,andersen_joachim,andersen_joachim
2020-21,572,Tosin Adarabioyo,tosin adarabioyo,adarabioyo_tosin,Fulham,DEF,34,2953,5,38,FALSE,adarabioyo_tosin,adarabioyo_tosin
2020-21,573,Robin Olsen,robin olsen,olsen_robin,Everton,GK,34,630,5,38,FALSE,olsen_robin,olsen_robin
2020-21,574,Andi Zeqiri,andi zeqiri,andi_zeqiri,Brighton,FWD,34,164,5,38,FALSE,andi_zeqiri,andi_zeqiri
2020-21,575,Facundo Pellistri,facundo pellistri,facundo_pellistri,Man Utd,MID,35,0,5,38,FALSE,facundo_pellistri,facundo_pellistri
2020-21,576,Craig Dawson,craig dawson,craig_dawson,West Ham,DEF,34,1925,5,38,FALSE,craig_dawson,craig_dawson
2020-21,577,Nathaniel Clyne,nathaniel clyne,clyne_nathaniel,Crystal Palace,DEF,34,1145,5,38,FALSE,clyne_nathaniel,clyne_nathaniel
2020-21,578,Stephen Henderson,stephen henderson,henderson_stephen,Crystal Palace,GK,34,0,5,38,FALSE,henderson_stephen,henderson_stephen
2020-21,579,Islam Slimani,islam slimani,islam_slimani,Leicester,FWD,34,19,5,38,FALSE,islam_slimani,islam_slimani
2020-21,580,Michael Verrips,michael verrips,michael_verrips,Sheffield Utd,GK,34,0,5,38,FALSE,michael_verrips,michael_verrips
2020-21,581,Owen Otasowie,owen otasowie,otasowie_owen,Wolves,MID,34,185,5,38,FALSE,otasowie_owen,otasowie_owen
2020-21,582,Karlan Grant,karlan grant,grant_karlan,West Brom,FWD,34,1120,5,38,FALSE,grant_karlan,grant_karlan
2020-21,583,Will Norris,will norris,norris_will,Burnley,GK,35,180,5,38,FALSE,norris_will,norris_will
2020-21,584,Joe Rodon,joe rodon,joe_rodon,Spurs,DEF,33,732,6,38,FALSE,joe_rodon,joe_rodon
2020-21,585,Terence Kongolo,terence kongolo,kongolo_terence,Fulham,DEF,33,90,6,38,FALSE,kongolo_terence,kongolo_terence
2020-21,586,Jack Butland,jack butland,butland_jack,Crystal Palace,GK,33,90,6,38,FALSE,butland_jack,butland_jack
2020-21,587,Saïd Benrahma,said benrahma,benrahma_said,West Ham,MID,33,1376,6,38,FALSE,benrahma_said,benrahma_said
2020-21,588,Danny Welbeck,danny welbeck,danny_welbeck,Brighton,FWD,33,1541,6,38,FALSE,danny_welbeck,danny_welbeck
2020-21,589,Nathaniel Phillips,nathaniel phillips,nathaniel_phillips,Liverpool,DEF,33,1455,6,38,FALSE,nathaniel_phillips,nathaniel_phillips
2020-21,590,Daniel N'Lundulu,daniel n lundulu,daniel_lundulu_n,Southampton,FWD,33,102,6,38,FALSE,daniel_lundulu_n,daniel_lundulu_n
2020-21,591,Max Thompson,max thompson,max_thompson,Burnley,FWD,33,0,7,38,FALSE,max_thompson,max_thompson
2020-21,592,Lewis Richardson,lewis richardson,lewis_richardson,Burnley,FWD,33,3,7,38,FALSE,lewis_richardson,lewis_richardson
2020-21,593,Karlo Ziger,karlo ziger,karlo_ziger,Chelsea,GK,32,0,7,38,FALSE,karlo_ziger,karlo_ziger
2020-21,594,Rhys Williams,rhys williams,rhys_williams,Liverpool,DEF,32,659,7,38,FALSE,rhys_williams,rhys_williams
2020-21,595,James Trafford,james trafford,james_trafford,Man City,GK,33,0,7,38,FALSE,james_trafford,james_trafford
2020-21,596,Ellis Simms,ellis simms,ellis_simms,Everton,FWD,32,0,7,38,FALSE,ellis_simms,ellis_simms
2020-21,597,Robert Sánchez,robert sanchez,robert_sanchez,Brighton,GK,32,2430,7,38,FALSE,robert_sanchez,robert_sanchez
2020-21,598,Kayne Ramsay,kayne ramsay,kayne_ramsay,Southampton,DEF,31,90,8,38,FALSE,kayne_ramsay,kayne_ramsay
2020-21,599,Jack Jenkins,jack jenkins,jack_jenkins,Leeds,MID,31,0,8,38,FALSE,jack_jenkins,jack_jenkins
2020-21,600,Lee Peltier,lee peltier,lee_peltier,West Brom,DEF,31,228,8,38,FALSE,lee_peltier,lee_peltier
2020-21,601,Leighton Clarkson,leighton clarkson,clarkson_leighton,Liverpool,MID,30,0,9,38,FALSE,clarkson_leighton,clarkson_leighton
2020-21,602,Elliot Anderson,elliot anderson,anderson_elliot,Newcastle,MID,29,3,10,38,FALSE,anderson_elliot,anderson_elliot
2020-21,603,Kean Bryan,kean bryan,bryan_kean,Sheffield Utd,DEF,29,1003,10,38,FALSE,bryan_kean,bryan_kean
2020-21,604,Lee Grant,lee grant,grant_lee,Man Utd,GK,29,0,11,38,FALSE,grant_lee,grant_lee
2020-21,605,Faustino Anjorin,faustino anjorin,anjorin_faustino,Chelsea,MID,27,0,12,38,FALSE,anjorin_faustino,anjorin_faustino
2020-21,606,Daniel Langley,daniel langley,daniel_langley,Newcastle,GK,28,0,12,38,FALSE,daniel_langley,daniel_langley
2020-21,607,Jake Cain,jake cain,cain_jake,Liverpool,MID,27,0,12,38,FALSE,cain_jake,cain_jake
2020-21,608,Scott Carson,scott carson,carson_scott,Man City,GK,26,90,14,38,FALSE,carson_scott,carson_scott
2020-21,609,Felix Nmecha,felix nmecha,felix_nmecha,Man City,MID,26,0,14,38,FALSE,felix_nmecha,felix_nmecha
2020-21,610,Theo Corbeanu,theo corbeanu,corbeanu_theo,Wolves,MID,25,8,14,38,FALSE,corbeanu_theo,corbeanu_theo
2020-21,611,Taylor Perry,taylor perry,perry_taylor,Wolves,MID,25,0,14,38,FALSE,perry_taylor,perry_taylor
2020-21,612,Anthony Mancini,anthony mancini,anthony_mancini,Burnley,MID,25,0,15,38,FALSE,anthony_mancini,anthony_mancini
2020-21,613,Joel Mumbongo,joel mumbongo,joel_mumbongo,Burnley,FWD,25,37,15,38,FALSE,joel_mumbongo,joel_mumbongo
2020-21,614,Luke Cundle,luke cundle,cundle_luke,Wolves,MID,24,0,15,38,FALSE,cundle_luke,cundle_luke
2020-21,615,Lewis Richards,lewis richards,lewis_richards,Wolves,DEF,23,0,16,38,FALSE,lewis_richards,lewis_richards
2020-21,616,Christian Marques,christian marques,christian_marques,Wolves,DEF,23,0,16,38,FALSE,christian_marques,christian_marques
2020-21,617,Andreas Söndergaard,andreas sondergaard,andreas_sondergaard,Wolves,GK,22,0,17,38,FALSE,andreas_sondergaard,andreas_sondergaard
2020-21,618,Antwoine Hackford,antwoine hackford,antwoine_hackford,Sheffield Utd,FWD,22,10,17,38,FALSE,antwoine_hackford,antwoine_hackford
2020-21,619,Niall Huggins,niall huggins,huggins_niall,Leeds,FWD,22,37,17,38,FALSE,huggins_niall,huggins_niall
2020-21,620,Charlie Cresswell,charlie cresswell,charlie_cresswell,Leeds,DEF,22,0,17,38,FALSE,charlie_cresswell,charlie_cresswell
2020-21,621,Cheikh Diaby,cheikh diaby,cheikh_diaby,West Brom,FWD,22,0,17,38,FALSE,cheikh_diaby,cheikh_diaby
2020-21,622,Luke Mbete,luke mbete,luke_mbete,Man City,DEF,24,0,17,38,FALSE,luke_mbete,luke_mbete
2020-21,623,Taylor Harwood-Bellis,taylor harwood bellis,bellis_harwood_taylor,Man City,DEF,24,0,17,38,FALSE,bellis_harwood_taylor,bellis_harwood_taylor
2020-21,624,Kgaogelo Chauke,kgaogelo chauke,chauke_kgaogelo,Southampton,MID,22,0,17,38,FALSE,chauke_kgaogelo,chauke_kgaogelo
2020-21,625,Harry Lewis,harry lewis,harry_lewis,Southampton,GK,22,0,17,38,FALSE,harry_lewis,harry_lewis
2020-21,626,Patrick Cutrone,patrick cutrone,cutrone_patrick,Wolves,FWD,21,23,18,38,FALSE,cutrone_patrick,cutrone_patrick
2020-21,627,Percy Tau,percy tau,percy_tau,Brighton,MID,21,101,18,38,FALSE,percy_tau,percy_tau
2020-21,628,Jakub Moder,jakub moder,jakub_moder,Brighton,MID,21,643,18,38,FALSE,jakub_moder,jakub_moder
2020-21,629,Nigel Lonwijk,nigel lonwijk,lonwijk_nigel,Wolves,DEF,21,0,18,38,FALSE,lonwijk_nigel,lonwijk_nigel
2020-21,630,Reda Khadra,reda khadra,khadra_reda,Brighton,MID,21,4,18,38,FALSE,khadra_reda,khadra_reda
2020-21,631,Teddy Jenks,teddy jenks,jenks_teddy,Brighton,MID,21,0,18,38,FALSE,jenks_teddy,jenks_teddy
2020-21,632,Max Sanders,max sanders,max_sanders,Brighton,MID,21,0,18,38,FALSE,max_sanders,max_sanders
2020-21,633,Jensen Weir,jensen weir,jensen_weir,Brighton,MID,21,0,18,38,FALSE,jensen_weir,jensen_weir
2020-21,634,Will Ferry,will ferry,ferry_will,Southampton,MID,21,0,19,38,FALSE,ferry_will,ferry_will
2020-21,635,Allan Tchaptchet,allan tchaptchet,allan_tchaptchet,Southampton,DEF,21,12,19,38,FALSE,allan_tchaptchet,allan_tchaptchet
2020-21,636,Caleb Watts,caleb watts,caleb_watts,Southampton,MID,21,36,19,38,FALSE,caleb_watts,caleb_watts
2020-21,637,Frederik Alves,frederik alves,alves_frederik,West Ham,DEF,21,0,19,38,FALSE,alves_frederik,alves_frederik
2020-21,638,Ademipo Odubeko,ademipo odubeko,ademipo_odubeko,West Ham,FWD,21,0,19,38,FALSE,ademipo_odubeko,ademipo_odubeko
2020-21,639,Andy Lonergan,andy lonergan,andy_lonergan,West Brom,GK,21,0,19,38,FALSE,andy_lonergan,andy_lonergan
2020-21,640,Amad Diallo,amad diallo,amad_diallo,Man Utd,MID,19,165,20,38,FALSE,amad_diallo,amad_diallo
2020-21,641,Jean-Philippe Mateta,jean philippe mateta,jean_mateta_philippe,Crystal Palace,FWD,19,215,20,38,FALSE,jean_mateta_philippe,jean_mateta_philippe
2020-21,642,Willian José Da Silva,willian jose da silva,da_jose_silva_willian,Wolves,FWD,19,1106,20,38,FALSE,da_jose_silva_willian,da_jose_silva_willian
2020-21,643,Alexandre Jankewitz,alexandre jankewitz,alexandre_jankewitz,Southampton,MID,20,2,20,38,FALSE,alexandre_jankewitz,alexandre_jankewitz
2020-21,644,Tyler Onyango,tyler onyango,onyango_tyler,Everton,MID,21,0,20,38,FALSE,onyango_tyler,onyango_tyler
2020-21,645,Martin Ødegaard,martin odegaard,martin_odegaard,Arsenal,MID,18,861,21,38,FALSE,martin_odegaard,martin_odegaard
2020-21,646,Kyron Gordon,kyron gordon,gordon_kyron,Sheffield Utd,DEF,18,0,21,38,FALSE,gordon_kyron,gordon_kyron
2020-21,647,Morgan Sanson,morgan sanson,morgan_sanson,Aston Villa,MID,20,288,21,38,FALSE,morgan_sanson,morgan_sanson
2020-21,648,Mbaye Diagne,mbaye diagne,diagne_mbaye,West Brom,FWD,18,1188,21,38,FALSE,diagne_mbaye,diagne_mbaye
2020-21,649,Hugo Bueno,hugo bueno,bueno_hugo,Wolves,DEF,18,0,21,38,FALSE,bueno_hugo,bueno_hugo
2020-21,650,Alfie Devine,alfie devine,alfie_devine,Spurs,MID,19,0,21,38,FALSE,alfie_devine,alfie_devine
2020-21,651,Joshua King,joshua king,joshua_king,Everton,FWD,19,138,22,38,FALSE,joshua_king,joshua_king
2020-21,652,Ozan Kabak,ozan kabak,kabak_ozan,Liverpool,DEF,17,801,22,38,FALSE,kabak_ozan,kabak_ozan
2020-21,653,Ben Davies,ben davies,ben_davies,Liverpool,DEF,17,0,22,38,TRUE,ben_davies__def__liverpool,ben_davies__def__liverpool
2020-21,654,Okay Yokuslu,okay yokuslu,okay_yokuslu,West Brom,MID,17,1316,22,38,FALSE,okay_yokuslu,okay_yokuslu
2020-21,655,Ryan Finnigan,ryan finnigan,finnigan_ryan,Southampton,MID,18,0,22,38,FALSE,finnigan_ryan,finnigan_ryan
2020-21,656,Iliman Ndiaye,iliman ndiaye,iliman_ndiaye,Sheffield Utd,MID,17,11,22,38,FALSE,iliman_ndiaye,iliman_ndiaye
2020-21,657,Zak Brunt,zak brunt,brunt_zak,Sheffield Utd,MID,17,0,22,38,FALSE,brunt_zak,brunt_zak
2020-21,658,Richard Nartey,richard nartey,nartey_richard,Burnley,DEF,18,0,22,38,FALSE,nartey_richard,nartey_richard
2020-21,659,Claudio Gomes,claudio gomes,claudio_gomes,Man City,MID,18,0,22,38,FALSE,claudio_gomes,claudio_gomes
2020-21,660,Vontae Daley-Campbell,vontae daley campbell,campbell_daley_vontae,Leicester,DEF,17,0,22,38,FALSE,campbell_daley_vontae,campbell_daley_vontae
2020-21,661,Thakgalo Leshabela,thakgalo leshabela,leshabela_thakgalo,Leicester,MID,17,9,22,38,FALSE,leshabela_thakgalo,leshabela_thakgalo
2020-21,662,Thomas McGill,thomas mcgill,mcgill_thomas,Brighton,GK,17,0,22,38,FALSE,mcgill_thomas,mcgill_thomas
2020-21,663,Michal Karbownik,michal karbownik,karbownik_michal,Brighton,DEF,17,0,22,38,FALSE,karbownik_michal,karbownik_michal
2020-21,664,Moisés Caicedo,moises caicedo,caicedo_moises,Brighton,MID,16,0,23,38,FALSE,caicedo_moises,caicedo_moises
2020-21,665,Josh Maja,josh maja,josh_maja,Fulham,FWD,17,804,23,38,FALSE,josh_maja,josh_maja
2020-21,666,Dane Scarlett,dane scarlett,dane_scarlett,Spurs,FWD,17,1,23,38,FALSE,dane_scarlett,dane_scarlett
2020-21,667,Joe Gelhardt,joe gelhardt,gelhardt_joe,Leeds,FWD,17,0,23,38,FALSE,gelhardt_joe,gelhardt_joe
2020-21,668,Conor Coventry,conor coventry,conor_coventry,West Ham,MID,15,0,24,38,FALSE,conor_coventry,conor_coventry
2020-21,669,Jamal Baptiste,jamal baptiste,baptiste_jamal,West Ham,DEF,15,0,24,38,FALSE,baptiste_jamal,baptiste_jamal
2020-21,670,Frankie Maguire,frankie maguire,frankie_maguire,Sheffield Utd,MID,15,0,24,38,FALSE,frankie_maguire,frankie_maguire
2020-21,671,Kaine Hayden,kaine hayden,hayden_kaine,Aston Villa,MID,16,0,25,38,FALSE,hayden_kaine,hayden_kaine
2020-21,672,Carney Chukwuemeka,carney chukwuemeka,carney_chukwuemeka,Aston Villa,MID,16,18,25,38,FALSE,carney_chukwuemeka,carney_chukwuemeka
2020-21,673,Shola Shoretire,shola shoretire,shola_shoretire,Man Utd,MID,14,9,25,38,FALSE,shola_shoretire,shola_shoretire
2020-21,674,Nathan Trott,nathan trott,nathan_trott,West Ham,GK,13,0,26,38,FALSE,nathan_trott,nathan_trott
2020-21,675,Reece Hannam,reece hannam,hannam_reece,Crystal Palace,DEF,13,0,26,38,FALSE,hannam_reece,hannam_reece
2020-21,676,Sidnei Tavares,sidnei tavares,sidnei_tavares,Leicester,MID,13,84,26,38,FALSE,sidnei_tavares,sidnei_tavares
2020-21,677,Liam Hughes,liam hughes,hughes_liam,Liverpool,GK,13,0,26,38,FALSE,hughes_liam,hughes_liam
2020-21,678,Jakub Ojrzynski,jakub ojrzynski,jakub_ojrzynski,Liverpool,GK,13,0,26,38,FALSE,jakub_ojrzynski,jakub_ojrzynski
2020-21,679,Kyle John,kyle john,john_kyle,Everton,DEF,14,0,26,38,FALSE,john_kyle,john_kyle
2020-21,680,Nathan Broadhead,nathan broadhead,broadhead_nathan,Everton,MID,14,2,26,38,FALSE,broadhead_nathan,broadhead_nathan
2020-21,681,Ryan Astley,ryan astley,astley_ryan,Everton,DEF,14,0,26,38,FALSE,astley_ryan,astley_ryan
2020-21,682,Harry Tyrer,harry tyrer,harry_tyrer,Everton,GK,14,0,26,38,FALSE,harry_tyrer,harry_tyrer
2020-21,683,Jaden Philogene-Bidace,jaden philogene bidace,bidace_jaden_philogene,Aston Villa,MID,13,1,27,38,FALSE,bidace_jaden_philogene,bidace_jaden_philogene
2020-21,684,Shane Flynn,shane flynn,flynn_shane,Leicester,MID,11,0,27,38,FALSE,flynn_shane,flynn_shane
2020-21,685,Gaetano Berardi,gaetano berardi,berardi_gaetano,Leeds,DEF,12,113,27,38,FALSE,berardi_gaetano,berardi_gaetano
2020-21,686,Nathan Bishop,nathan bishop,bishop_nathan,Man Utd,GK,10,0,28,38,FALSE,bishop_nathan,bishop_nathan
2020-21,687,Thanawat Suengchitthawon,thanawat suengchitthawon,suengchitthawon_thanawat,Leicester,MID,9,0,30,38,FALSE,suengchitthawon_thanawat,suengchitthawon_thanawat
2020-21,688,Jesurun Rak-Sakyi,jesurun rak sakyi,jesurun_rak_sakyi,Crystal Palace,MID,8,0,31,38,FALSE,jesurun_rak_sakyi,jesurun_rak_sakyi
2020-21,689,Miguel Azeez,miguel azeez,azeez_miguel,Arsenal,MID,8,0,31,38,FALSE,azeez_miguel,azeez_miguel
2020-21,690,Reece Welch,reece welch,reece_welch,Everton,DEF,9,0,31,38,FALSE,reece_welch,reece_welch
2020-21,691,Isaac Price,isaac price,isaac_price,Everton,MID,9,0,31,38,FALSE,isaac_price,isaac_price
2020-21,692,Sam Greenwood,sam greenwood,greenwood_sam,Leeds,FWD,6,0,33,38,FALSE,greenwood_sam,greenwood_sam
2020-21,693,Crysencio Summerville,crysencio summerville,crysencio_summerville,Leeds,MID,6,0,33,38,FALSE,crysencio_summerville,crysencio_summerville
2020-21,694,Cody Drameh,cody drameh,cody_drameh,Leeds,DEF,5,0,34,38,FALSE,cody_drameh,cody_drameh
2020-21,695,Fabio Carvalho,fabio carvalho,carvalho_fabio,Fulham,MID,5,254,34,38,FALSE,carvalho_fabio,carvalho_fabio
2020-21,696,Ben Woodburn,ben woodburn,ben_woodburn,Liverpool,MID,5,0,35,38,FALSE,ben_woodburn,ben_woodburn
2020-21,697,Billy Koumetio,billy koumetio,billy_koumetio,Liverpool,DEF,5,0,35,38,FALSE,billy_koumetio,billy_koumetio
2020-21,698,Valentino Livramento,valentino livramento,livramento_valentino,Chelsea,DEF,4,0,35,38,FALSE,livramento_valentino,livramento_valentino
2020-21,699,Daniel Jebbison,daniel jebbison,daniel_jebbison,Sheffield Utd,FWD,4,283,35,38,FALSE,daniel_jebbison,daniel_jebbison
2020-21,700,Caleb Taylor,caleb taylor,caleb_taylor,West Brom,DEF,4,0,35,38,FALSE,caleb_taylor,caleb_taylor
2020-21,701,Taylor Gardner-Hickman,taylor gardner hickman,gardner_hickman_taylor,West Brom,MID,4,0,35,38,FALSE,gardner_hickman_taylor,gardner_hickman_taylor
2020-21,702,Anthony Elanga,anthony elanga,anthony_elanga,Man Utd,MID,5,155,35,38,FALSE,anthony_elanga,anthony_elanga
2020-21,703,Tawanda Maswanhise,tawanda maswanhise,maswanhise_tawanda,Leicester,MID,4,0,35,38,FALSE,maswanhise_tawanda,maswanhise_tawanda
2020-21,704,Harry Boyes,harry boyes,boyes_harry,Sheffield Utd,DEF,2,0,37,38,FALSE,boyes_harry,boyes_harry
2020-21,705,Femi Seriki,femi seriki,femi_seriki,Sheffield Utd,MID,2,1,37,38,FALSE,femi_seriki,femi_seriki
2020-21,706,Toby King,toby king,king_toby,West Brom,MID,2,0,37,38,FALSE,king_toby,king_toby
2020-21,707,Sylvester Jasper,sylvester jasper,jasper_sylvester,Fulham,MID,1,0,38,38,FALSE,jasper_sylvester,jasper_sylvester
2020-21,708,Tyrese Francois,tyrese francois,francois_tyrese,Fulham,MID,1,14,38,38,FALSE,francois_tyrese,francois_tyrese
2020-21,709,Tim Iroegbunam,tim iroegbunam,iroegbunam_tim,West Brom,MID,1,0,38,38,FALSE,iroegbunam_tim,iroegbunam_tim
2020-21,710,Nile John,nile john,john_nile,Spurs,MID,1,0,38,38,FALSE,john_nile,john_nile
2020-21,711,William Osula,william osula,osula_william,Sheffield Utd,FWD,1,0,38,38,FALSE,osula_william,osula_william
2020-21,712,Hannibal Mejbri,hannibal mejbri,hannibal_mejbri,Man Utd,MID,1,8,38,38,FALSE,hannibal_mejbri,hannibal_mejbri
2020-21,713,William Fish,william fish,fish_william,Man Utd,DEF,1,1,38,38,FALSE,fish_william,fish_william
2021-22,1,Bernd Leno,bernd leno,bernd_leno,Arsenal,GK,38,360,1,38,FALSE,bernd_leno,bernd_leno
2021-22,2,Rúnar Alex Rúnarsson,runar alex runarsson,alex_runar_runarsson,Arsenal,GK,38,0,1,38,FALSE,alex_runar_runarsson,alex_runar_runarsson
2021-22,3,Willian Borges Da Silva,willian borges da silva,borges_da_silva_willian,Arsenal,MID,38,0,1,38,FALSE,borges_da_silva_willian,borges_da_silva_willian
2021-22,4,Pierre-Emerick Aubameyang,pierre emerick aubameyang,aubameyang_emerick_pierre,Arsenal,FWD,38,1036,1,38,FALSE,aubameyang_emerick_pierre,aubameyang_emerick_pierre
2021-22,5,Cédric Soares,cedric soares,cedric_soares,Arsenal,DEF,38,1481,1,38,FALSE,cedric_soares,cedric_soares
2021-22,6,Alexandre Lacazette,alexandre lacazette,alexandre_lacazette,Arsenal,FWD,38,1773,1,38,FALSE,alexandre_lacazette,alexandre_lacazette
2021-22,7,Granit Xhaka,granit xhaka,granit_xhaka,Arsenal,MID,38,2327,1,38,FALSE,granit_xhaka,granit_xhaka
2021-22,8,Pablo Marí,pablo mari,mari_pablo,Arsenal,DEF,38,180,1,38,FALSE,mari_pablo,mari_pablo
2021-22,9,Héctor Bellerín,hector bellerin,bellerin_hector,Arsenal,DEF,38,0,1,38,FALSE,bellerin_hector,bellerin_hector
2021-22,10,Calum Chambers,calum chambers,calum_chambers,Arsenal/Aston Villa,DEF,38,999,1,38,FALSE,calum_chambers,calum_chambers
2021-22,11,Sead Kolasinac,sead kolasinac,kolasinac_sead,Arsenal,DEF,38,91,1,38,FALSE,kolasinac_sead,kolasinac_sead
2021-22,12,Mohamed Naser El Sayed Elneny,mohamed naser el sayed elneny,el_elneny_mohamed_naser_sayed,Arsenal,MID,38,801,1,38,FALSE,el_elneny_mohamed_naser_sayed,el_elneny_mohamed_naser_sayed
2021-22,13,Ainsley Maitland-Niles,ainsley maitland niles,ainsley_maitland_niles,Arsenal,MID,38,263,1,38,FALSE,ainsley_maitland_niles,ainsley_maitland_niles
2021-22,14,Rob Holding,rob holding,holding_rob,Arsenal,DEF,38,840,1,38,FALSE,holding_rob,holding_rob
2021-22,15,Thomas Partey,thomas partey,partey_thomas,Arsenal,MID,38,2027,1,38,FALSE,partey_thomas,partey_thomas
2021-22,16,Kieran Tierney,kieran tierney,kieran_tierney,Arsenal,DEF,38,1916,1,38,FALSE,kieran_tierney,kieran_tierney
2021-22,17,Nicolas Pépé,nicolas pepe,nicolas_pepe,Arsenal,MID,38,681,1,38,FALSE,nicolas_pepe,nicolas_pepe
2021-22,18,Lucas Torreira,lucas torreira,lucas_torreira,Arsenal,MID,38,0,1,38,FALSE,lucas_torreira,lucas_torreira
2021-22,19,Joseph Willock,joseph willock,joseph_willock,Newcastle,MID,38,2037,1,38,FALSE,joseph_willock,joseph_willock
2021-22,20,Edward Nketiah,edward nketiah,edward_nketiah,Arsenal,FWD,38,823,1,38,FALSE,edward_nketiah,edward_nketiah
2021-22,21,Emile Smith Rowe,emile smith rowe,emile_rowe_smith,Arsenal,MID,38,1909,1,38,FALSE,emile_rowe_smith,emile_rowe_smith
2021-22,22,Bukayo Saka,bukayo saka,bukayo_saka,Arsenal,MID,38,2978,1,38,FALSE,bukayo_saka,bukayo_saka
2021-22,23,Gabriel Magalhães,gabriel magalhaes,gabriel_magalhaes,Arsenal,DEF,38,3063,1,38,FALSE,gabriel_magalhaes,gabriel_magalhaes
2021-22,24,Konstantinos Mavropanos,konstantinos mavropanos,konstantinos_mavropanos,Arsenal,DEF,38,0,1,38,FALSE,konstantinos_mavropanos,konstantinos_mavropanos
2021-22,25,Mattéo Guendouzi,matteo guendouzi,guendouzi_matteo,Arsenal,MID,38,0,1,38,FALSE,guendouzi_matteo,guendouzi_matteo
2021-22,26,Gabriel Teodoro Martinelli Silva,gabriel teodoro martinelli silva,gabriel_martinelli_silva_teodoro,Arsenal,MID,38,1855,1,38,FALSE,gabriel_martinelli_silva_teodoro,gabriel_martinelli_silva_teodoro
2021-22,27,William Saliba,william saliba,saliba_william,Arsenal,DEF,38,0,1,38,FALSE,saliba_william,saliba_william
2021-22,28,Jed Steer,jed steer,jed_steer,Aston Villa,GK,38,90,1,38,FALSE,jed_steer,jed_steer
2021-22,29,Conor Hourihane,conor hourihane,conor_hourihane,Aston Villa,MID,38,0,1,38,FALSE,conor_hourihane,conor_hourihane
2021-22,30,Emiliano Martínez,emiliano martinez,emiliano_martinez,Aston Villa,GK,38,3240,1,38,FALSE,emiliano_martinez,emiliano_martinez
2021-22,31,Björn Engels,bjorn engels,bjorn_engels,Aston Villa,DEF,38,0,1,38,FALSE,bjorn_engels,bjorn_engels
2021-22,32,Bertrand Traoré,bertrand traore,bertrand_traore,Aston Villa,MID,38,212,1,38,FALSE,bertrand_traore,bertrand_traore
2021-22,33,Jack Grealish,jack grealish,grealish_jack,Man City,MID,38,1910,1,38,FALSE,grealish_jack,grealish_jack
2021-22,34,Morgan Sanson,morgan sanson,morgan_sanson,Aston Villa,MID,38,349,1,38,FALSE,morgan_sanson,morgan_sanson
2021-22,35,John McGinn,john mcginn,john_mcginn,Aston Villa,MID,38,3090,1,38,FALSE,john_mcginn,john_mcginn
2021-22,36,Kortney Hause,kortney hause,hause_kortney,Aston Villa,DEF,38,397,1,38,FALSE,hause_kortney,hause_kortney
2021-22,37,Mahmoud Ahmed Ibrahim Hassan,mahmoud ahmed ibrahim hassan,ahmed_hassan_ibrahim_mahmoud,Aston Villa,MID,38,10,1,38,FALSE,ahmed_hassan_ibrahim_mahmoud,ahmed_hassan_ibrahim_mahmoud
2021-22,38,Tyrone Mings,tyrone mings,mings_tyrone,Aston Villa,DEF,38,3188,1,38,FALSE,mings_tyrone,mings_tyrone
2021-22,39,Matt Targett,matt targett,matt_targett,Aston Villa/Newcastle,DEF,38,2871,1,38,FALSE,matt_targett,matt_targett
2021-22,40,Ollie Watkins,ollie watkins,ollie_watkins,Aston Villa,FWD,38,2950,1,38,FALSE,ollie_watkins,ollie_watkins
2021-22,41,Marvelous Nakamba,marvelous nakamba,marvelous_nakamba,Aston Villa,MID,38,899,1,38,FALSE,marvelous_nakamba,marvelous_nakamba
2021-22,42,Anwar El Ghazi,anwar el ghazi,anwar_el_ghazi,Aston Villa/Everton,MID,39,392,1,38,FALSE,anwar_el_ghazi,anwar_el_ghazi
2021-22,43,Emiliano Buendía Stati,emiliano buendia stati,buendia_emiliano_stati,Aston Villa,MID,38,1887,1,38,FALSE,buendia_emiliano_stati,buendia_emiliano_stati
2021-22,44,Matthew Cash,matthew cash,cash_matthew,Aston Villa,DEF,38,3377,1,38,FALSE,cash_matthew,cash_matthew
2021-22,45,Ezri Konsa Ngoyo,ezri konsa ngoyo,ezri_konsa_ngoyo,Aston Villa,DEF,38,2477,1,38,FALSE,ezri_konsa_ngoyo,ezri_konsa_ngoyo
2021-22,46,Frédéric Guilbert,frederic guilbert,frederic_guilbert,Aston Villa,DEF,38,0,1,38,FALSE,frederic_guilbert,frederic_guilbert
2021-22,47,Wesley Moraes,wesley moraes,moraes_wesley,Aston Villa,FWD,38,1,1,38,FALSE,moraes_wesley,moraes_wesley
2021-22,48,Mbwana Ally Samatta,mbwana ally samatta,ally_mbwana_samatta,Aston Villa,FWD,38,0,1,38,FALSE,ally_mbwana_samatta,ally_mbwana_samatta
2021-22,49,Keinan Davis,keinan davis,davis_keinan,Aston Villa,FWD,38,11,1,38,FALSE,davis_keinan,davis_keinan
2021-22,50,Douglas Luiz Soares de Paulo,douglas luiz soares de paulo,de_douglas_luiz_paulo_soares,Aston Villa,MID,38,2715,1,38,FALSE,de_douglas_luiz_paulo_soares,de_douglas_luiz_paulo_soares
2021-22,51,Jacob Ramsey,jacob ramsey,jacob_ramsey,Aston Villa,MID,38,2465,1,38,FALSE,jacob_ramsey,jacob_ramsey
2021-22,52,Ashley Young,ashley young,ashley_young,Aston Villa,DEF,38,1234,1,38,FALSE,ashley_young,ashley_young
2021-22,53,Adam Lallana,adam lallana,adam_lallana,Brighton,MID,38,1559,1,38,FALSE,adam_lallana,adam_lallana
2021-22,54,Jason Steele,jason steele,jason_steele,Brighton,GK,38,90,1,38,FALSE,jason_steele,jason_steele
2021-22,55,Pascal Groß,pascal gross,gross_pascal,Brighton,MID,38,2033,1,38,FALSE,gross_pascal,gross_pascal
2021-22,56,Shane Duffy,shane duffy,duffy_shane,Brighton,DEF,38,1434,1,38,FALSE,duffy_shane,duffy_shane
2021-22,57,Davy Pröpper,davy propper,davy_propper,Brighton,MID,38,0,1,38,FALSE,davy_propper,davy_propper
2021-22,58,Dan Burn,dan burn,burn_dan,Brighton/Newcastle,DEF,39,2461,1,38,FALSE,burn_dan,burn_dan
2021-22,59,Lewis Dunk,lewis dunk,dunk_lewis,Brighton,DEF,38,2573,1,38,FALSE,dunk_lewis,dunk_lewis
2021-22,60,Solomon March,solomon march,march_solomon,Brighton,MID,38,1733,1,38,FALSE,march_solomon,march_solomon
2021-22,61,Adam Webster,adam webster,adam_webster,Brighton,DEF,38,1429,1,38,FALSE,adam_webster,adam_webster
2021-22,62,Joël Veltman,joel veltman,joel_veltman,Brighton,DEF,38,2874,1,38,FALSE,joel_veltman,joel_veltman
2021-22,63,Neal Maupay,neal maupay,maupay_neal,Brighton,FWD,38,2269,1,38,FALSE,maupay_neal,maupay_neal
2021-22,64,Leandro Trossard,leandro trossard,leandro_trossard,Brighton,MID,38,2803,1,38,FALSE,leandro_trossard,leandro_trossard
2021-22,65,Mathew Ryan,mathew ryan,mathew_ryan,Brighton,GK,38,0,1,38,FALSE,mathew_ryan,mathew_ryan
2021-22,66,Alireza Jahanbakhsh,alireza jahanbakhsh,alireza_jahanbakhsh,Brighton,MID,38,0,1,38,FALSE,alireza_jahanbakhsh,alireza_jahanbakhsh
2021-22,67,Ben White,ben white,ben_white,Arsenal,DEF,38,2880,1,38,FALSE,ben_white,ben_white
2021-22,68,Bernardo Fernandes Da Silva Junior,bernardo fernandes da silva junior,bernardo_da_fernandes_junior_silva,Brighton,DEF,38,0,1,38,FALSE,bernardo_da_fernandes_junior_silva,bernardo_da_fernandes_junior_silva
2021-22,69,Robert Sánchez,robert sanchez,robert_sanchez,Brighton,GK,38,3330,1,38,FALSE,robert_sanchez,robert_sanchez
2021-22,70,Yves Bissouma,yves bissouma,bissouma_yves,Brighton,MID,38,2110,1,38,FALSE,bissouma_yves,bissouma_yves
2021-22,71,Tariq Lamptey,tariq lamptey,lamptey_tariq,Brighton,DEF,38,1547,1,38,FALSE,lamptey_tariq,lamptey_tariq
2021-22,72,Aaron Connolly,aaron connolly,aaron_connolly,Brighton,FWD,38,154,1,38,FALSE,aaron_connolly,aaron_connolly
2021-22,73,Steven Alzate,steven alzate,alzate_steven,Brighton,MID,38,401,1,38,FALSE,alzate_steven,alzate_steven
2021-22,74,Alexis Mac Allister,alexis mac allister,alexis_allister_mac,Brighton,MID,38,2112,1,38,FALSE,alexis_allister_mac,alexis_allister_mac
2021-22,75,Jakub Moder,jakub moder,jakub_moder,Brighton,MID,38,1694,1,38,FALSE,jakub_moder,jakub_moder
2021-22,76,Pontus Jansson,pontus jansson,jansson_pontus,Brentford,DEF,38,3321,1,38,FALSE,jansson_pontus,jansson_pontus
2021-22,77,Christian Nørgaard,christian norgaard,christian_norgaard,Brentford,MID,38,3054,1,38,FALSE,christian_norgaard,christian_norgaard
2021-22,78,Ivan Toney,ivan toney,ivan_toney,Brentford,FWD,38,2908,1,38,FALSE,ivan_toney,ivan_toney
2021-22,79,Tariqe Fosu-Henry,tariqe fosu henry,fosu_henry_tariqe,Brentford,MID,38,16,1,38,FALSE,fosu_henry_tariqe,fosu_henry_tariqe
2021-22,80,David Raya Martin,david raya martin,david_martin_raya,Brentford,GK,38,2160,1,38,FALSE,david_martin_raya,david_martin_raya
2021-22,81,Sergi Canós,sergi canos,canos_sergi,Brentford,MID,38,2077,1,38,FALSE,canos_sergi,canos_sergi
2021-22,82,Pelenda Joshua Dasilva,pelenda joshua dasilva,dasilva_joshua_pelenda,Brentford,MID,38,250,1,38,FALSE,dasilva_joshua_pelenda,dasilva_joshua_pelenda
2021-22,83,Rico Henry,rico henry,henry_rico,Brentford,DEF,38,2775,1,38,FALSE,henry_rico,henry_rico
2021-22,84,Vitaly Janelt,vitaly janelt,janelt_vitaly,Brentford,MID,38,2295,1,38,FALSE,janelt_vitaly,janelt_vitaly
2021-22,85,Saman Ghoddos,saman ghoddos,ghoddos_saman,Brentford,MID,38,524,1,38,FALSE,ghoddos_saman,ghoddos_saman
2021-22,86,Mathias Jensen,mathias jensen,jensen_mathias,Brentford,MID,38,1590,1,38,FALSE,jensen_mathias,jensen_mathias
2021-22,87,Charlie Goode,charlie goode,charlie_goode,Brentford,DEF,38,448,1,38,FALSE,charlie_goode,charlie_goode
2021-22,88,Marcus Forss,marcus forss,forss_marcus,Brentford,FWD,38,203,1,38,FALSE,forss_marcus,forss_marcus
2021-22,89,Mads Roerslev Rasmussen,mads roerslev rasmussen,mads_rasmussen_roerslev,Brentford,DEF,38,1232,1,38,FALSE,mads_rasmussen_roerslev,mads_rasmussen_roerslev
2021-22,90,Mads Bech Sørensen,mads bech sorensen,bech_mads_sorensen,Brentford,DEF,38,833,1,38,FALSE,bech_mads_sorensen,bech_mads_sorensen
2021-22,91,Ethan Pinnock,ethan pinnock,ethan_pinnock,Brentford,DEF,38,2694,1,38,FALSE,ethan_pinnock,ethan_pinnock
2021-22,92,Ellery Balcombe,ellery balcombe,balcombe_ellery,Brentford,GK,38,0,1,38,FALSE,balcombe_ellery,balcombe_ellery
2021-22,93,Jan Zamburek,jan zamburek,jan_zamburek,Brentford,MID,38,0,1,38,FALSE,jan_zamburek,jan_zamburek
2021-22,94,Patrik Gunnarsson,patrik gunnarsson,gunnarsson_patrik,Brentford,GK,38,0,1,38,FALSE,gunnarsson_patrik,gunnarsson_patrik
2021-22,95,Halil Dervişoğlu,halil dervisoglu,dervisoglu_halil,Brentford,FWD,38,0,1,38,FALSE,dervisoglu_halil,dervisoglu_halil
2021-22,96,Bryan Mbeumo,bryan mbeumo,bryan_mbeumo,Brentford,MID,38,2905,1,38,FALSE,bryan_mbeumo,bryan_mbeumo
2021-22,97,Mads Bidstrup,mads bidstrup,bidstrup_mads,Brentford,MID,38,36,1,38,FALSE,bidstrup_mads,bidstrup_mads
2021-22,98,James Tarkowski,james tarkowski,james_tarkowski,Burnley,DEF,38,3106,1,38,FALSE,james_tarkowski,james_tarkowski
2021-22,99,Phil Bardsley,phil bardsley,bardsley_phil,Burnley,DEF,38,0,1,38,FALSE,bardsley_phil,bardsley_phil
2021-22,100,Erik Pieters,erik pieters,erik_pieters,Burnley,DEF,38,726,1,38,FALSE,erik_pieters,erik_pieters
2021-22,101,Jack Cork,jack cork,cork_jack,Burnley,MID,38,1670,1,38,FALSE,cork_jack,cork_jack
2021-22,102,Dale Stephens,dale stephens,dale_stephens,Burnley,MID,38,123,1,38,FALSE,dale_stephens,dale_stephens
2021-22,103,Kevin Long,kevin long,kevin_long,Burnley,DEF,38,408,1,38,FALSE,kevin_long,kevin_long
2021-22,104,Jay Rodriguez,jay rodriguez,jay_rodriguez,Burnley,FWD,38,1365,1,38,FALSE,jay_rodriguez,jay_rodriguez
2021-22,105,Ashley Barnes,ashley barnes,ashley_barnes,Burnley,FWD,38,793,1,38,FALSE,ashley_barnes,ashley_barnes
2021-22,106,Ben Mee,ben mee,ben_mee,Burnley,DEF,38,1839,1,38,FALSE,ben_mee,ben_mee
2021-22,107,Ashley Westwood,ashley westwood,ashley_westwood,Burnley,MID,38,2286,1,38,FALSE,ashley_westwood,ashley_westwood
2021-22,108,Johann Berg Gudmundsson,johann berg gudmundsson,berg_gudmundsson_johann,Burnley,MID,38,1097,1,38,FALSE,berg_gudmundsson_johann,berg_gudmundsson_johann
2021-22,109,Chris Wood,chris wood,chris_wood,Burnley/Newcastle,FWD,36,2694,1,38,FALSE,chris_wood,chris_wood
2021-22,110,Matthew Lowton,matthew lowton,lowton_matthew,Burnley,DEF,38,1771,1,38,FALSE,lowton_matthew,lowton_matthew
2021-22,111,Matej Vydra,matej vydra,matej_vydra,Burnley,FWD,38,665,1,38,FALSE,matej_vydra,matej_vydra
2021-22,112,Nick Pope,nick pope,nick_pope,Burnley,GK,38,3240,1,38,FALSE,nick_pope,nick_pope
2021-22,113,Charlie Taylor,charlie taylor,charlie_taylor,Burnley,DEF,38,2730,1,38,FALSE,charlie_taylor,charlie_taylor
2021-22,114,Will Norris,will norris,norris_will,Burnley,GK,38,0,1,38,FALSE,norris_will,norris_will
2021-22,115,Josh Brownhill,josh brownhill,brownhill_josh,Burnley,MID,38,2952,1,38,FALSE,brownhill_josh,brownhill_josh
2021-22,116,Josh Benson,josh benson,benson_josh,Burnley,MID,38,0,1,38,FALSE,benson_josh,benson_josh
2021-22,117,Bailey Peacock-Farrell,bailey peacock farrell,bailey_farrell_peacock,Burnley,GK,38,0,1,38,FALSE,bailey_farrell_peacock,bailey_farrell_peacock
2021-22,118,Dwight McNeil,dwight mcneil,dwight_mcneil,Burnley,MID,38,3104,1,38,FALSE,dwight_mcneil,dwight_mcneil
2021-22,119,César Azpilicueta,cesar azpilicueta,azpilicueta_cesar,Chelsea,DEF,38,2067,1,38,FALSE,azpilicueta_cesar,azpilicueta_cesar
2021-22,120,Olivier Giroud,olivier giroud,giroud_olivier,Chelsea,FWD,38,0,1,38,FALSE,giroud_olivier,giroud_olivier
2021-22,121,Thiago Emiliano da Silva,thiago emiliano da silva,da_emiliano_silva_thiago,Chelsea,DEF,38,2649,1,38,FALSE,da_emiliano_silva_thiago,da_emiliano_silva_thiago
2021-22,122,Marcos Alonso,marcos alonso,alonso_marcos,Chelsea,DEF,38,2164,1,38,FALSE,alonso_marcos,alonso_marcos
2021-22,123,Jorge Luiz Frello Filho,jorge luiz frello filho,filho_frello_jorge_luiz,Chelsea,MID,38,2271,1,38,FALSE,filho_frello_jorge_luiz,filho_frello_jorge_luiz
2021-22,124,Ross Barkley,ross barkley,barkley_ross,Chelsea,MID,38,174,1,38,FALSE,barkley_ross,barkley_ross
2021-22,125,Mateo Kovacic,mateo kovacic,kovacic_mateo,Chelsea,MID,38,1552,1,38,FALSE,kovacic_mateo,kovacic_mateo
2021-22,126,Michy Batshuayi,michy batshuayi,batshuayi_michy,Chelsea,FWD,38,0,1,38,FALSE,batshuayi_michy,batshuayi_michy
2021-22,127,Antonio Rüdiger,antonio rudiger,antonio_rudiger,Chelsea,DEF,38,3035,1,38,FALSE,antonio_rudiger,antonio_rudiger
2021-22,128,Kurt Zouma,kurt zouma,kurt_zouma,Chelsea/West Ham,DEF,38,2078,1,38,FALSE,kurt_zouma,kurt_zouma
2021-22,129,Kepa Arrizabalaga,kepa arrizabalaga,arrizabalaga_kepa,Chelsea,GK,38,360,1,38,FALSE,arrizabalaga_kepa,arrizabalaga_kepa
2021-22,130,N'Golo Kanté,n golo kante,golo_kante_n,Chelsea,MID,38,1769,1,38,FALSE,golo_kante_n,golo_kante_n
2021-22,131,Hakim Ziyech,hakim ziyech,hakim_ziyech,Chelsea,MID,38,1311,1,38,FALSE,hakim_ziyech,hakim_ziyech
2021-22,132,Ruben Loftus-Cheek,ruben loftus cheek,cheek_loftus_ruben,Chelsea,MID,38,1384,1,38,FALSE,cheek_loftus_ruben,cheek_loftus_ruben
2021-22,133,Andreas Christensen,andreas christensen,andreas_christensen,Chelsea,DEF,38,1494,1,38,FALSE,andreas_christensen,andreas_christensen
2021-22,134,Timo Werner,timo werner,timo_werner,Chelsea,FWD,38,1278,1,38,FALSE,timo_werner,timo_werner
2021-22,135,Benjamin Chilwell,benjamin chilwell,benjamin_chilwell,Chelsea,DEF,38,541,1,38,FALSE,benjamin_chilwell,benjamin_chilwell
2021-22,136,Tammy Abraham,tammy abraham,abraham_tammy,Chelsea,FWD,38,0,1,38,FALSE,abraham_tammy,abraham_tammy
2021-22,137,Christian Pulisic,christian pulisic,christian_pulisic,Chelsea,MID,38,1282,1,38,FALSE,christian_pulisic,christian_pulisic
2021-22,138,Mason Mount,mason mount,mason_mount,Chelsea,MID,38,2358,1,38,FALSE,mason_mount,mason_mount
2021-22,139,Ethan Ampadu,ethan ampadu,ampadu_ethan,Chelsea,DEF,38,0,1,38,FALSE,ampadu_ethan,ampadu_ethan
2021-22,140,Callum Hudson-Odoi,callum hudson odoi,callum_hudson_odoi,Chelsea,MID,38,958,1,38,FALSE,callum_hudson_odoi,callum_hudson_odoi
2021-22,141,Kai Havertz,kai havertz,havertz_kai,Chelsea,MID,38,1802,1,38,FALSE,havertz_kai,havertz_kai
2021-22,142,Reece James,reece james,james_reece,Chelsea,DEF,38,1863,1,38,FALSE,james_reece,james_reece
2021-22,143,Edouard Mendy,edouard mendy,edouard_mendy,Chelsea,GK,38,3060,1,38,FALSE,edouard_mendy,edouard_mendy
2021-22,144,Conor Gallagher,conor gallagher,conor_gallagher,Crystal Palace,MID,38,2843,1,38,FALSE,conor_gallagher,conor_gallagher
2021-22,145,Billy Gilmour,billy gilmour,billy_gilmour,Norwich,MID,38,1852,1,38,FALSE,billy_gilmour,billy_gilmour
2021-22,146,Vicente Guaita,vicente guaita,guaita_vicente,Crystal Palace,GK,38,2655,1,38,FALSE,guaita_vicente,guaita_vicente
2021-22,147,James Tomkins,james tomkins,james_tomkins,Crystal Palace,DEF,38,545,1,38,FALSE,james_tomkins,james_tomkins
2021-22,148,James McArthur,james mcarthur,james_mcarthur,Crystal Palace,MID,38,1434,1,38,FALSE,james_mcarthur,james_mcarthur
2021-22,149,Christian Benteke,christian benteke,benteke_christian,Crystal Palace,FWD,38,1132,1,38,FALSE,benteke_christian,benteke_christian
2021-22,150,Cheikhou Kouyaté,cheikhou kouyate,cheikhou_kouyate,Crystal Palace,DEF,38,1970,1,38,FALSE,cheikhou_kouyate,cheikhou_kouyate
2021-22,151,Martin Kelly,martin kelly,kelly_martin,Crystal Palace,DEF,38,0,1,38,FALSE,kelly_martin,kelly_martin
2021-22,152,Luka Milivojevic,luka milivojevic,luka_milivojevic,Crystal Palace,MID,38,767,1,38,FALSE,luka_milivojevic,luka_milivojevic
2021-22,153,Jordan Ayew,jordan ayew,ayew_jordan,Crystal Palace,FWD,38,2012,1,38,FALSE,ayew_jordan,ayew_jordan
2021-22,154,Wilfried Zaha,wilfried zaha,wilfried_zaha,Crystal Palace,MID,38,2759,1,38,FALSE,wilfried_zaha,wilfried_zaha
2021-22,155,Jeffrey Schlupp,jeffrey schlupp,jeffrey_schlupp,Crystal Palace,MID,38,1840,1,38,FALSE,jeffrey_schlupp,jeffrey_schlupp
2021-22,156,Jack Butland,jack butland,butland_jack,Crystal Palace,GK,38,765,1,38,FALSE,butland_jack,butland_jack
2021-22,157,Jairo Riedewald,jairo riedewald,jairo_riedewald,Crystal Palace,MID,38,116,1,38,FALSE,jairo_riedewald,jairo_riedewald
2021-22,158,Jarosław Jach,jaroslaw jach,jach_jaroslaw,Crystal Palace,DEF,38,0,1,38,FALSE,jach_jaroslaw,jach_jaroslaw
2021-22,159,Jean-Philippe Mateta,jean philippe mateta,jean_mateta_philippe,Crystal Palace,FWD,38,1138,1,38,FALSE,jean_mateta_philippe,jean_mateta_philippe
2021-22,160,Eberechi Eze,eberechi eze,eberechi_eze,Crystal Palace,MID,38,599,1,38,FALSE,eberechi_eze,eberechi_eze
2021-22,161,Nathan Ferguson,nathan ferguson,ferguson_nathan,Crystal Palace,DEF,38,8,1,38,FALSE,ferguson_nathan,ferguson_nathan
2021-22,162,Tyrick Mitchell,tyrick mitchell,mitchell_tyrick,Crystal Palace,DEF,38,3101,1,38,FALSE,mitchell_tyrick,mitchell_tyrick
2021-22,163,Fabian Delph,fabian delph,delph_fabian,Everton,MID,38,660,1,38,FALSE,delph_fabian,delph_fabian
2021-22,164,Gylfi Sigurdsson,gylfi sigurdsson,gylfi_sigurdsson,Everton,MID,38,0,1,38,FALSE,gylfi_sigurdsson,gylfi_sigurdsson
2021-22,165,Seamus Coleman,seamus coleman,coleman_seamus,Everton,DEF,38,2656,1,38,FALSE,coleman_seamus,coleman_seamus
2021-22,166,James Rodríguez,james rodriguez,james_rodriguez,Everton,MID,38,0,1,38,FALSE,james_rodriguez,james_rodriguez
2021-22,167,Bernard Anício Caldeira Duarte,bernard anicio caldeira duarte,anicio_bernard_caldeira_duarte,Everton,MID,38,0,1,38,FALSE,anicio_bernard_caldeira_duarte,anicio_bernard_caldeira_duarte
2021-22,168,Lucas Digne,lucas digne,digne_lucas,Aston Villa/Everton,DEF,37,2440,1,38,FALSE,digne_lucas,digne_lucas
2021-22,169,Michael Keane,michael keane,keane_michael,Everton,DEF,38,2791,1,38,FALSE,keane_michael,keane_michael
2021-22,170,Jordan Pickford,jordan pickford,jordan_pickford,Everton,GK,38,3150,1,38,FALSE,jordan_pickford,jordan_pickford
2021-22,171,Allan Marques Loureiro,allan marques loureiro,allan_loureiro_marques,Everton,MID,38,2181,1,38,FALSE,allan_loureiro_marques,allan_loureiro_marques
2021-22,172,André Filipe Tavares Gomes,andre filipe tavares gomes,andre_filipe_gomes_tavares,Everton,MID,38,614,1,38,FALSE,andre_filipe_gomes_tavares,andre_filipe_gomes_tavares
2021-22,173,Abdoulaye Doucouré,abdoulaye doucoure,abdoulaye_doucoure,Everton,MID,38,2536,1,38,FALSE,abdoulaye_doucoure,abdoulaye_doucoure
2021-22,174,Alex Iwobi,alex iwobi,alex_iwobi,Everton,MID,38,2029,1,38,FALSE,alex_iwobi,alex_iwobi
2021-22,175,Yerry Mina,yerry mina,mina_yerry,Everton,DEF,38,844,1,38,FALSE,mina_yerry,mina_yerry
2021-22,176,Tom Davies,tom davies,davies_tom,Everton,MID,38,230,1,38,FALSE,davies_tom,davies_tom
2021-22,177,Dominic Calvert-Lewin,dominic calvert lewin,calvert_dominic_lewin,Everton,FWD,38,1281,1,38,FALSE,calvert_dominic_lewin,calvert_dominic_lewin
2021-22,178,Mason Holgate,mason holgate,holgate_mason,Everton,DEF,38,2133,1,38,FALSE,holgate_mason,holgate_mason
2021-22,179,Ben Godfrey,ben godfrey,ben_godfrey,Everton,DEF,38,2029,1,38,FALSE,ben_godfrey,ben_godfrey
2021-22,180,Richarlison de Andrade,richarlison de andrade,andrade_de_richarlison,Everton,FWD,38,2522,1,38,FALSE,andrade_de_richarlison,andrade_de_richarlison
2021-22,181,João Virgínia,joao virginia,joao_virginia,Everton,GK,38,0,1,38,FALSE,joao_virginia,joao_virginia
2021-22,182,Pablo Hernández Domínguez,pablo hernandez dominguez,dominguez_hernandez_pablo,Leeds,MID,38,0,1,38,FALSE,dominguez_hernandez_pablo,dominguez_hernandez_pablo
2021-22,183,Francisco Casilla Cortés,francisco casilla cortes,casilla_cortes_francisco,Leeds,GK,38,0,1,38,FALSE,casilla_cortes_francisco,casilla_cortes_francisco
2021-22,184,Liam Cooper,liam cooper,cooper_liam,Leeds,DEF,38,1814,1,38,FALSE,cooper_liam,cooper_liam
2021-22,185,Luke Ayling,luke ayling,ayling_luke,Leeds,DEF,38,2272,1,38,FALSE,ayling_luke,ayling_luke
2021-22,186,Mateusz Klich,mateusz klich,klich_mateusz,Leeds,MID,38,2071,1,38,FALSE,klich_mateusz,klich_mateusz
2021-22,187,Rodrigo Moreno,rodrigo moreno,moreno_rodrigo,Leeds,FWD,38,2263,1,38,FALSE,moreno_rodrigo,moreno_rodrigo
2021-22,188,Stuart Dallas,stuart dallas,dallas_stuart,Leeds,MID,38,2920,1,38,FALSE,dallas_stuart,dallas_stuart
2021-22,189,Patrick Bamford,patrick bamford,bamford_patrick,Leeds,FWD,38,557,1,38,FALSE,bamford_patrick,bamford_patrick
2021-22,190,Diego Llorente,diego llorente,diego_llorente,Leeds,DEF,38,2341,1,38,FALSE,diego_llorente,diego_llorente
2021-22,191,Kalvin Phillips,kalvin phillips,kalvin_phillips,Leeds,MID,38,1594,1,38,FALSE,kalvin_phillips,kalvin_phillips
2021-22,192,Hélder Wander Sousa de Azevedo e Costa,helder wander sousa de azevedo e costa,azevedo_costa_de_e_helder_sousa_wander,Leeds,MID,38,21,1,38,FALSE,azevedo_costa_de_e_helder_sousa_wander,azevedo_costa_de_e_helder_sousa_wander
2021-22,193,Tyler Roberts,tyler roberts,roberts_tyler,Leeds,MID,38,976,1,38,FALSE,roberts_tyler,roberts_tyler
2021-22,194,Robin Koch,robin koch,koch_robin,Leeds,DEF,38,1572,1,38,FALSE,koch_robin,koch_robin
2021-22,195,Ian Carlo Poveda-Ocampo,ian carlo poveda ocampo,carlo_ian_ocampo_poveda,Leeds,MID,38,0,1,38,FALSE,carlo_ian_ocampo_poveda,carlo_ian_ocampo_poveda
2021-22,196,Raphael Dias Belloli,raphael dias belloli,belloli_dias_raphael,Leeds,MID,38,2916,1,38,FALSE,belloli_dias_raphael,belloli_dias_raphael
2021-22,197,Jamie Shackleton,jamie shackleton,jamie_shackleton,Leeds,MID,38,704,1,38,FALSE,jamie_shackleton,jamie_shackleton
2021-22,198,Pascal Struijk,pascal struijk,pascal_struijk,Leeds,DEF,38,2050,1,38,FALSE,pascal_struijk,pascal_struijk
2021-22,199,Illan Meslier,illan meslier,illan_meslier,Leeds,GK,38,3384,1,38,FALSE,illan_meslier,illan_meslier
2021-22,200,Kasper Schmeichel,kasper schmeichel,kasper_schmeichel,Leicester,GK,38,3330,1,38,FALSE,kasper_schmeichel,kasper_schmeichel
2021-22,201,Jonny Evans,jonny evans,evans_jonny,Leicester,DEF,38,1346,1,38,FALSE,evans_jonny,evans_jonny
2021-22,202,Marc Albrighton,marc albrighton,albrighton_marc,Leicester,MID,38,1127,1,38,FALSE,albrighton_marc,albrighton_marc
2021-22,203,Nampalys Mendy,nampalys mendy,mendy_nampalys,Leicester,MID,38,1032,1,38,FALSE,mendy_nampalys,mendy_nampalys
2021-22,204,Danny Ward,danny ward,danny_ward,Leicester,GK,38,90,1,38,FALSE,danny_ward,danny_ward
2021-22,205,Jamie Vardy,jamie vardy,jamie_vardy,Leicester,FWD,38,1801,1,38,FALSE,jamie_vardy,jamie_vardy
2021-22,206,Dennis Praet,dennis praet,dennis_praet,Leicester,MID,38,0,1,38,FALSE,dennis_praet,dennis_praet
2021-22,207,Ricardo Domingos Barbosa Pereira,ricardo domingos barbosa pereira,barbosa_domingos_pereira_ricardo,Leicester,DEF,38,990,1,38,FALSE,barbosa_domingos_pereira_ricardo,barbosa_domingos_pereira_ricardo
2021-22,208,Daniel Amartey,daniel amartey,amartey_daniel,Leicester,DEF,38,2118,1,38,FALSE,amartey_daniel,amartey_daniel
2021-22,209,Timothy Castagne,timothy castagne,castagne_timothy,Leicester,DEF,38,2124,1,38,FALSE,castagne_timothy,castagne_timothy
2021-22,210,Youri Tielemans,youri tielemans,tielemans_youri,Leicester,MID,38,2629,1,38,FALSE,tielemans_youri,tielemans_youri
2021-22,211,Ayoze Pérez,ayoze perez,ayoze_perez,Leicester,MID,38,438,1,38,FALSE,ayoze_perez,ayoze_perez
2021-22,212,James Maddison,james maddison,james_maddison,Leicester,MID,38,2454,1,38,FALSE,james_maddison,james_maddison
2021-22,213,Kelechi Iheanacho,kelechi iheanacho,iheanacho_kelechi,Leicester,FWD,38,1253,1,38,FALSE,iheanacho_kelechi,iheanacho_kelechi
2021-22,214,Hamza Choudhury,hamza choudhury,choudhury_hamza,Leicester,MID,38,284,1,38,FALSE,choudhury_hamza,choudhury_hamza
2021-22,215,Harvey Barnes,harvey barnes,barnes_harvey,Leicester,MID,38,2095,1,38,FALSE,barnes_harvey,barnes_harvey
2021-22,216,Wilfred Ndidi,wilfred ndidi,ndidi_wilfred,Leicester,MID,38,1617,1,38,FALSE,ndidi_wilfred,ndidi_wilfred
2021-22,217,Çaglar Söyüncü,caglar soyuncu,caglar_soyuncu,Leicester,DEF,38,2497,1,38,FALSE,caglar_soyuncu,caglar_soyuncu
2021-22,218,James Justin,james justin,james_justin,Leicester,DEF,38,996,1,38,FALSE,james_justin,james_justin
2021-22,219,Luke Thomas,luke thomas,luke_thomas,Leicester,DEF,38,1911,1,38,FALSE,luke_thomas,luke_thomas
2021-22,220,Wesley Fofana,wesley fofana,fofana_wesley,Leicester,DEF,38,630,1,38,FALSE,fofana_wesley,fofana_wesley
2021-22,221,James Milner,james milner,james_milner,Liverpool,MID,38,844,1,38,FALSE,james_milner,james_milner
2021-22,222,Jordan Henderson,jordan henderson,henderson_jordan,Liverpool,MID,38,2592,1,38,FALSE,henderson_jordan,henderson_jordan
2021-22,223,Adrián San Miguel del Castillo,adrian san miguel del castillo,adrian_castillo_del_miguel_san,Liverpool,GK,38,0,1,38,FALSE,adrian_castillo_del_miguel_san,adrian_castillo_del_miguel_san
2021-22,224,Joel Matip,joel matip,joel_matip,Liverpool,DEF,38,2790,1,38,FALSE,joel_matip,joel_matip
2021-22,225,Thiago Alcántara do Nascimento,thiago alcantara do nascimento,alcantara_do_nascimento_thiago,Liverpool,MID,38,1527,1,38,FALSE,alcantara_do_nascimento_thiago,alcantara_do_nascimento_thiago
2021-22,226,Xherdan Shaqiri,xherdan shaqiri,shaqiri_xherdan,Liverpool,MID,38,0,1,38,FALSE,shaqiri_xherdan,shaqiri_xherdan
2021-22,227,Alex Oxlade-Chamberlain,alex oxlade chamberlain,alex_chamberlain_oxlade,Liverpool,MID,38,777,1,38,FALSE,alex_chamberlain_oxlade,alex_chamberlain_oxlade
2021-22,228,Roberto Firmino,roberto firmino,firmino_roberto,Liverpool,FWD,38,980,1,38,FALSE,firmino_roberto,firmino_roberto
2021-22,229,Virgil van Dijk,virgil van dijk,dijk_van_virgil,Liverpool,DEF,38,3060,1,38,FALSE,dijk_van_virgil,dijk_van_virgil
2021-22,230,Sadio Mané,sadio mane,mane_sadio,Liverpool,MID,38,2818,1,38,FALSE,mane_sadio,mane_sadio
2021-22,231,Alisson Ramses Becker,alisson ramses becker,alisson_becker_ramses,Liverpool,GK,38,3240,1,38,FALSE,alisson_becker_ramses,alisson_becker_ramses
2021-22,232,Fabio Henrique Tavares,fabio henrique tavares,fabio_henrique_tavares,Liverpool,MID,38,2311,1,38,FALSE,fabio_henrique_tavares,fabio_henrique_tavares
2021-22,233,Mohamed Salah,mohamed salah,mohamed_salah,Liverpool,MID,38,2758,1,38,FALSE,mohamed_salah,mohamed_salah
2021-22,234,Andrew Robertson,andrew robertson,andrew_robertson,Liverpool,DEF,38,2537,1,38,FALSE,andrew_robertson,andrew_robertson
2021-22,235,Divock Origi,divock origi,divock_origi,Liverpool,FWD,38,126,1,38,FALSE,divock_origi,divock_origi
2021-22,236,Takumi Minamino,takumi minamino,minamino_takumi,Liverpool,MID,38,178,1,38,FALSE,minamino_takumi,minamino_takumi
2021-22,237,Trent Alexander-Arnold,trent alexander arnold,alexander_arnold_trent,Liverpool,DEF,38,2853,1,38,FALSE,alexander_arnold_trent,alexander_arnold_trent
2021-22,238,Joseph Gomez,joseph gomez,gomez_joseph,Liverpool,DEF,38,330,1,38,FALSE,gomez_joseph,gomez_joseph
2021-22,239,Naby Keita,naby keita,keita_naby,Liverpool,MID,38,1169,1,38,FALSE,keita_naby,keita_naby
2021-22,240,Diogo Jota,diogo jota,diogo_jota,Liverpool,MID,38,2357,1,38,FALSE,diogo_jota,diogo_jota
2021-22,241,Nathaniel Phillips,nathaniel phillips,nathaniel_phillips,Liverpool,DEF,38,0,1,38,FALSE,nathaniel_phillips,nathaniel_phillips
2021-22,242,Caoimhin Kelleher,caoimhin kelleher,caoimhin_kelleher,Liverpool,GK,38,180,1,38,FALSE,caoimhin_kelleher,caoimhin_kelleher
2021-22,243,Ibrahima Konaté,ibrahima konate,ibrahima_konate,Liverpool,DEF,38,990,1,38,FALSE,ibrahima_konate,ibrahima_konate
2021-22,244,Curtis Jones,curtis jones,curtis_jones,Liverpool,MID,38,849,1,38,FALSE,curtis_jones,curtis_jones
2021-22,245,Konstantinos Tsimikas,konstantinos tsimikas,konstantinos_tsimikas,Liverpool,DEF,38,874,1,38,FALSE,konstantinos_tsimikas,konstantinos_tsimikas
2021-22,246,Neco Williams,neco williams,neco_williams,Liverpool,DEF,38,7,1,38,FALSE,neco_williams,neco_williams
2021-22,247,Rhys Williams,rhys williams,rhys_williams,Liverpool,DEF,38,0,1,38,FALSE,rhys_williams,rhys_williams
2021-22,248,Ben Davies,ben davies,ben_davies,Liverpool,DEF,38,0,1,38,TRUE,ben_davies__def__liverpool,ben_davies__def__liverpool
2021-22,249,Kyle Walker,kyle walker,kyle_walker,Man City,DEF,38,1755,1,38,FALSE,kyle_walker,kyle_walker
2021-22,250,Ilkay Gündogan,ilkay gundogan,gundogan_ilkay,Man City,MID,38,1851,1,38,FALSE,gundogan_ilkay,gundogan_ilkay
2021-22,251,Kevin De Bruyne,kevin de bruyne,bruyne_de_kevin,Man City,MID,38,2196,1,38,FALSE,bruyne_de_kevin,bruyne_de_kevin
2021-22,252,John Stones,john stones,john_stones,Man City,DEF,38,1117,1,38,FALSE,john_stones,john_stones
2021-22,253,Benjamin Mendy,benjamin mendy,benjamin_mendy,Man City,DEF,38,78,1,38,FALSE,benjamin_mendy,benjamin_mendy
2021-22,254,Riyad Mahrez,riyad mahrez,mahrez_riyad,Man City,MID,38,1485,1,38,FALSE,mahrez_riyad,mahrez_riyad
2021-22,255,Raheem Sterling,raheem sterling,raheem_sterling,Man City,MID,38,2121,1,38,FALSE,raheem_sterling,raheem_sterling
2021-22,256,João Pedro Cavaco Cancelo,joao pedro cavaco cancelo,cancelo_cavaco_joao_pedro,Man City,DEF,38,3227,1,38,FALSE,cancelo_cavaco_joao_pedro,cancelo_cavaco_joao_pedro
2021-22,257,Ederson Santana de Moraes,ederson santana de moraes,de_ederson_moraes_santana,Man City,GK,38,3330,1,38,FALSE,de_ederson_moraes_santana,de_ederson_moraes_santana
2021-22,258,Nathan Aké,nathan ake,ake_nathan,Man City,DEF,38,919,1,38,FALSE,ake_nathan,ake_nathan
2021-22,259,Aymeric Laporte,aymeric laporte,aymeric_laporte,Man City,DEF,38,2830,1,38,FALSE,aymeric_laporte,aymeric_laporte
2021-22,260,Zack Steffen,zack steffen,steffen_zack,Man City,GK,38,90,1,38,FALSE,steffen_zack,steffen_zack
2021-22,261,Bernardo Mota Veiga de Carvalho e Silva,bernardo mota veiga de carvalho e silva,bernardo_carvalho_de_e_mota_silva_veiga,Man City,MID,38,2856,1,38,FALSE,bernardo_carvalho_de_e_mota_silva_veiga,bernardo_carvalho_de_e_mota_silva_veiga
2021-22,262,Rúben Santos Gato Alves Dias,ruben santos gato alves dias,alves_dias_gato_ruben_santos,Man City,DEF,38,2401,1,38,FALSE,alves_dias_gato_ruben_santos,alves_dias_gato_ruben_santos
2021-22,263,Gabriel Fernando de Jesus,gabriel fernando de jesus,de_fernando_gabriel_jesus,Man City,FWD,38,1871,1,38,FALSE,de_fernando_gabriel_jesus,de_fernando_gabriel_jesus
2021-22,264,Oleksandr Zinchenko,oleksandr zinchenko,oleksandr_zinchenko,Man City,DEF,38,1044,1,38,FALSE,oleksandr_zinchenko,oleksandr_zinchenko
2021-22,265,Phil Foden,phil foden,foden_phil,Man City,MID,38,2125,1,38,FALSE,foden_phil,foden_phil
2021-22,266,Rodrigo Hernandez,rodrigo hernandez,hernandez_rodrigo,Man City,MID,38,2884,1,38,FALSE,hernandez_rodrigo,hernandez_rodrigo
2021-22,267,Jack Harrison,jack harrison,harrison_jack,Leeds,MID,38,2638,1,38,FALSE,harrison_jack,harrison_jack
2021-22,268,Ferran Torres,ferran torres,ferran_torres,Man City,MID,38,303,1,38,FALSE,ferran_torres,ferran_torres
2021-22,269,Edinson Cavani,edinson cavani,cavani_edinson,Man Utd,FWD,38,760,1,38,FALSE,cavani_edinson,cavani_edinson
2021-22,270,David de Gea,david de gea,david_de_gea,Man Utd,GK,38,3420,1,38,FALSE,david_de_gea,david_de_gea
2021-22,271,Nemanja Matic,nemanja matic,matic_nemanja,Man Utd,MID,38,1375,1,38,FALSE,matic_nemanja,matic_nemanja
2021-22,272,Paul Pogba,paul pogba,paul_pogba,Man Utd,MID,38,1347,1,38,FALSE,paul_pogba,paul_pogba
2021-22,273,Harry Maguire,harry maguire,harry_maguire,Man Utd,DEF,38,2513,1,38,FALSE,harry_maguire,harry_maguire
2021-22,274,Frederico Rodrigues de Paula Santos,frederico rodrigues de paula santos,de_frederico_paula_rodrigues_santos,Man Utd,MID,38,2026,1,38,FALSE,de_frederico_paula_rodrigues_santos,de_frederico_paula_rodrigues_santos
2021-22,275,Luke Shaw,luke shaw,luke_shaw,Man Utd,DEF,38,1600,1,38,FALSE,luke_shaw,luke_shaw
2021-22,276,Jesse Lingard,jesse lingard,jesse_lingard,Man Utd,MID,38,354,1,38,FALSE,jesse_lingard,jesse_lingard
2021-22,277,Bruno Miguel Borges Fernandes,bruno miguel borges fernandes,borges_bruno_fernandes_miguel,Man Utd,MID,38,3110,1,38,FALSE,borges_bruno_fernandes_miguel,borges_bruno_fernandes_miguel
2021-22,278,Anthony Martial,anthony martial,anthony_martial,Man Utd,FWD,38,207,1,38,FALSE,anthony_martial,anthony_martial
2021-22,279,Alex Nicolao Telles,alex nicolao telles,alex_nicolao_telles,Man Utd,DEF,38,1658,1,38,FALSE,alex_nicolao_telles,alex_nicolao_telles
2021-22,280,Dean Henderson,dean henderson,dean_henderson,Man Utd,GK,38,0,1,38,FALSE,dean_henderson,dean_henderson
2021-22,281,Marcus Rashford,marcus rashford,marcus_rashford,Man Utd,MID,38,1224,1,38,FALSE,marcus_rashford,marcus_rashford
2021-22,282,Donny van de Beek,donny van de beek,beek_de_donny_van,Everton/Man Utd,MID,40,550,1,38,FALSE,beek_de_donny_van,beek_de_donny_van
2021-22,283,Axel Tuanzebe,axel tuanzebe,axel_tuanzebe,Aston Villa/Man Utd,DEF,38,505,1,38,FALSE,axel_tuanzebe,axel_tuanzebe
2021-22,284,Victor Lindelöf,victor lindelof,lindelof_victor,Man Utd,DEF,38,2353,1,38,FALSE,lindelof_victor,lindelof_victor
2021-22,285,Scott McTominay,scott mctominay,mctominay_scott,Man Utd,MID,38,2386,1,38,FALSE,mctominay_scott,mctominay_scott
2021-22,286,Eric Bailly,eric bailly,bailly_eric,Man Utd,DEF,38,216,1,38,FALSE,bailly_eric,bailly_eric
2021-22,287,Daniel James,daniel james,daniel_james,Leeds/Man Utd,MID,38,2489,1,38,FALSE,daniel_james,daniel_james
2021-22,288,Aaron Wan-Bissaka,aaron wan bissaka,aaron_bissaka_wan,Man Utd,DEF,38,1793,1,38,FALSE,aaron_bissaka_wan,aaron_bissaka_wan
2021-22,289,Mason Greenwood,mason greenwood,greenwood_mason,Man Utd,MID,38,1269,1,38,FALSE,greenwood_mason,greenwood_mason
2021-22,290,Brandon Williams,brandon williams,brandon_williams,Man Utd/Norwich,DEF,38,2119,1,38,FALSE,brandon_williams,brandon_williams
2021-22,291,Jonjo Shelvey,jonjo shelvey,jonjo_shelvey,Newcastle,MID,38,1981,1,38,FALSE,jonjo_shelvey,jonjo_shelvey
2021-22,292,Matt Ritchie,matt ritchie,matt_ritchie,Newcastle,DEF,38,1333,1,38,FALSE,matt_ritchie,matt_ritchie
2021-22,293,Ciaran Clark,ciaran clark,ciaran_clark,Newcastle,DEF,38,1012,1,38,FALSE,ciaran_clark,ciaran_clark
2021-22,294,Karl Darlow,karl darlow,darlow_karl,Newcastle,GK,38,720,1,38,FALSE,darlow_karl,darlow_karl
2021-22,295,Martin Dubravka,martin dubravka,dubravka_martin,Newcastle,GK,38,2340,1,38,FALSE,dubravka_martin,dubravka_martin
2021-22,296,Callum Wilson,callum wilson,callum_wilson,Newcastle,FWD,38,1386,1,38,FALSE,callum_wilson,callum_wilson
2021-22,297,Jeff Hendrick,jeff hendrick,hendrick_jeff,Newcastle,MID,38,69,1,38,FALSE,hendrick_jeff,hendrick_jeff
2021-22,298,Ryan Fraser,ryan fraser,fraser_ryan,Newcastle,MID,38,1459,1,38,FALSE,fraser_ryan,fraser_ryan
2021-22,299,Jamaal Lascelles,jamaal lascelles,jamaal_lascelles,Newcastle,DEF,38,2055,1,38,FALSE,jamaal_lascelles,jamaal_lascelles
2021-22,300,Dwight Gayle,dwight gayle,dwight_gayle,Newcastle,FWD,38,34,1,38,FALSE,dwight_gayle,dwight_gayle
2021-22,301,Paul Dummett,paul dummett,dummett_paul,Newcastle,DEF,38,197,1,38,FALSE,dummett_paul,dummett_paul
2021-22,302,Javier Manquillo,javier manquillo,javier_manquillo,Newcastle,DEF,38,1258,1,38,FALSE,javier_manquillo,javier_manquillo
2021-22,303,Emil Krafth,emil krafth,emil_krafth,Newcastle,DEF,38,1636,1,38,FALSE,emil_krafth,emil_krafth
2021-22,304,Jacob Murphy,jacob murphy,jacob_murphy,Newcastle,MID,38,1457,1,38,FALSE,jacob_murphy,jacob_murphy
2021-22,305,Fabian Schär,fabian schar,fabian_schar,Newcastle,DEF,38,2158,1,38,FALSE,fabian_schar,fabian_schar
2021-22,306,Isaac Hayden,isaac hayden,hayden_isaac,Newcastle,MID,38,1000,1,38,FALSE,hayden_isaac,hayden_isaac
2021-22,307,Allan Saint-Maximin,allan saint maximin,allan_maximin_saint,Newcastle,FWD,38,2804,1,38,FALSE,allan_maximin_saint,allan_maximin_saint
2021-22,308,Miguel Almirón,miguel almiron,almiron_miguel,Newcastle,MID,38,1706,1,38,FALSE,almiron_miguel,almiron_miguel
2021-22,309,Sean Longstaff,sean longstaff,longstaff_sean,Newcastle,MID,38,1458,1,38,FALSE,longstaff_sean,longstaff_sean
2021-22,310,Joelinton Cássio Apolinário de Lira,joelinton cassio apolinario de lira,apolinario_cassio_de_joelinton_lira,Newcastle,FWD,38,2554,1,38,FALSE,apolinario_cassio_de_joelinton_lira,apolinario_cassio_de_joelinton_lira
2021-22,311,Jamal Lewis,jamal lewis,jamal_lewis,Newcastle,DEF,38,261,1,38,FALSE,jamal_lewis,jamal_lewis
2021-22,312,Matthew Longstaff,matthew longstaff,longstaff_matthew,Newcastle,MID,38,0,1,38,FALSE,longstaff_matthew,longstaff_matthew
2021-22,313,Michael McGovern,michael mcgovern,mcgovern_michael,Norwich,GK,38,0,1,38,FALSE,mcgovern_michael,mcgovern_michael
2021-22,314,Tim Krul,tim krul,krul_tim,Norwich,GK,38,2610,1,38,FALSE,krul_tim,krul_tim
2021-22,315,Teemu Pukki,teemu pukki,pukki_teemu,Norwich,FWD,38,3253,1,38,FALSE,pukki_teemu,pukki_teemu
2021-22,316,Marco Stiepermann,marco stiepermann,marco_stiepermann,Norwich,MID,38,0,1,38,FALSE,marco_stiepermann,marco_stiepermann
2021-22,317,Lukas Rupp,lukas rupp,lukas_rupp,Norwich,MID,38,759,1,38,FALSE,lukas_rupp,lukas_rupp
2021-22,318,Kenny McLean,kenny mclean,kenny_mclean,Norwich,MID,38,2707,1,38,FALSE,kenny_mclean,kenny_mclean
2021-22,319,Grant Hanley,grant hanley,grant_hanley,Norwich,DEF,38,2897,1,38,FALSE,grant_hanley,grant_hanley
2021-22,320,Onel Hernández,onel hernandez,hernandez_onel,Norwich,MID,38,0,1,38,FALSE,hernandez_onel,hernandez_onel
2021-22,321,Sam Byram,sam byram,byram_sam,Norwich,DEF,38,1023,1,38,FALSE,byram_sam,byram_sam
2021-22,322,Jordan Hugill,jordan hugill,hugill_jordan,Norwich,FWD,38,0,1,38,FALSE,hugill_jordan,hugill_jordan
2021-22,323,Kieran Dowell,kieran dowell,dowell_kieran,Norwich,MID,38,905,1,38,FALSE,dowell_kieran,dowell_kieran
2021-22,324,Christoph Zimmermann,christoph zimmermann,christoph_zimmermann,Norwich,DEF,38,156,1,38,FALSE,christoph_zimmermann,christoph_zimmermann
2021-22,325,Todd Cantwell,todd cantwell,cantwell_todd,Norwich,MID,38,438,1,38,FALSE,cantwell_todd,cantwell_todd
2021-22,326,Max Aarons,max aarons,aarons_max,Norwich,DEF,38,2879,1,38,FALSE,aarons_max,aarons_max
2021-22,327,Jacob Sørensen,jacob sorensen,jacob_sorensen,Norwich,DEF,38,600,1,38,FALSE,jacob_sorensen,jacob_sorensen
2021-22,328,Przemyslaw Placheta,przemyslaw placheta,placheta_przemyslaw,Norwich,MID,38,499,1,38,FALSE,placheta_przemyslaw,placheta_przemyslaw
2021-22,329,Adam Idah,adam idah,adam_idah,Norwich,FWD,38,617,1,38,FALSE,adam_idah,adam_idah
2021-22,330,Josh Martin,josh martin,josh_martin,Norwich,MID,38,0,1,38,FALSE,josh_martin,josh_martin
2021-22,331,Andrew Omobamidele,andrew omobamidele,andrew_omobamidele,Norwich,DEF,38,381,1,38,FALSE,andrew_omobamidele,andrew_omobamidele
2021-22,332,Theo Walcott,theo walcott,theo_walcott,Southampton,MID,38,376,1,38,FALSE,theo_walcott,theo_walcott
2021-22,333,Fraser Forster,fraser forster,forster_fraser,Southampton,GK,38,1710,1,38,FALSE,forster_fraser,forster_fraser
2021-22,334,Alex McCarthy,alex mccarthy,alex_mccarthy,Southampton,GK,38,1530,1,38,FALSE,alex_mccarthy,alex_mccarthy
2021-22,335,Oriol Romeu Vidal,oriol romeu vidal,oriol_romeu_vidal,Southampton,MID,38,2890,1,38,FALSE,oriol_romeu_vidal,oriol_romeu_vidal
2021-22,336,Nathan Redmond,nathan redmond,nathan_redmond,Southampton,MID,38,1827,1,38,FALSE,nathan_redmond,nathan_redmond
2021-22,337,Danny Ings,danny ings,danny_ings,Aston Villa,FWD,38,1891,1,38,FALSE,danny_ings,danny_ings
2021-22,338,Jack Stephens,jack stephens,jack_stephens,Southampton,DEF,38,810,1,38,FALSE,jack_stephens,jack_stephens
2021-22,339,Stuart Armstrong,stuart armstrong,armstrong_stuart,Southampton,MID,38,1465,1,38,FALSE,armstrong_stuart,armstrong_stuart
2021-22,340,Jannik Vestergaard,jannik vestergaard,jannik_vestergaard,Leicester,DEF,38,563,1,38,FALSE,jannik_vestergaard,jannik_vestergaard
2021-22,341,James Ward-Prowse,james ward prowse,james_prowse_ward,Southampton,MID,38,3215,1,38,FALSE,james_prowse_ward,james_prowse_ward
2021-22,342,Kyle Walker-Peters,kyle walker peters,kyle_peters_walker,Southampton,DEF,38,2630,1,38,FALSE,kyle_peters_walker,kyle_peters_walker
2021-22,343,Jan Bednarek,jan bednarek,bednarek_jan,Southampton,DEF,38,2629,1,38,FALSE,bednarek_jan,bednarek_jan
2021-22,344,Daniel N'Lundulu,daniel n lundulu,daniel_lundulu_n,Southampton,FWD,38,0,1,38,FALSE,daniel_lundulu_n,daniel_lundulu_n
2021-22,345,Che Adams,che adams,adams_che,Southampton,FWD,38,2034,1,38,FALSE,adams_che,adams_che
2021-22,346,Nathan Tella,nathan tella,nathan_tella,Southampton,MID,38,802,1,38,FALSE,nathan_tella,nathan_tella
2021-22,347,William Smallbone,william smallbone,smallbone_william,Southampton,MID,38,132,1,38,FALSE,smallbone_william,smallbone_william
2021-22,348,Michael Obafemi,michael obafemi,michael_obafemi,Southampton,FWD,38,0,1,38,FALSE,michael_obafemi,michael_obafemi
2021-22,349,Ibrahima Diallo,ibrahima diallo,diallo_ibrahima,Southampton,MID,38,1016,1,38,FALSE,diallo_ibrahima,diallo_ibrahima
2021-22,350,Moussa Djenepo,moussa djenepo,djenepo_moussa,Southampton,MID,38,452,1,38,FALSE,djenepo_moussa,djenepo_moussa
2021-22,351,Mohammed Salisu,mohammed salisu,mohammed_salisu,Southampton,DEF,38,2971,1,38,FALSE,mohammed_salisu,mohammed_salisu
2021-22,352,Joe Hart,joe hart,hart_joe,Spurs,GK,38,0,1,38,FALSE,hart_joe,hart_joe
2021-22,353,Hugo Lloris,hugo lloris,hugo_lloris,Spurs,GK,38,3420,1,38,FALSE,hugo_lloris,hugo_lloris
2021-22,354,Moussa Sissoko,moussa sissoko,moussa_sissoko,Spurs/Watford,MID,38,3220,1,38,FALSE,moussa_sissoko,moussa_sissoko
2021-22,355,Toby Alderweireld,toby alderweireld,alderweireld_toby,Spurs,DEF,38,0,1,38,FALSE,alderweireld_toby,alderweireld_toby
2021-22,356,Erik Lamela,erik lamela,erik_lamela,Spurs,MID,38,0,1,38,FALSE,erik_lamela,erik_lamela
2021-22,357,Harry Kane,harry kane,harry_kane,Spurs,FWD,38,3231,1,38,FALSE,harry_kane,harry_kane
2021-22,358,Serge Aurier,serge aurier,aurier_serge,Spurs,DEF,38,0,1,38,FALSE,aurier_serge,aurier_serge
2021-22,359,Heung-Min Son,heung min son,heung_min_son,Spurs,MID,38,3009,1,38,FALSE,heung_min_son,heung_min_son
2021-22,360,Matt Doherty,matt doherty,doherty_matt,Spurs,DEF,38,871,1,38,FALSE,doherty_matt,doherty_matt
2021-22,361,Eric Dier,eric dier,dier_eric,Spurs,DEF,38,3071,1,38,FALSE,dier_eric,dier_eric
2021-22,362,Lucas Rodrigues Moura da Silva,lucas rodrigues moura da silva,da_lucas_moura_rodrigues_silva,Spurs,MID,38,1763,1,38,FALSE,da_lucas_moura_rodrigues_silva,da_lucas_moura_rodrigues_silva
2021-22,363,Bamidele Alli,bamidele alli,alli_bamidele,Everton/Spurs,MID,38,985,1,38,FALSE,alli_bamidele,alli_bamidele
2021-22,364,Ben Davies,ben davies,ben_davies,Spurs,DEF,38,2537,1,38,TRUE,ben_davies__def__spurs,ben_davies__def__spurs
2021-22,365,Pierre-Emile Højbjerg,pierre emile hojbjerg,emile_hojbjerg_pierre,Spurs,MID,38,3196,1,38,FALSE,emile_hojbjerg_pierre,emile_hojbjerg_pierre
2021-22,366,Harry Winks,harry winks,harry_winks,Spurs,MID,38,904,1,38,FALSE,harry_winks,harry_winks
2021-22,367,Davinson Sánchez,davinson sanchez,davinson_sanchez,Spurs,DEF,38,1626,1,38,FALSE,davinson_sanchez,davinson_sanchez
2021-22,368,Ryan Sessegnon,ryan sessegnon,ryan_sessegnon,Spurs,DEF,38,1046,1,38,FALSE,ryan_sessegnon,ryan_sessegnon
2021-22,369,Steven Bergwijn,steven bergwijn,bergwijn_steven,Spurs,MID,38,548,1,38,FALSE,bergwijn_steven,bergwijn_steven
2021-22,370,Sergio Reguilón,sergio reguilon,reguilon_sergio,Spurs,DEF,38,1914,1,38,FALSE,reguilon_sergio,reguilon_sergio
2021-22,371,Japhet Tanganga,japhet tanganga,japhet_tanganga,Spurs,DEF,38,735,1,38,FALSE,japhet_tanganga,japhet_tanganga
2021-22,372,Giovani Lo Celso,giovani lo celso,celso_giovani_lo,Spurs,MID,38,231,1,38,FALSE,celso_giovani_lo,celso_giovani_lo
2021-22,373,Oliver Skipp,oliver skipp,oliver_skipp,Spurs,MID,38,1346,1,38,FALSE,oliver_skipp,oliver_skipp
2021-22,374,Joe Rodon,joe rodon,joe_rodon,Spurs,DEF,38,87,1,38,FALSE,joe_rodon,joe_rodon
2021-22,375,Tanguy Ndombele,tanguy ndombele,ndombele_tanguy,Spurs,MID,38,481,1,38,FALSE,ndombele_tanguy,ndombele_tanguy
2021-22,376,Ben Foster,ben foster,ben_foster,Watford,GK,38,2340,1,38,FALSE,ben_foster,ben_foster
2021-22,377,Danny Rose,danny rose,danny_rose,Watford,DEF,38,688,1,38,FALSE,danny_rose,danny_rose
2021-22,378,Dan Gosling,dan gosling,dan_gosling,Watford,MID,38,164,1,38,FALSE,dan_gosling,dan_gosling
2021-22,379,Craig Cathcart,craig cathcart,cathcart_craig,Watford,DEF,38,2394,1,38,FALSE,cathcart_craig,cathcart_craig
2021-22,380,Troy Deeney,troy deeney,deeney_troy,Watford,FWD,38,23,1,38,FALSE,deeney_troy,deeney_troy
2021-22,381,Tom Cleverley,tom cleverley,cleverley_tom,Watford,MID,38,1611,1,38,FALSE,cleverley_tom,cleverley_tom
2021-22,382,Francisco Femenía Far,francisco femenia far,far_femenia_francisco,Watford,DEF,38,2143,1,38,FALSE,far_femenia_francisco,far_femenia_francisco
2021-22,383,Andre Gray,andre gray,andre_gray,Watford,FWD,38,0,1,38,FALSE,andre_gray,andre_gray
2021-22,384,Christian Kabasele,christian kabasele,christian_kabasele,Watford,DEF,38,1190,1,38,FALSE,christian_kabasele,christian_kabasele
2021-22,385,Nathaniel Chalobah,nathaniel chalobah,chalobah_nathaniel,Watford,MID,38,0,1,38,FALSE,chalobah_nathaniel,chalobah_nathaniel
2021-22,386,Will Hughes,will hughes,hughes_will,Crystal Palace/Watford,MID,38,1050,1,38,FALSE,hughes_will,hughes_will
2021-22,387,William Troost-Ekong,william troost ekong,ekong_troost_william,Watford,DEF,38,1388,1,38,FALSE,ekong_troost_william,ekong_troost_william
2021-22,388,Stipe Perica,stipe perica,perica_stipe,Watford,FWD,38,0,1,38,FALSE,perica_stipe,perica_stipe
2021-22,389,Daniel Bachmann,daniel bachmann,bachmann_daniel,Watford,GK,38,1080,1,38,FALSE,bachmann_daniel,bachmann_daniel
2021-22,390,Adam Masina,adam masina,adam_masina,Watford,DEF,38,1075,1,38,FALSE,adam_masina,adam_masina
2021-22,391,Ken Sema,ken sema,ken_sema,Watford,MID,38,844,1,38,FALSE,ken_sema,ken_sema
2021-22,392,Philip Zinckernagel,philip zinckernagel,philip_zinckernagel,Watford,MID,38,0,1,38,FALSE,philip_zinckernagel,philip_zinckernagel
2021-22,393,Isaac Success Ajayi,isaac success ajayi,ajayi_isaac_success,Watford,FWD,38,0,1,38,FALSE,ajayi_isaac_success,ajayi_isaac_success
2021-22,394,Ayotomiwa Dele-Bashiru,ayotomiwa dele bashiru,ayotomiwa_bashiru_dele,Watford,MID,38,0,1,38,FALSE,ayotomiwa_bashiru_dele,ayotomiwa_bashiru_dele
2021-22,395,Ashley Fletcher,ashley fletcher,ashley_fletcher,Watford,FWD,38,28,1,38,FALSE,ashley_fletcher,ashley_fletcher
2021-22,396,Francisco Sierralta,francisco sierralta,francisco_sierralta,Watford,DEF,38,427,1,38,FALSE,francisco_sierralta,francisco_sierralta
2021-22,397,Domingos Quina,domingos quina,domingos_quina,Watford,MID,38,0,1,38,FALSE,domingos_quina,domingos_quina
2021-22,398,Marc Navarro,marc navarro,marc_navarro,Watford,DEF,38,0,1,38,FALSE,marc_navarro,marc_navarro
2021-22,399,Ismaila Sarr,ismaila sarr,ismaila_sarr,Watford,MID,38,1862,1,38,FALSE,ismaila_sarr,ismaila_sarr
2021-22,400,Jeremy Ngakia,jeremy ngakia,jeremy_ngakia,Watford,DEF,38,896,1,38,FALSE,jeremy_ngakia,jeremy_ngakia
2021-22,401,Ben Wilmot,ben wilmot,ben_wilmot,Watford,DEF,38,0,1,38,FALSE,ben_wilmot,ben_wilmot
2021-22,402,Joseph Hungbo,joseph hungbo,hungbo_joseph,Watford,MID,38,0,1,38,FALSE,hungbo_joseph,hungbo_joseph
2021-22,403,Imrân Louza,imran louza,imran_louza,Watford,MID,38,1415,1,38,FALSE,imran_louza,imran_louza
2021-22,404,João Pedro Junqueira de Jesus,joao pedro junqueira de jesus,de_jesus_joao_junqueira_pedro,Watford,FWD,38,1634,1,38,FALSE,de_jesus_joao_junqueira_pedro,de_jesus_joao_junqueira_pedro
2021-22,405,Kwadwo Baah,kwadwo baah,baah_kwadwo,Watford,MID,38,0,1,38,FALSE,baah_kwadwo,baah_kwadwo
2021-22,406,Mark Noble,mark noble,mark_noble,West Ham,MID,38,325,1,38,FALSE,mark_noble,mark_noble
2021-22,407,Darren Randolph,darren randolph,darren_randolph,West Ham,GK,38,0,1,38,FALSE,darren_randolph,darren_randolph
2021-22,408,Lukasz Fabianski,lukasz fabianski,fabianski_lukasz,West Ham,GK,38,3330,1,38,FALSE,fabianski_lukasz,fabianski_lukasz
2021-22,409,Angelo Ogbonna,angelo ogbonna,angelo_ogbonna,West Ham,DEF,38,921,1,38,FALSE,angelo_ogbonna,angelo_ogbonna
2021-22,410,Winston Reid,winston reid,reid_winston,West Ham,DEF,38,0,1,38,FALSE,reid_winston,reid_winston
2021-22,411,Aaron Cresswell,aaron cresswell,aaron_cresswell,West Ham,DEF,38,2726,1,38,FALSE,aaron_cresswell,aaron_cresswell
2021-22,412,Andriy Yarmolenko,andriy yarmolenko,andriy_yarmolenko,West Ham,MID,38,303,1,38,FALSE,andriy_yarmolenko,andriy_yarmolenko
2021-22,413,Michail Antonio,michail antonio,antonio_michail,West Ham,FWD,38,2975,1,38,FALSE,antonio_michail,antonio_michail
2021-22,414,Craig Dawson,craig dawson,craig_dawson,West Ham,DEF,38,2752,1,38,FALSE,craig_dawson,craig_dawson
2021-22,415,Ryan Fredericks,ryan fredericks,fredericks_ryan,West Ham,DEF,38,303,1,38,FALSE,fredericks_ryan,fredericks_ryan
2021-22,416,Manuel Lanzini,manuel lanzini,lanzini_manuel,West Ham,MID,38,1777,1,38,FALSE,lanzini_manuel,lanzini_manuel
2021-22,417,Arthur Masuaku,arthur masuaku,arthur_masuaku,West Ham,DEF,38,645,1,38,FALSE,arthur_masuaku,arthur_masuaku
2021-22,418,Vladimir Coufal,vladimir coufal,coufal_vladimir,West Ham,DEF,38,2207,1,38,FALSE,coufal_vladimir,coufal_vladimir
2021-22,419,Saïd Benrahma,said benrahma,benrahma_said,West Ham,MID,38,2162,1,38,FALSE,benrahma_said,benrahma_said
2021-22,420,Jarrod Bowen,jarrod bowen,bowen_jarrod,West Ham,MID,38,2987,1,38,FALSE,bowen_jarrod,bowen_jarrod
2021-22,421,Declan Rice,declan rice,declan_rice,West Ham,MID,38,3178,1,38,FALSE,declan_rice,declan_rice
2021-22,422,Tomas Soucek,tomas soucek,soucek_tomas,West Ham,MID,38,3061,1,38,FALSE,soucek_tomas,soucek_tomas
2021-22,423,Pablo Fornals,pablo fornals,fornals_pablo,West Ham,MID,38,2795,1,38,FALSE,fornals_pablo,fornals_pablo
2021-22,424,Issa Diop,issa diop,diop_issa,West Ham,DEF,38,961,1,38,FALSE,diop_issa,diop_issa
2021-22,425,Ben Johnson,ben johnson,ben_johnson,West Ham,DEF,38,1397,1,38,FALSE,ben_johnson,ben_johnson
2021-22,426,João Filipe Iria Santos Moutinho,joao filipe iria santos moutinho,filipe_iria_joao_moutinho_santos,Wolves,MID,38,2970,1,38,FALSE,filipe_iria_joao_moutinho_santos,filipe_iria_joao_moutinho_santos
2021-22,427,Rui Pedro dos Santos Patrício,rui pedro dos santos patricio,dos_patricio_pedro_rui_santos,Wolves,GK,38,0,1,38,FALSE,dos_patricio_pedro_rui_santos,dos_patricio_pedro_rui_santos
2021-22,428,Willy Boly,willy boly,boly_willy,Wolves,DEF,38,900,1,38,FALSE,boly_willy,boly_willy
2021-22,429,Conor Coady,conor coady,coady_conor,Wolves,DEF,38,3361,1,38,FALSE,coady_conor,coady_conor
2021-22,430,Raúl Jiménez,raul jimenez,jimenez_raul,Wolves,FWD,38,2630,1,38,FALSE,jimenez_raul,jimenez_raul
2021-22,431,Romain Saïss,romain saiss,romain_saiss,Wolves,DEF,38,2706,1,38,FALSE,romain_saiss,romain_saiss
2021-22,432,Fernando Marçal,fernando marcal,fernando_marcal,Wolves,DEF,38,1448,1,38,FALSE,fernando_marcal,fernando_marcal
2021-22,433,Jonathan Castro Otto,jonathan castro otto,castro_jonathan_otto,Wolves,DEF,38,1022,1,38,FALSE,castro_jonathan_otto,castro_jonathan_otto
2021-22,434,Leander Dendoncker,leander dendoncker,dendoncker_leander,Wolves,MID,38,1945,1,38,FALSE,dendoncker_leander,dendoncker_leander
2021-22,435,Adama Traoré,adama traore,adama_traore,Wolves,MID,38,1069,1,38,FALSE,adama_traore,adama_traore
2021-22,436,Rúben Diogo da Silva Neves,ruben diogo da silva neves,da_diogo_neves_ruben_silva,Wolves,MID,38,2659,1,38,FALSE,da_diogo_neves_ruben_silva,da_diogo_neves_ruben_silva
2021-22,437,Nélson Cabral Semedo,nelson cabral semedo,cabral_nelson_semedo,Wolves,DEF,38,2131,1,38,FALSE,cabral_nelson_semedo,cabral_nelson_semedo
2021-22,438,Daniel Castelo Podence,daniel castelo podence,castelo_daniel_podence,Wolves,MID,38,1475,1,38,FALSE,castelo_daniel_podence,castelo_daniel_podence
2021-22,439,Max Kilman,max kilman,kilman_max,Wolves,DEF,38,2688,1,38,FALSE,kilman_max,kilman_max
2021-22,440,Morgan Gibbs-White,morgan gibbs white,gibbs_morgan_white,Wolves,MID,38,7,1,38,FALSE,gibbs_morgan_white,gibbs_morgan_white
2021-22,441,Pedro Lomba Neto,pedro lomba neto,lomba_neto_pedro,Wolves,MID,38,459,1,38,FALSE,lomba_neto_pedro,lomba_neto_pedro
2021-22,442,Owen Otasowie,owen otasowie,otasowie_owen,Wolves,MID,38,0,1,38,FALSE,otasowie_owen,otasowie_owen
2021-22,443,Ki-Jana Hoever,ki jana hoever,hoever_jana_ki,Wolves,DEF,38,306,1,38,FALSE,hoever_jana_ki,hoever_jana_ki
2021-22,444,Andreas Söndergaard,andreas sondergaard,andreas_sondergaard,Wolves,GK,38,0,1,38,FALSE,andreas_sondergaard,andreas_sondergaard
2021-22,445,Fabio Silva,fabio silva,fabio_silva,Wolves,FWD,38,562,1,38,FALSE,fabio_silva,fabio_silva
2021-22,446,Yerson Mosquera Valdelamar,yerson mosquera valdelamar,mosquera_valdelamar_yerson,Wolves,DEF,38,0,1,38,FALSE,mosquera_valdelamar_yerson,mosquera_valdelamar_yerson
2021-22,447,Danny Welbeck,danny welbeck,danny_welbeck,Brighton,FWD,38,1469,1,38,FALSE,danny_welbeck,danny_welbeck
2021-22,448,Angus Gunn,angus gunn,angus_gunn,Norwich,GK,38,810,1,38,FALSE,angus_gunn,angus_gunn
2021-22,449,Milot Rashica,milot rashica,milot_rashica,Norwich,MID,38,2228,1,38,FALSE,milot_rashica,milot_rashica
2021-22,450,Emmanuel Dennis,emmanuel dennis,dennis_emmanuel,Watford,FWD,38,2579,1,38,FALSE,dennis_emmanuel,dennis_emmanuel
2021-22,451,Nathan Collins,nathan collins,collins_nathan,Burnley,DEF,38,1670,1,38,FALSE,collins_nathan,collins_nathan
2021-22,452,John Ruddy,john ruddy,john_ruddy,Wolves,GK,38,135,1,38,FALSE,john_ruddy,john_ruddy
2021-22,453,Fernando Luiz Rosa,fernando luiz rosa,fernando_luiz_rosa,Man City,MID,38,956,1,38,FALSE,fernando_luiz_rosa,fernando_luiz_rosa
2021-22,454,Matthew Pollock,matthew pollock,matthew_pollock,Watford,DEF,38,0,1,38,FALSE,matthew_pollock,matthew_pollock
2021-22,455,Patson Daka,patson daka,daka_patson,Leicester,FWD,38,1152,1,38,FALSE,daka_patson,daka_patson
2021-22,456,Ben Gibson,ben gibson,ben_gibson,Norwich,DEF,38,2494,1,38,FALSE,ben_gibson,ben_gibson
2021-22,457,Dimitris Giannoulis,dimitris giannoulis,dimitris_giannoulis,Norwich,DEF,38,1165,1,38,FALSE,dimitris_giannoulis,dimitris_giannoulis
2021-22,458,Boubakary Soumaré,boubakary soumare,boubakary_soumare,Leicester,MID,38,1095,1,38,FALSE,boubakary_soumare,boubakary_soumare
2021-22,459,Juan Mata,juan mata,juan_mata,Man Utd,MID,38,230,1,38,FALSE,juan_mata,juan_mata
2021-22,460,Romain Perraud,romain perraud,perraud_romain,Southampton,DEF,38,1621,1,38,FALSE,perraud_romain,perraud_romain
2021-22,461,Francisco Machado Mota de Castro Trincão,francisco machado mota de castro trincao,castro_de_francisco_machado_mota_trincao,Wolves,MID,38,1328,1,38,FALSE,castro_de_francisco_machado_mota_trincao,castro_de_francisco_machado_mota_trincao
2021-22,462,Enock Mwepu,enock mwepu,enock_mwepu,Brighton,MID,38,990,1,38,FALSE,enock_mwepu,enock_mwepu
2021-22,463,Héctor Junior Firpo Adames,hector junior firpo adames,adames_firpo_hector_junior,Leeds,DEF,38,1709,1,38,FALSE,adames_firpo_hector_junior,adames_firpo_hector_junior
2021-22,464,Michael Olise,michael olise,michael_olise,Crystal Palace,MID,38,1127,1,38,FALSE,michael_olise,michael_olise
2021-22,465,Federico Fernández,federico fernandez,federico_fernandez,Newcastle,DEF,38,521,1,38,FALSE,federico_fernandez,federico_fernandez
2021-22,466,Nuno Varela Tavares,nuno varela tavares,nuno_tavares_varela,Arsenal,DEF,38,1169,1,38,FALSE,nuno_tavares_varela,nuno_tavares_varela
2021-22,467,Oghenekaro Peter Etebo,oghenekaro peter etebo,etebo_oghenekaro_peter,Watford,MID,38,396,1,38,FALSE,etebo_oghenekaro_peter,etebo_oghenekaro_peter
2021-22,468,Joshua King,joshua king,joshua_king,Watford,FWD,38,2244,1,38,FALSE,joshua_king,joshua_king
2021-22,469,Adedapo Awokoya-Mebude,adedapo awokoya mebude,adedapo_awokoya_mebude,Watford,FWD,38,0,1,38,FALSE,adedapo_awokoya_mebude,adedapo_awokoya_mebude
2021-22,470,Rayan Ait Nouri,rayan ait nouri,ait_nouri_rayan,Wolves,DEF,38,1826,1,38,FALSE,ait_nouri_rayan,ait_nouri_rayan
2021-22,471,Pierre Lees-Melou,pierre lees melou,lees_melou_pierre,Norwich,MID,38,2261,1,38,FALSE,lees_melou_pierre,lees_melou_pierre
2021-22,472,Juan Camilo Hernández Suárez,juan camilo hernandez suarez,camilo_hernandez_juan_suarez,Watford,FWD,38,1138,1,38,FALSE,camilo_hernandez_juan_suarez,camilo_hernandez_juan_suarez
2021-22,473,Ryan Bertrand,ryan bertrand,bertrand_ryan,Leicester,DEF,38,337,1,38,FALSE,bertrand_ryan,bertrand_ryan
2021-22,474,Joel Ward,joel ward,joel_ward,Crystal Palace,DEF,38,2486,1,38,FALSE,joel_ward,joel_ward
2021-22,475,José Malheiro de Sá,jose malheiro de sa,de_jose_malheiro_sa,Wolves,GK,38,3285,1,38,FALSE,de_jose_malheiro_sa,de_jose_malheiro_sa
2021-22,476,Kjell Scherpen,kjell scherpen,kjell_scherpen,Brighton,GK,38,0,1,38,FALSE,kjell_scherpen,kjell_scherpen
2021-22,477,Marc Guéhi,marc guehi,guehi_marc,Crystal Palace,DEF,38,3222,1,38,FALSE,guehi_marc,guehi_marc
2021-22,478,Albert Sambi Lokonga,albert sambi lokonga,albert_lokonga_sambi,Arsenal,MID,38,1129,1,38,FALSE,albert_lokonga_sambi,albert_lokonga_sambi
2021-22,479,Frank Onyeka,frank onyeka,frank_onyeka,Brentford,MID,38,1040,1,38,FALSE,frank_onyeka,frank_onyeka
2021-22,480,Wayne Hennessey,wayne hennessey,hennessey_wayne,Burnley,GK,38,180,1,38,FALSE,hennessey_wayne,hennessey_wayne
2021-22,481,Asmir Begović,asmir begovic,asmir_begovic,Everton,GK,38,270,1,38,FALSE,asmir_begovic,asmir_begovic
2021-22,482,Andros Townsend,andros townsend,andros_townsend,Everton,MID,38,1452,1,38,FALSE,andros_townsend,andros_townsend
2021-22,483,Kristoffer Ajer,kristoffer ajer,ajer_kristoffer,Brentford,DEF,38,1995,1,38,FALSE,ajer_kristoffer,ajer_kristoffer
2021-22,484,Demarai Gray,demarai gray,demarai_gray,Everton,MID,38,2336,1,38,FALSE,demarai_gray,demarai_gray
2021-22,485,Jadon Sancho,jadon sancho,jadon_sancho,Man Utd,MID,38,1894,1,38,FALSE,jadon_sancho,jadon_sancho
2021-22,486,Pierluigi Gollini,pierluigi gollini,gollini_pierluigi,Spurs,GK,38,0,1,38,FALSE,gollini_pierluigi,gollini_pierluigi
2021-22,487,Bryan Gil Salvatierra,bryan gil salvatierra,bryan_gil_salvatierra,Spurs,MID,38,86,1,38,FALSE,bryan_gil_salvatierra,bryan_gil_salvatierra
2021-22,488,Joachim Andersen,joachim andersen,andersen_joachim,Crystal Palace,DEF,38,2914,1,38,FALSE,andersen_joachim,andersen_joachim
2021-22,489,Alphonse Areola,alphonse areola,alphonse_areola,West Ham,GK,38,90,1,38,FALSE,alphonse_areola,alphonse_areola
2021-22,490,Kristoffer Klaesson,kristoffer klaesson,klaesson_kristoffer,Leeds,GK,38,35,1,38,FALSE,klaesson_kristoffer,klaesson_kristoffer
2021-22,491,Tino Livramento,tino livramento,livramento_tino,Southampton,DEF,38,2200,1,38,FALSE,livramento_tino,livramento_tino
2021-22,492,Leon Bailey,leon bailey,bailey_leon,Aston Villa,MID,38,750,1,38,FALSE,bailey_leon,bailey_leon
2021-22,493,Nathaniel Clyne,nathaniel clyne,clyne_nathaniel,Crystal Palace,DEF,38,1351,1,38,FALSE,clyne_nathaniel,clyne_nathaniel
2021-22,494,Cristian Romero,cristian romero,cristian_romero,Spurs,DEF,38,1844,1,38,FALSE,cristian_romero,cristian_romero
2021-22,495,Juraj Kucka,juraj kucka,juraj_kucka,Watford,MID,38,1917,1,38,FALSE,juraj_kucka,juraj_kucka
2021-22,496,Aaron Ramsey,aaron ramsey,aaron_ramsey,Aston Villa,MID,38,0,1,38,FALSE,aaron_ramsey,aaron_ramsey
2021-22,497,Jaden Philogene-Bidace,jaden philogene bidace,bidace_jaden_philogene,Aston Villa,MID,38,4,1,38,FALSE,bidace_jaden_philogene,bidace_jaden_philogene
2021-22,498,Dominic Thompson,dominic thompson,dominic_thompson,Brentford,DEF,38,146,1,38,FALSE,dominic_thompson,dominic_thompson
2021-22,499,Shandon Baptiste,shandon baptiste,baptiste_shandon,Brentford,MID,38,898,1,38,FALSE,baptiste_shandon,baptiste_shandon
2021-22,500,Florin Andone,florin andone,andone_florin,Brighton,FWD,38,0,1,38,FALSE,andone_florin,andone_florin
2021-22,501,Malang Sarr,malang sarr,malang_sarr,Chelsea,DEF,38,544,1,38,FALSE,malang_sarr,malang_sarr
2021-22,502,Jonjoe Kenny,jonjoe kenny,jonjoe_kenny,Everton,DEF,38,1015,1,38,FALSE,jonjoe_kenny,jonjoe_kenny
2021-22,503,Anthony Gordon,anthony gordon,anthony_gordon,Everton,MID,38,2277,1,38,FALSE,anthony_gordon,anthony_gordon
2021-22,504,Jean-Philippe Gbamin,jean philippe gbamin,gbamin_jean_philippe,Everton,MID,38,65,1,38,FALSE,gbamin_jean_philippe,gbamin_jean_philippe
2021-22,505,Kiernan Dewsbury-Hall,kiernan dewsbury hall,dewsbury_hall_kiernan,Leicester,MID,38,2101,1,38,FALSE,dewsbury_hall_kiernan,dewsbury_hall_kiernan
2021-22,506,Harvey Elliott,harvey elliott,elliott_harvey,Liverpool,MID,38,344,1,38,FALSE,elliott_harvey,elliott_harvey
2021-22,507,Cole Palmer,cole palmer,cole_palmer,Man City,MID,38,121,1,38,FALSE,cole_palmer,cole_palmer
2021-22,508,Samuel Edozie,samuel edozie,edozie_samuel,Man City,MID,38,0,1,38,FALSE,edozie_samuel,edozie_samuel
2021-22,509,Tom Heaton,tom heaton,heaton_tom,Man Utd,GK,38,0,1,38,FALSE,heaton_tom,heaton_tom
2021-22,510,José Diogo Dalot Teixeira,jose diogo dalot teixeira,dalot_diogo_jose_teixeira,Man Utd,DEF,38,1797,1,38,FALSE,dalot_diogo_jose_teixeira,dalot_diogo_jose_teixeira
2021-22,511,Andreas Pereira,andreas pereira,andreas_pereira,Man Utd,MID,38,0,1,38,FALSE,andreas_pereira,andreas_pereira
2021-22,512,Anthony Elanga,anthony elanga,anthony_elanga,Man Utd,MID,38,1208,1,38,FALSE,anthony_elanga,anthony_elanga
2021-22,513,Freddie Woodman,freddie woodman,freddie_woodman,Newcastle,GK,38,360,1,38,FALSE,freddie_woodman,freddie_woodman
2021-22,514,Mark Gillespie,mark gillespie,gillespie_mark,Newcastle,GK,38,0,1,38,FALSE,gillespie_mark,gillespie_mark
2021-22,515,Bali Mumba,bali mumba,bali_mumba,Norwich,DEF,38,45,1,38,FALSE,bali_mumba,bali_mumba
2021-22,516,Joshua Sargent,joshua sargent,joshua_sargent,Norwich,FWD,38,1566,1,38,FALSE,joshua_sargent,joshua_sargent
2021-22,517,Mohamed Elyounoussi,mohamed elyounoussi,elyounoussi_mohamed,Southampton,MID,38,2039,1,38,FALSE,elyounoussi_mohamed,elyounoussi_mohamed
2021-22,518,Armando Broja,armando broja,armando_broja,Southampton,FWD,38,1969,1,38,FALSE,armando_broja,armando_broja
2021-22,519,Shane Long,shane long,long_shane,Southampton,FWD,38,300,1,38,FALSE,long_shane,long_shane
2021-22,520,Dane Scarlett,dane scarlett,dane_scarlett,Spurs,FWD,38,3,1,38,FALSE,dane_scarlett,dane_scarlett
2021-22,521,Frederik Alves,frederik alves,alves_frederik,West Ham,DEF,38,0,1,38,FALSE,alves_frederik,alves_frederik
2021-22,522,Conor Coventry,conor coventry,conor_coventry,West Ham,MID,38,0,1,38,FALSE,conor_coventry,conor_coventry
2021-22,523,Patrick Cutrone,patrick cutrone,cutrone_patrick,Wolves,FWD,38,0,1,38,FALSE,cutrone_patrick,cutrone_patrick
2021-22,524,Yoane Wissa,yoane wissa,wissa_yoane,Brentford,MID,38,1268,1,38,FALSE,wissa_yoane,wissa_yoane
2021-22,525,Adam Armstrong,adam armstrong,adam_armstrong,Southampton,FWD,38,1409,1,38,FALSE,adam_armstrong,adam_armstrong
2021-22,526,Carney Chukwuemeka,carney chukwuemeka,carney_chukwuemeka,Aston Villa,MID,38,291,1,38,FALSE,carney_chukwuemeka,carney_chukwuemeka
2021-22,527,Trevoh Chalobah,trevoh chalobah,chalobah_trevoh,Chelsea,DEF,38,1447,1,38,FALSE,chalobah_trevoh,chalobah_trevoh
2021-22,528,Christos Tzolis,christos tzolis,christos_tzolis,Norwich,MID,38,326,1,38,FALSE,christos_tzolis,christos_tzolis
2021-22,529,Romelu Lukaku,romelu lukaku,lukaku_romelu,Chelsea,FWD,38,1583,1,38,FALSE,lukaku_romelu,lukaku_romelu
2021-22,530,Folarin Balogun,folarin balogun,balogun_folarin,Arsenal,FWD,38,69,1,38,FALSE,balogun_folarin,balogun_folarin
2021-22,531,Reiss Nelson,reiss nelson,nelson_reiss,Arsenal,MID,38,19,1,38,FALSE,nelson_reiss,nelson_reiss
2021-22,532,Karl Hein,karl hein,hein_karl,Arsenal,GK,38,0,1,38,FALSE,hein_karl,hein_karl
2021-22,533,Lewis Richardson,lewis richardson,lewis_richardson,Burnley,FWD,38,0,1,38,FALSE,lewis_richardson,lewis_richardson
2021-22,534,Bobby Thomas,bobby thomas,bobby_thomas,Burnley,DEF,38,0,1,38,FALSE,bobby_thomas,bobby_thomas
2021-22,535,Andi Zeqiri,andi zeqiri,andi_zeqiri,Brighton,FWD,38,0,1,38,FALSE,andi_zeqiri,andi_zeqiri
2021-22,536,Michal Karbownik,michal karbownik,karbownik_michal,Brighton,DEF,38,0,1,38,FALSE,karbownik_michal,karbownik_michal
2021-22,537,Taylor Richards,taylor richards,richards_taylor,Brighton,MID,38,23,1,38,FALSE,richards_taylor,richards_taylor
2021-22,538,Moisés Caicedo,moises caicedo,caicedo_moises,Brighton,MID,38,660,1,38,FALSE,caicedo_moises,caicedo_moises
2021-22,539,Emerson Palmieri dos Santos,emerson palmieri dos santos,dos_emerson_palmieri_santos,Chelsea,DEF,38,4,1,38,FALSE,dos_emerson_palmieri_santos,dos_emerson_palmieri_santos
2021-22,540,Reece Hannam,reece hannam,hannam_reece,Crystal Palace,DEF,38,0,1,38,FALSE,hannam_reece,hannam_reece
2021-22,541,Jesurun Rak-Sakyi,jesurun rak sakyi,jesurun_rak_sakyi,Crystal Palace,MID,38,79,1,38,FALSE,jesurun_rak_sakyi,jesurun_rak_sakyi
2021-22,542,Robert Street,robert street,robert_street,Crystal Palace,FWD,38,0,1,38,FALSE,robert_street,robert_street
2021-22,543,Scott Banks,scott banks,banks_scott,Crystal Palace,MID,38,0,1,38,FALSE,banks_scott,banks_scott
2021-22,544,Jarrad Branthwaite,jarrad branthwaite,branthwaite_jarrad,Everton,DEF,38,387,1,38,FALSE,branthwaite_jarrad,branthwaite_jarrad
2021-22,545,Nathan Broadhead,nathan broadhead,broadhead_nathan,Everton,FWD,38,0,1,38,FALSE,broadhead_nathan,broadhead_nathan
2021-22,546,Yan Valery,yan valery,valery_yan,Southampton,DEF,38,369,1,38,FALSE,valery_yan,valery_yan
2021-22,547,Luke Cundle,luke cundle,cundle_luke,Wolves,MID,38,179,1,38,FALSE,cundle_luke,cundle_luke
2021-22,548,Chem Campbell,chem campbell,campbell_chem,Wolves,MID,38,12,1,38,FALSE,campbell_chem,campbell_chem
2021-22,549,Christian Marques,christian marques,christian_marques,Wolves,DEF,38,0,1,38,FALSE,christian_marques,christian_marques
2021-22,550,Sam Greenwood,sam greenwood,greenwood_sam,Leeds,FWD,38,231,1,38,FALSE,greenwood_sam,greenwood_sam
2021-22,551,Crysencio Summerville,crysencio summerville,crysencio_summerville,Leeds,MID,38,126,1,38,FALSE,crysencio_summerville,crysencio_summerville
2021-22,552,Adam Forshaw,adam forshaw,adam_forshaw,Leeds,MID,38,1526,1,38,FALSE,adam_forshaw,adam_forshaw
2021-22,553,Ben Woodburn,ben woodburn,ben_woodburn,Liverpool,MID,38,0,1,38,FALSE,ben_woodburn,ben_woodburn
2021-22,554,Jamal Baptiste,jamal baptiste,baptiste_jamal,West Ham,DEF,38,0,1,38,FALSE,baptiste_jamal,baptiste_jamal
2021-22,555,Raphaël Varane,raphael varane,raphael_varane,Man Utd,DEF,37,1829,2,38,FALSE,raphael_varane,raphael_varane
2021-22,556,Álvaro Fernández,alvaro fernandez,alvaro_fernandez,Brentford,GK,37,1080,2,38,TRUE,alvaro_fernandez__gk,alvaro_fernandez__gk
2021-22,557,Ozan Tufan,ozan tufan,ozan_tufan,Watford,MID,37,334,2,38,FALSE,ozan_tufan,ozan_tufan
2021-22,558,Martin Ødegaard,martin odegaard,martin_odegaard,Arsenal,MID,37,2782,2,38,FALSE,martin_odegaard,martin_odegaard
2021-22,559,Aaron Ramsdale,aaron ramsdale,aaron_ramsdale,Arsenal,GK,37,3060,2,38,FALSE,aaron_ramsdale,aaron_ramsdale
2021-22,560,Haydon Roberts,haydon roberts,haydon_roberts,Brighton,DEF,37,0,2,38,FALSE,haydon_roberts,haydon_roberts
2021-22,561,Remi Matthews,remi matthews,matthews_remi,Crystal Palace,GK,37,0,2,38,FALSE,matthews_remi,matthews_remi
2021-22,562,Cody Drameh,cody drameh,cody_drameh,Leeds,DEF,37,126,2,38,FALSE,cody_drameh,cody_drameh
2021-22,563,Charlie Cresswell,charlie cresswell,charlie_cresswell,Leeds,DEF,37,140,2,38,FALSE,charlie_cresswell,charlie_cresswell
2021-22,564,Moise Kean,moise kean,kean_moise,Everton,FWD,37,1,2,38,FALSE,kean_moise,kean_moise
2021-22,565,Owen Dodgson,owen dodgson,dodgson_owen,Burnley,DEF,37,0,2,38,FALSE,dodgson_owen,dodgson_owen
2021-22,566,Tommy Doyle,tommy doyle,doyle_tommy,Man City,MID,37,0,2,38,FALSE,doyle_tommy,doyle_tommy
2021-22,567,Lyanco Evangelista Silveira Neves Vojnovic,lyanco evangelista silveira neves vojnovic,evangelista_lyanco_neves_silveira_vojnovic,Southampton,DEF,36,906,3,38,FALSE,evangelista_lyanco_neves_silveira_vojnovic,evangelista_lyanco_neves_silveira_vojnovic
2021-22,568,Cameron Archer,cameron archer,archer_cameron,Aston Villa,FWD,36,24,3,38,FALSE,archer_cameron,archer_cameron
2021-22,569,Finley Stevens,finley stevens,finley_stevens,Brentford,DEF,36,14,3,38,FALSE,finley_stevens,finley_stevens
2021-22,570,Niels Nkounkou,niels nkounkou,niels_nkounkou,Everton,DEF,36,0,3,38,FALSE,niels_nkounkou,niels_nkounkou
2021-22,571,Andy Lonergan,andy lonergan,andy_lonergan,Everton,GK,36,0,3,38,FALSE,andy_lonergan,andy_lonergan
2021-22,572,Arthur Okonkwo,arthur okonkwo,arthur_okonkwo,Arsenal,GK,36,0,3,38,FALSE,arthur_okonkwo,arthur_okonkwo
2021-22,573,Eldin Jakupovic,eldin jakupovic,eldin_jakupovic,Leicester,GK,36,0,3,38,FALSE,eldin_jakupovic,eldin_jakupovic
2021-22,574,Robert Elliot,robert elliot,elliot_robert,Watford,GK,36,0,3,38,FALSE,elliot_robert,elliot_robert
2021-22,575,Aaron Lennon,aaron lennon,aaron_lennon,Burnley,MID,36,1541,3,38,FALSE,aaron_lennon,aaron_lennon
2021-22,576,Liam McCarron,liam mccarron,liam_mccarron,Leeds,MID,36,9,3,38,FALSE,liam_mccarron,liam_mccarron
2021-22,577,Joe Gelhardt,joe gelhardt,gelhardt_joe,Leeds,FWD,36,733,3,38,FALSE,gelhardt_joe,gelhardt_joe
2021-22,578,Maxwel Cornet,maxwel cornet,cornet_maxwel,Burnley,MID,35,1764,4,38,FALSE,cornet_maxwel,cornet_maxwel
2021-22,579,Cristiano Ronaldo dos Santos Aveiro,cristiano ronaldo dos santos aveiro,aveiro_cristiano_dos_ronaldo_santos,Man Utd,FWD,35,2454,4,38,FALSE,aveiro_cristiano_dos_ronaldo_santos,aveiro_cristiano_dos_ronaldo_santos
2021-22,580,Ozan Kabak,ozan kabak,kabak_ozan,Norwich,DEF,35,923,4,38,FALSE,kabak_ozan,kabak_ozan
2021-22,581,Mathias Normann,mathias normann,mathias_normann,Norwich,MID,35,1643,4,38,FALSE,mathias_normann,mathias_normann
2021-22,582,Nikola Vlasic,nikola vlasic,nikola_vlasic,West Ham,MID,35,549,4,38,FALSE,nikola_vlasic,nikola_vlasic
2021-22,583,Hee-Chan Hwang,hee chan hwang,chan_hee_hwang,Wolves,FWD,35,1811,4,38,FALSE,chan_hee_hwang,chan_hee_hwang
2021-22,584,Marc Cucurella,marc cucurella,cucurella_marc,Brighton,DEF,35,3089,4,38,FALSE,cucurella_marc,cucurella_marc
2021-22,585,Connor Roberts,connor roberts,connor_roberts,Burnley,DEF,35,1689,4,38,FALSE,connor_roberts,connor_roberts
2021-22,586,Odsonne Edouard,odsonne edouard,edouard_odsonne,Crystal Palace,FWD,35,1554,4,38,FALSE,edouard_odsonne,edouard_odsonne
2021-22,587,Ademola Lookman,ademola lookman,ademola_lookman,Leicester,MID,35,1446,4,38,FALSE,ademola_lookman,ademola_lookman
2021-22,588,Emerson Aparecido Leite de Souza Junior,emerson aparecido leite de souza junior,aparecido_de_emerson_junior_leite_souza,Spurs,DEF,35,2282,4,38,FALSE,aparecido_de_emerson_junior_leite_souza,aparecido_de_emerson_junior_leite_souza
2021-22,589,Alex Kral,alex kral,alex_kral,West Ham,MID,35,1,4,38,FALSE,alex_kral,alex_kral
2021-22,590,Takehiro Tomiyasu,takehiro tomiyasu,takehiro_tomiyasu,Arsenal,DEF,35,1680,4,38,FALSE,takehiro_tomiyasu,takehiro_tomiyasu
2021-22,591,Salomón Rondón,salomon rondon,rondon_salomon,Everton,FWD,35,779,4,38,FALSE,rondon_salomon,rondon_salomon
2021-22,592,Saúl Ñíguez,saul niguez,niguez_saul,Chelsea,MID,35,478,4,38,FALSE,niguez_saul,niguez_saul
2021-22,593,Scott Carson,scott carson,carson_scott,Man City,GK,35,0,4,38,FALSE,carson_scott,carson_scott
2021-22,594,Mathias Jorgensen,mathias jorgensen,jorgensen_mathias,Brentford,DEF,35,516,4,38,FALSE,jorgensen_mathias,jorgensen_mathias
2021-22,595,Jürgen Locadia,jurgen locadia,jurgen_locadia,Brighton,FWD,35,22,4,38,FALSE,jurgen_locadia,jurgen_locadia
2021-22,596,Viljami Sinisalo,viljami sinisalo,sinisalo_viljami,Aston Villa,GK,35,0,4,38,FALSE,sinisalo_viljami,sinisalo_viljami
2021-22,597,Dilan Markanday,dilan markanday,dilan_markanday,Spurs,MID,35,0,4,38,FALSE,dilan_markanday,dilan_markanday
2021-22,598,Tobi Omole,tobi omole,omole_tobi,Spurs,DEF,35,0,4,38,FALSE,omole_tobi,omole_tobi
2021-22,599,Joe White,joe white,joe_white,Newcastle,MID,35,0,4,38,FALSE,joe_white,joe_white
2021-22,600,Nohan Kenneh,nohan kenneh,kenneh_nohan,Leeds,MID,34,0,5,38,FALSE,kenneh_nohan,kenneh_nohan
2021-22,601,Stuart McKinstry,stuart mckinstry,mckinstry_stuart,Leeds,MID,34,3,5,38,FALSE,mckinstry_stuart,mckinstry_stuart
2021-22,602,Ellis Simms,ellis simms,ellis_simms,Everton,FWD,34,61,5,38,FALSE,ellis_simms,ellis_simms
2021-22,603,Luke Mbete,luke mbete,luke_mbete,Man City,DEF,34,0,5,38,FALSE,luke_mbete,luke_mbete
2021-22,604,Joshua Wilson-Esbrand,joshua wilson esbrand,esbrand_joshua_wilson,Man City,DEF,34,0,5,38,FALSE,esbrand_joshua_wilson,esbrand_joshua_wilson
2021-22,605,Romeo Lavia,romeo lavia,lavia_romeo,Man City,MID,34,0,5,38,FALSE,lavia_romeo,lavia_romeo
2021-22,606,Marcus Bettinelli,marcus bettinelli,bettinelli_marcus,Chelsea,GK,34,0,5,38,FALSE,bettinelli_marcus,bettinelli_marcus
2021-22,607,Lewis Dobbin,lewis dobbin,dobbin_lewis,Everton,FWD,33,30,6,38,FALSE,dobbin_lewis,dobbin_lewis
2021-22,608,Leo Fuhr Hjelde,leo fuhr hjelde,fuhr_hjelde_leo,Leeds,DEF,33,148,6,38,FALSE,fuhr_hjelde_leo,fuhr_hjelde_leo
2021-22,609,Elliot Anderson,elliot anderson,anderson_elliot,Newcastle,MID,33,0,6,38,FALSE,anderson_elliot,anderson_elliot
2021-22,610,Lamare Bogarde,lamare bogarde,bogarde_lamare,Aston Villa,DEF,33,0,6,38,FALSE,bogarde_lamare,bogarde_lamare
2021-22,611,Louie Moulden,louie moulden,louie_moulden,Wolves,GK,33,0,6,38,FALSE,louie_moulden,louie_moulden
2021-22,612,Jeremy Sarmiento,jeremy sarmiento,jeremy_sarmiento,Brighton,MID,32,44,7,38,FALSE,jeremy_sarmiento,jeremy_sarmiento
2021-22,613,Charlie Whitaker,charlie whitaker,charlie_whitaker,Everton,MID,32,0,7,38,FALSE,charlie_whitaker,charlie_whitaker
2021-22,614,Paris Maghoma,paris maghoma,maghoma_paris,Brentford,MID,31,0,8,38,FALSE,maghoma_paris,maghoma_paris
2021-22,615,Cieran Slicker,cieran slicker,cieran_slicker,Man City,GK,31,0,8,38,FALSE,cieran_slicker,cieran_slicker
2021-22,616,Harry Tyrer,harry tyrer,harry_tyrer,Everton,GK,31,0,8,38,FALSE,harry_tyrer,harry_tyrer
2021-22,617,Harrison Ashby,harrison ashby,ashby_harrison,West Ham,DEF,31,6,8,38,FALSE,ashby_harrison,ashby_harrison
2021-22,618,Nicolas Nkoulou,nicolas nkoulou,nicolas_nkoulou,Watford,DEF,30,167,9,38,FALSE,nicolas_nkoulou,nicolas_nkoulou
2021-22,619,Matthew Cox,matthew cox,cox_matthew,Brentford,GK,29,0,10,38,FALSE,cox_matthew,cox_matthew
2021-22,620,Tyler Morton,tyler morton,morton_tyler,Liverpool,MID,29,65,10,38,FALSE,morton_tyler,morton_tyler
2021-22,621,James Storer,james storer,james_storer,Wolves,GK,29,0,10,38,FALSE,james_storer,james_storer
2021-22,622,Cenk Tosun,cenk tosun,cenk_tosun,Everton,FWD,29,5,10,38,FALSE,cenk_tosun,cenk_tosun
2021-22,623,Reece Welch,reece welch,reece_welch,Everton,DEF,29,0,10,38,FALSE,reece_welch,reece_welch
2021-22,624,Lewis Bate,lewis bate,bate_lewis,Leeds,MID,28,145,11,38,FALSE,bate_lewis,bate_lewis
2021-22,625,Kaide Gordon,kaide gordon,gordon_kaide,Liverpool,MID,27,8,12,38,FALSE,gordon_kaide,gordon_kaide
2021-22,626,Conor Bradley,conor bradley,bradley_conor,Liverpool,DEF,27,0,12,38,FALSE,bradley_conor,bradley_conor
2021-22,627,Owen Beck,owen beck,beck_owen,Liverpool,DEF,27,0,12,38,FALSE,beck_owen,beck_owen
2021-22,628,Maxwell Haygarth,maxwell haygarth,haygarth_maxwell,Brentford,MID,27,0,12,38,FALSE,haygarth_maxwell,haygarth_maxwell
2021-22,629,James McAtee,james mcatee,james_mcatee,Man City,MID,27,18,12,38,FALSE,james_mcatee,james_mcatee
2021-22,630,Tyler Onyango,tyler onyango,onyango_tyler,Everton,MID,27,27,12,38,FALSE,onyango_tyler,onyango_tyler
2021-22,631,Jack Jenkins,jack jenkins,jack_jenkins,Leeds,MID,27,0,12,38,FALSE,jack_jenkins,jack_jenkins
2021-22,632,Phil Jones,phil jones,jones_phil,Man Utd,DEF,26,161,13,38,FALSE,jones_phil,jones_phil
2021-22,633,James Morris,james morris,james_morris,Watford,DEF,26,0,13,38,FALSE,james_morris,james_morris
2021-22,634,Sonny Perkins,sonny perkins,perkins_sonny,West Ham,MID,25,3,14,38,FALSE,perkins_sonny,perkins_sonny
2021-22,635,Hugo Bueno,hugo bueno,bueno_hugo,Wolves,DEF,25,0,14,38,FALSE,bueno_hugo,bueno_hugo
2021-22,636,Amad Diallo,amad diallo,amad_diallo,Man Utd,MID,25,0,14,38,FALSE,amad_diallo,amad_diallo
2021-22,637,Harry Lewis,harry lewis,harry_lewis,Southampton,GK,24,0,15,38,FALSE,harry_lewis,harry_lewis
2021-22,638,Tim Iroegbunam,tim iroegbunam,iroegbunam_tim,Aston Villa,MID,24,90,15,38,FALSE,iroegbunam_tim,iroegbunam_tim
2021-22,639,Vontae Daley-Campbell,vontae daley campbell,campbell_daley_vontae,Leicester,DEF,24,0,15,38,FALSE,campbell_daley_vontae,campbell_daley_vontae
2021-22,640,Nathan Young-Coombes,nathan young coombes,coombes_nathan_young,Brentford,FWD,24,3,15,38,FALSE,coombes_nathan_young,coombes_nathan_young
2021-22,641,Willy Caballero,willy caballero,caballero_willy,Southampton,GK,23,180,16,38,FALSE,caballero_willy,caballero_willy
2021-22,642,Vincent Angelini,vincent angelini,angelini_vincent,Watford,GK,23,0,16,38,FALSE,angelini_vincent,angelini_vincent
2021-22,643,Jonathan Tomkinson,jonathan tomkinson,jonathan_tomkinson,Norwich,DEF,23,0,16,38,FALSE,jonathan_tomkinson,jonathan_tomkinson
2021-22,644,Ajibola Alese,ajibola alese,ajibola_alese,West Ham,DEF,23,0,16,38,FALSE,ajibola_alese,ajibola_alese
2021-22,645,Ben Nelson,ben nelson,ben_nelson,Leicester,DEF,23,0,16,38,FALSE,ben_nelson,ben_nelson
2021-22,646,Lewis Brunt,lewis brunt,brunt_lewis,Leicester,MID,23,23,16,38,FALSE,brunt_lewis,brunt_lewis
2021-22,647,Kasey McAteer,kasey mcateer,kasey_mcateer,Leicester,MID,23,2,16,38,FALSE,kasey_mcateer,kasey_mcateer
2021-22,648,Jonathan Rowe,jonathan rowe,jonathan_rowe,Norwich,MID,22,208,17,38,FALSE,jonathan_rowe,jonathan_rowe
2021-22,649,Thomas Dickson-Peters,thomas dickson peters,dickson_peters_thomas,Norwich,FWD,22,0,17,38,FALSE,dickson_peters_thomas,dickson_peters_thomas
2021-22,650,Filip Marschall,filip marschall,filip_marschall,Aston Villa,GK,22,0,17,38,FALSE,filip_marschall,filip_marschall
2021-22,651,Conrad Egan-Riley,conrad egan riley,conrad_egan_riley,Man City,DEF,22,3,17,38,FALSE,conrad_egan_riley,conrad_egan_riley
2021-22,652,Armstrong Oko-Flex,armstrong oko flex,armstrong_flex_oko,West Ham,MID,22,0,17,38,FALSE,armstrong_flex_oko,armstrong_flex_oko
2021-22,653,Ed Turns,ed turns,ed_turns,Brighton,DEF,23,0,17,38,FALSE,ed_turns,ed_turns
2021-22,654,Marc Leonard,marc leonard,leonard_marc,Brighton,MID,23,0,17,38,FALSE,leonard_marc,leonard_marc
2021-22,655,Evan Ferguson,evan ferguson,evan_ferguson,Brighton,FWD,23,22,17,38,FALSE,evan_ferguson,evan_ferguson
2021-22,656,Marcelo de Araújo Pitaluga Filho,marcelo de araujo pitaluga filho,araujo_de_filho_marcelo_pitaluga,Liverpool,GK,22,0,17,38,FALSE,araujo_de_filho_marcelo_pitaluga,araujo_de_filho_marcelo_pitaluga
2021-22,657,Kris Moore,kris moore,kris_moore,Leeds,DEF,21,0,18,38,FALSE,kris_moore,kris_moore
2021-22,658,Archie Gray,archie gray,archie_gray,Leeds,MID,21,0,18,38,FALSE,archie_gray,archie_gray
2021-22,659,Brandon Austin,brandon austin,austin_brandon,Spurs,GK,24,0,18,38,FALSE,austin_brandon,austin_brandon
2021-22,660,Jarell Quansah,jarell quansah,jarell_quansah,Liverpool,DEF,21,0,18,38,FALSE,jarell_quansah,jarell_quansah
2021-22,661,Bruno André Cavaco Jordão,bruno andre cavaco jordao,andre_bruno_cavaco_jordao,Wolves,MID,21,0,18,38,FALSE,andre_bruno_cavaco_jordao,andre_bruno_cavaco_jordao
2021-22,662,Myles Peart-Harris,myles peart harris,harris_myles_peart,Brentford,MID,22,0,19,38,FALSE,harris_myles_peart,harris_myles_peart
2021-22,663,Kayky da Silva Chagas,kayky da silva chagas,chagas_da_kayky_silva,Man City,FWD,20,6,19,38,FALSE,chagas_da_kayky_silva,chagas_da_kayky_silva
2021-22,664,Charlie Patino,charlie patino,charlie_patino,Arsenal,MID,20,0,19,38,FALSE,charlie_patino,charlie_patino
2021-22,665,Dynel Simeu,dynel simeu,dynel_simeu,Southampton,DEF,21,0,19,38,FALSE,dynel_simeu,dynel_simeu
2021-22,666,Jon McCracken,jon mccracken,jon_mccracken,Norwich,GK,20,0,20,38,FALSE,jon_mccracken,jon_mccracken
2021-22,667,Thierry Small,thierry small,small_thierry,Southampton,DEF,20,0,20,38,FALSE,small_thierry,small_thierry
2021-22,668,Harvey White,harvey white,harvey_white,Spurs,MID,22,0,20,38,FALSE,harvey_white,harvey_white
2021-22,669,Kamil Conteh,kamil conteh,conteh_kamil,Watford,MID,22,0,20,38,FALSE,conteh_kamil,conteh_kamil
2021-22,670,Josh Feeney,josh feeney,feeney_josh,Aston Villa,DEF,20,0,21,38,FALSE,feeney_josh,feeney_josh
2021-22,671,Lewis Hall,lewis hall,hall_lewis,Chelsea,MID,18,0,21,38,FALSE,hall_lewis,hall_lewis
2021-22,672,Harvey Vale,harvey vale,harvey_vale,Chelsea,MID,18,0,21,38,FALSE,harvey_vale,harvey_vale
2021-22,673,Jonas Lössl,jonas lossl,jonas_lossl,Brentford,GK,20,180,21,38,FALSE,jonas_lossl,jonas_lossl
2021-22,674,Nathan Patterson,nathan patterson,nathan_patterson,Everton,DEF,21,0,21,38,FALSE,nathan_patterson,nathan_patterson
2021-22,675,Vitalii Mykolenko,vitalii mykolenko,mykolenko_vitalii,Everton,DEF,21,1054,21,38,FALSE,mykolenko_vitalii,mykolenko_vitalii
2021-22,676,Hassane Kamara,hassane kamara,hassane_kamara,Watford,DEF,20,1622,22,38,FALSE,hassane_kamara,hassane_kamara
2021-22,677,Samir Caetano de Souza Santos,samir caetano de souza santos,caetano_de_samir_santos_souza,Watford,DEF,20,1674,22,38,FALSE,caetano_de_samir_santos_souza,caetano_de_samir_santos_souza
2021-22,678,Kieran Trippier,kieran trippier,kieran_trippier,Newcastle,DEF,19,429,22,38,FALSE,kieran_trippier,kieran_trippier
2021-22,679,Edo Kayembe,edo kayembe,edo_kayembe,Watford,MID,20,795,22,38,FALSE,edo_kayembe,edo_kayembe
2021-22,680,Kgaogelo Chauke,kgaogelo chauke,chauke_kgaogelo,Southampton,MID,19,0,21,38,FALSE,chauke_kgaogelo,chauke_kgaogelo
2021-22,681,Philippe Coutinho Correia,philippe coutinho correia,correia_coutinho_philippe,Aston Villa,MID,19,1327,22,38,FALSE,correia_coutinho_philippe,correia_coutinho_philippe
2021-22,682,Pierre Ekwah,pierre ekwah,ekwah_pierre,West Ham,DEF,19,0,21,38,FALSE,ekwah_pierre,ekwah_pierre
2021-22,683,Liam Gibbs,liam gibbs,gibbs_liam,Norwich,MID,19,0,21,38,FALSE,gibbs_liam,gibbs_liam
2021-22,684,Kaine Hayden,kaine hayden,hayden_kaine,Aston Villa,DEF,19,0,22,38,FALSE,hayden_kaine,hayden_kaine
2021-22,685,Toti António Gomes,toti antonio gomes,antonio_gomes_toti,Wolves,DEF,19,360,22,38,FALSE,antonio_gomes_toti,antonio_gomes_toti
2021-22,686,Dion Sanderson,dion sanderson,dion_sanderson,Wolves,DEF,19,0,22,38,FALSE,dion_sanderson,dion_sanderson
2021-22,687,Ryan Giles,ryan giles,giles_ryan,Wolves,MID,19,0,22,38,FALSE,giles_ryan,giles_ryan
2021-22,688,Thomas McGill,thomas mcgill,mcgill_thomas,Brighton,GK,19,0,22,38,FALSE,mcgill_thomas,mcgill_thomas
2021-22,689,Francisco Jorge Tomás Oliveira,francisco jorge tomas oliveira,francisco_jorge_oliveira_tomas,Wolves,MID,18,203,23,38,FALSE,francisco_jorge_oliveira_tomas,francisco_jorge_oliveira_tomas
2021-22,690,Robert Kenedy Nunes do Nascimento,robert kenedy nunes do nascimento,do_kenedy_nascimento_nunes_robert,Chelsea,DEF,15,58,23,38,FALSE,do_kenedy_nascimento_nunes_robert,do_kenedy_nascimento_nunes_robert
2021-22,691,Robin Olsen,robin olsen,olsen_robin,Aston Villa,GK,18,90,23,38,FALSE,olsen_robin,olsen_robin
2021-22,692,Omari Hutchinson,omari hutchinson,hutchinson_omari,Arsenal,MID,18,0,23,38,FALSE,hutchinson_omari,hutchinson_omari
2021-22,693,Salah-Eddine Oulad M'hand,salah eddine oulad m hand,eddine_hand_m_oulad_salah,Arsenal,MID,18,0,23,38,FALSE,eddine_hand_m_oulad_salah,eddine_hand_m_oulad_salah
2021-22,694,Mika Biereth,mika biereth,biereth_mika,Arsenal,FWD,18,0,23,38,FALSE,biereth_mika,biereth_mika
2021-22,695,Ryan Alebiosu,ryan alebiosu,alebiosu_ryan,Arsenal,DEF,18,0,23,38,FALSE,alebiosu_ryan,alebiosu_ryan
2021-22,696,Luis Díaz,luis diaz,diaz_luis,Liverpool,MID,16,957,24,38,FALSE,diaz_luis,diaz_luis
2021-22,697,Bruno Guimarães Rodriguez Moura,bruno guimaraes rodriguez moura,bruno_guimaraes_moura_rodriguez,Newcastle,MID,17,1031,24,38,FALSE,bruno_guimaraes_moura_rodriguez,bruno_guimaraes_moura_rodriguez
2021-22,698,Samuel Kalu,samuel kalu,kalu_samuel,Watford,MID,19,221,23,38,FALSE,kalu_samuel,kalu_samuel
2021-22,699,Christian Eriksen,christian eriksen,christian_eriksen,Brentford,MID,15,938,24,38,FALSE,christian_eriksen,christian_eriksen
2021-22,700,Wout Weghorst,wout weghorst,weghorst_wout,Burnley,FWD,21,1448,23,38,FALSE,weghorst_wout,weghorst_wout
2021-22,701,Dejan Kulusevski,dejan kulusevski,dejan_kulusevski,Spurs,MID,18,1259,24,38,FALSE,dejan_kulusevski,dejan_kulusevski
2021-22,702,Rodrigo Bentancur,rodrigo bentancur,bentancur_rodrigo,Spurs,MID,18,1360,24,38,FALSE,bentancur_rodrigo,bentancur_rodrigo
2021-22,703,Benjamin Chrisene,benjamin chrisene,benjamin_chrisene,Aston Villa,MID,17,0,24,38,FALSE,benjamin_chrisene,benjamin_chrisene
2021-22,704,Liam Delap,liam delap,delap_liam,Man City,FWD,15,8,24,38,FALSE,delap_liam,delap_liam
2021-22,705,Zach Awe,zach awe,awe_zach,Arsenal,DEF,17,0,24,38,FALSE,awe_zach,awe_zach
2021-22,706,Hannibal Mejbri,hannibal mejbri,hannibal_mejbri,Man Utd,MID,15,67,25,38,FALSE,hannibal_mejbri,hannibal_mejbri
2021-22,707,Lucas De Bolle,lucas de bolle,bolle_de_lucas,Newcastle,MID,16,0,25,38,FALSE,bolle_de_lucas,bolle_de_lucas
2021-22,708,Sam Waller,sam waller,sam_waller,Burnley,GK,17,0,26,38,FALSE,sam_waller,sam_waller
2021-22,709,Tayo Adaramola,tayo adaramola,adaramola_tayo,Crystal Palace,DEF,14,0,26,38,FALSE,adaramola_tayo,adaramola_tayo
2021-22,710,Daniel Chesters,daniel chesters,chesters_daniel,West Ham,MID,13,1,26,38,FALSE,chesters_daniel,chesters_daniel
2021-22,711,Zak Swanson,zak swanson,swanson_zak,Arsenal,DEF,16,0,26,38,FALSE,swanson_zak,swanson_zak
2021-22,712,Odeluga Offiah,odeluga offiah,odeluga_offiah,Brighton,DEF,13,0,27,38,FALSE,odeluga_offiah,odeluga_offiah
2021-22,713,Tommi O'Reilly,tommi o reilly,o_reilly_tommi,Aston Villa,MID,14,0,27,38,FALSE,o_reilly_tommi,o_reilly_tommi
2021-22,714,Alfie Devine,alfie devine,alfie_devine,Spurs,MID,14,0,27,38,FALSE,alfie_devine,alfie_devine
2021-22,715,Abu Kamara,abu kamara,abu_kamara,Norwich,FWD,9,0,31,38,FALSE,abu_kamara,abu_kamara
2021-22,716,Tony Springett,tony springett,springett_tony,Norwich,MID,9,140,31,38,FALSE,springett_tony,springett_tony
2021-22,717,Jamie Bowden,jamie bowden,bowden_jamie,Spurs,MID,9,0,31,38,FALSE,bowden_jamie,bowden_jamie
2021-22,718,Isaac Price,isaac price,isaac_price,Everton,MID,11,13,31,38,FALSE,isaac_price,isaac_price
2021-22,719,Mazeed Ogungbo,mazeed ogungbo,mazeed_ogungbo,Arsenal,DEF,10,0,31,38,FALSE,mazeed_ogungbo,mazeed_ogungbo
2021-22,720,Marcelo Flores,marcelo flores,flores_marcelo,Arsenal,MID,10,0,31,38,FALSE,flores_marcelo,flores_marcelo
2021-22,721,Miguel Azeez,miguel azeez,azeez_miguel,Arsenal,MID,9,0,32,38,FALSE,azeez_miguel,azeez_miguel
2021-22,722,Julian Jeanvier,julian jeanvier,jeanvier_julian,Brentford,DEF,7,0,32,38,FALSE,jeanvier_julian,jeanvier_julian
2021-22,723,Alejandro Garnacho Ferreyra,alejandro garnacho ferreyra,alejandro_ferreyra_garnacho,Man Utd,MID,7,12,33,38,FALSE,alejandro_ferreyra_garnacho,alejandro_ferreyra_garnacho
2021-22,724,Marcel Lavinier,marcel lavinier,lavinier_marcel,Spurs,DEF,7,0,33,38,FALSE,lavinier_marcel,lavinier_marcel
2021-22,725,Shaqai Forde,shaqai forde,forde_shaqai,Watford,FWD,7,0,33,38,FALSE,forde_shaqai,forde_shaqai
2021-22,726,Dara Costelloe,dara costelloe,costelloe_dara,Burnley,MID,8,0,33,38,FALSE,costelloe_dara,costelloe_dara
2021-22,727,Shola Shoretire,shola shoretire,shola_shoretire,Man Utd,MID,5,15,34,38,FALSE,shola_shoretire,shola_shoretire
2021-22,728,Álvaro Fernández,alvaro fernandez,alvaro_fernandez,Man Utd,DEF,5,0,34,38,TRUE,alvaro_fernandez__def,alvaro_fernandez__def
2021-22,729,Matthew Craig,matthew craig,craig_matthew,Spurs,MID,5,0,35,38,FALSE,craig_matthew,craig_matthew
2021-22,730,Alex Kirk,alex kirk,alex_kirk,Arsenal,DEF,5,0,35,38,FALSE,alex_kirk,alex_kirk
2021-22,731,Tyler Dibling,tyler dibling,dibling_tyler,Southampton,MID,3,0,36,38,FALSE,dibling_tyler,dibling_tyler
2021-22,732,Tiago Çukur,tiago cukur,cukur_tiago,Watford,FWD,4,0,36,38,FALSE,cukur_tiago,cukur_tiago
2021-22,733,Adrian Blake,adrian blake,adrian_blake,Watford,MID,4,0,36,38,FALSE,adrian_blake,adrian_blake
2021-22,734,Jack Grieves,jack grieves,grieves_jack,Watford,FWD,4,0,36,38,FALSE,grieves_jack,grieves_jack
2021-22,735,Joseph McGlynn,joseph mcglynn,joseph_mcglynn,Burnley,FWD,3,0,37,38,FALSE,joseph_mcglynn,joseph_mcglynn
2021-22,736,Anthony Mancini,anthony mancini,anthony_mancini,Burnley,MID,3,0,37,38,FALSE,anthony_mancini,anthony_mancini
2021-22,737,Charlie Savage,charlie savage,charlie_savage,Man Utd,MID,1,0,38,38,FALSE,charlie_savage,charlie_savage
2022-23,1,Cédric Alves Soares,cedric alves soares,alves_cedric_soares,Arsenal/Fulham,DEF,36,223,1,38,FALSE,alves_cedric_soares,alves_cedric_soares
2022-23,2,Bernd Leno,bernd leno,bernd_leno,Fulham,GK,38,3240,1,38,FALSE,bernd_leno,bernd_leno
2022-23,3,Granit Xhaka,granit xhaka,granit_xhaka,Arsenal,MID,38,2992,1,38,FALSE,granit_xhaka,granit_xhaka
2022-23,4,Mohamed Elneny,mohamed elneny,elneny_mohamed,Arsenal,MID,38,111,1,38,FALSE,elneny_mohamed,elneny_mohamed
2022-23,5,Rob Holding,rob holding,holding_rob,Arsenal,DEF,38,562,1,38,FALSE,holding_rob,holding_rob
2022-23,6,Thomas Partey,thomas partey,partey_thomas,Arsenal,MID,38,2480,1,38,FALSE,partey_thomas,partey_thomas
2022-23,7,Martin Ødegaard,martin odegaard,martin_odegaard,Arsenal,MID,38,3132,1,38,FALSE,martin_odegaard,martin_odegaard
2022-23,8,Kieran Tierney,kieran tierney,kieran_tierney,Arsenal,DEF,38,774,1,38,FALSE,kieran_tierney,kieran_tierney
2022-23,9,Nicolas Pépé,nicolas pepe,nicolas_pepe,Arsenal,MID,38,0,1,38,FALSE,nicolas_pepe,nicolas_pepe
2022-23,10,Benjamin White,benjamin white,benjamin_white,Arsenal,DEF,38,3054,1,38,FALSE,benjamin_white,benjamin_white
2022-23,11,Eddie Nketiah,eddie nketiah,eddie_nketiah,Arsenal,FWD,38,1071,1,38,FALSE,eddie_nketiah,eddie_nketiah
2022-23,12,Emile Smith Rowe,emile smith rowe,emile_rowe_smith,Arsenal,MID,38,161,1,38,FALSE,emile_rowe_smith,emile_rowe_smith
2022-23,13,Bukayo Saka,bukayo saka,bukayo_saka,Arsenal,MID,38,3183,1,38,FALSE,bukayo_saka,bukayo_saka
2022-23,14,Takehiro Tomiyasu,takehiro tomiyasu,takehiro_tomiyasu,Arsenal,DEF,38,651,1,38,FALSE,takehiro_tomiyasu,takehiro_tomiyasu
2022-23,15,Aaron Ramsdale,aaron ramsdale,aaron_ramsdale,Arsenal,GK,38,3420,1,38,FALSE,aaron_ramsdale,aaron_ramsdale
2022-23,16,Gabriel dos Santos Magalhães,gabriel dos santos magalhaes,dos_gabriel_magalhaes_santos,Arsenal,DEF,38,3409,1,38,FALSE,dos_gabriel_magalhaes_santos,dos_gabriel_magalhaes_santos
2022-23,17,Nuno Varela Tavares,nuno varela tavares,nuno_tavares_varela,Arsenal,DEF,38,0,1,38,FALSE,nuno_tavares_varela,nuno_tavares_varela
2022-23,18,Albert Sambi Lokonga,albert sambi lokonga,albert_lokonga_sambi,Arsenal/Crystal Palace,MID,37,728,1,38,FALSE,albert_lokonga_sambi,albert_lokonga_sambi
2022-23,19,Gabriel Martinelli Silva,gabriel martinelli silva,gabriel_martinelli_silva,Arsenal,MID,38,2789,1,38,FALSE,gabriel_martinelli_silva,gabriel_martinelli_silva
2022-23,20,Pablo Marí Villar,pablo mari villar,mari_pablo_villar,Arsenal,DEF,38,0,1,38,FALSE,mari_pablo_villar,mari_pablo_villar
2022-23,21,Ainsley Maitland-Niles,ainsley maitland niles,ainsley_maitland_niles,Arsenal/Southampton,MID,38,1400,1,38,FALSE,ainsley_maitland_niles,ainsley_maitland_niles
2022-23,22,Lucas Torreira di Pascua,lucas torreira di pascua,di_lucas_pascua_torreira,Arsenal,MID,38,0,1,38,FALSE,di_lucas_pascua_torreira,di_lucas_pascua_torreira
2022-23,23,Reiss Nelson,reiss nelson,nelson_reiss,Arsenal,MID,38,202,1,38,FALSE,nelson_reiss,nelson_reiss
2022-23,24,Matt Turner,matt turner,matt_turner,Arsenal,GK,38,0,1,38,FALSE,matt_turner,matt_turner
2022-23,25,Fábio Ferreira Vieira,fabio ferreira vieira,fabio_ferreira_vieira,Arsenal,MID,38,500,1,38,FALSE,fabio_ferreira_vieira,fabio_ferreira_vieira
2022-23,26,William Saliba,william saliba,saliba_william,Arsenal,DEF,38,2415,1,38,FALSE,saliba_william,saliba_william
2022-23,27,Marcus Oliveira Alencar,marcus oliveira alencar,alencar_marcus_oliveira,Arsenal,MID,38,1,1,38,FALSE,alencar_marcus_oliveira,alencar_marcus_oliveira
2022-23,28,Gabriel Fernando de Jesus,gabriel fernando de jesus,de_fernando_gabriel_jesus,Arsenal,FWD,38,2064,1,38,FALSE,de_fernando_gabriel_jesus,de_fernando_gabriel_jesus
2022-23,29,Philippe Coutinho Correia,philippe coutinho correia,correia_coutinho_philippe,Aston Villa,MID,38,777,1,38,FALSE,correia_coutinho_philippe,correia_coutinho_philippe
2022-23,30,Danny Ings,danny ings,danny_ings,Aston Villa/West Ham,FWD,38,1579,1,38,FALSE,danny_ings,danny_ings
2022-23,31,Emiliano Martínez Romero,emiliano martinez romero,emiliano_martinez_romero,Aston Villa,GK,38,3139,1,38,FALSE,emiliano_martinez_romero,emiliano_martinez_romero
2022-23,32,Calum Chambers,calum chambers,calum_chambers,Aston Villa,DEF,38,345,1,38,FALSE,calum_chambers,calum_chambers
2022-23,33,Lucas Digne,lucas digne,digne_lucas,Aston Villa,DEF,38,1492,1,38,FALSE,digne_lucas,digne_lucas
2022-23,34,Bertrand Traoré,bertrand traore,bertrand_traore,Aston Villa,MID,38,226,1,38,FALSE,bertrand_traore,bertrand_traore
2022-23,35,Robin Olsen,robin olsen,olsen_robin,Aston Villa,GK,38,280,1,38,FALSE,olsen_robin,olsen_robin
2022-23,36,Morgan Sanson,morgan sanson,morgan_sanson,Aston Villa,MID,38,10,1,38,FALSE,morgan_sanson,morgan_sanson
2022-23,37,John McGinn,john mcginn,john_mcginn,Aston Villa,MID,38,2692,1,38,FALSE,john_mcginn,john_mcginn
2022-23,38,Kortney Hause,kortney hause,hause_kortney,Aston Villa,DEF,38,0,1,38,FALSE,hause_kortney,hause_kortney
2022-23,39,Tyrone Mings,tyrone mings,mings_tyrone,Aston Villa,DEF,38,3150,1,38,FALSE,mings_tyrone,mings_tyrone
2022-23,40,Ollie Watkins,ollie watkins,ollie_watkins,Aston Villa,FWD,38,3129,1,38,FALSE,ollie_watkins,ollie_watkins
2022-23,41,Marvelous Nakamba,marvelous nakamba,marvelous_nakamba,Aston Villa,MID,38,0,1,38,FALSE,marvelous_nakamba,marvelous_nakamba
2022-23,42,Emiliano Buendía Stati,emiliano buendia stati,buendia_emiliano_stati,Aston Villa,MID,38,2404,1,38,FALSE,buendia_emiliano_stati,buendia_emiliano_stati
2022-23,43,Matty Cash,matty cash,cash_matty,Aston Villa,DEF,38,1817,1,38,FALSE,cash_matty,cash_matty
2022-23,44,Ezri Konsa Ngoyo,ezri konsa ngoyo,ezri_konsa_ngoyo,Aston Villa,DEF,38,3322,1,38,FALSE,ezri_konsa_ngoyo,ezri_konsa_ngoyo
2022-23,45,Leon Bailey,leon bailey,bailey_leon,Aston Villa,MID,38,1964,1,38,FALSE,bailey_leon,bailey_leon
2022-23,46,Douglas Luiz Soares de Paulo,douglas luiz soares de paulo,de_douglas_luiz_paulo_soares,Aston Villa,MID,38,2922,1,38,FALSE,de_douglas_luiz_paulo_soares,de_douglas_luiz_paulo_soares
2022-23,47,Jacob Ramsey,jacob ramsey,jacob_ramsey,Aston Villa,MID,38,2634,1,38,FALSE,jacob_ramsey,jacob_ramsey
2022-23,48,Carney Chukwuemeka,carney chukwuemeka,carney_chukwuemeka,Chelsea,MID,38,342,1,38,FALSE,carney_chukwuemeka,carney_chukwuemeka
2022-23,49,Tim Iroegbunam,tim iroegbunam,iroegbunam_tim,Aston Villa,MID,38,0,1,38,FALSE,iroegbunam_tim,iroegbunam_tim
2022-23,50,Diego Carlos Santos Silva,diego carlos santos silva,carlos_diego_santos_silva,Aston Villa,DEF,38,205,1,38,FALSE,carlos_diego_santos_silva,carlos_diego_santos_silva
2022-23,51,Anwar El Ghazi,anwar el ghazi,anwar_el_ghazi,Aston Villa,MID,38,0,1,38,FALSE,anwar_el_ghazi,anwar_el_ghazi
2022-23,52,Keinan Davis,keinan davis,davis_keinan,Aston Villa,FWD,38,0,1,38,FALSE,davis_keinan,davis_keinan
2022-23,53,Boubacar Kamara,boubacar kamara,boubacar_kamara,Aston Villa,MID,38,1773,1,38,FALSE,boubacar_kamara,boubacar_kamara
2022-23,54,Cameron Archer,cameron archer,archer_cameron,Aston Villa,FWD,38,43,1,38,FALSE,archer_cameron,archer_cameron
2022-23,55,Jaden Philogene-Bidace,jaden philogene bidace,bidace_jaden_philogene,Aston Villa,MID,38,0,1,38,FALSE,bidace_jaden_philogene,bidace_jaden_philogene
2022-23,56,Frédéric Guilbert,frederic guilbert,frederic_guilbert,Aston Villa,DEF,38,0,1,38,FALSE,frederic_guilbert,frederic_guilbert
2022-23,57,Adam Smith,adam smith,adam_smith,Bournemouth,DEF,38,2940,1,38,FALSE,adam_smith,adam_smith
2022-23,58,Junior Stanislas,junior stanislas,junior_stanislas,Bournemouth,MID,38,58,1,38,FALSE,junior_stanislas,junior_stanislas
2022-23,59,Ryan Fredericks,ryan fredericks,fredericks_ryan,Bournemouth,DEF,38,527,1,38,FALSE,fredericks_ryan,fredericks_ryan
2022-23,60,David Brooks,david brooks,brooks_david,Bournemouth,MID,38,170,1,38,FALSE,brooks_david,brooks_david
2022-23,61,Jamal Lowe,jamal lowe,jamal_lowe,Bournemouth,MID,38,11,1,38,FALSE,jamal_lowe,jamal_lowe
2022-23,62,Kieffer Moore,kieffer moore,kieffer_moore,Bournemouth,FWD,38,1269,1,38,FALSE,kieffer_moore,kieffer_moore
2022-23,63,Emiliano Marcondes,emiliano marcondes,emiliano_marcondes,Bournemouth,MID,38,8,1,38,FALSE,emiliano_marcondes,emiliano_marcondes
2022-23,64,Jefferson Lerma Solís,jefferson lerma solis,jefferson_lerma_solis,Bournemouth,MID,38,3252,1,38,FALSE,jefferson_lerma_solis,jefferson_lerma_solis
2022-23,65,Jack Stacey,jack stacey,jack_stacey,Bournemouth,DEF,38,293,1,38,FALSE,jack_stacey,jack_stacey
2022-23,66,Dominic Solanke,dominic solanke,dominic_solanke,Bournemouth,FWD,38,2865,1,38,FALSE,dominic_solanke,dominic_solanke
2022-23,67,Lewis Cook,lewis cook,cook_lewis,Bournemouth,MID,38,1712,1,38,FALSE,cook_lewis,cook_lewis
2022-23,68,Ben Pearson,ben pearson,ben_pearson,Bournemouth,MID,38,282,1,38,FALSE,ben_pearson,ben_pearson
2022-23,69,Ryan Christie,ryan christie,christie_ryan,Bournemouth,MID,38,1825,1,38,FALSE,christie_ryan,christie_ryan
2022-23,70,Philip Billing,philip billing,billing_philip,Bournemouth,MID,38,2766,1,38,FALSE,billing_philip,billing_philip
2022-23,71,Chris Mepham,chris mepham,chris_mepham,Bournemouth,DEF,38,2197,1,38,FALSE,chris_mepham,chris_mepham
2022-23,72,Mark Travers,mark travers,mark_travers,Bournemouth,GK,38,1035,1,38,FALSE,mark_travers,mark_travers
2022-23,73,Lloyd Kelly,lloyd kelly,kelly_lloyd,Bournemouth,DEF,38,2040,1,38,FALSE,kelly_lloyd,kelly_lloyd
2022-23,74,Siriki Dembélé,siriki dembele,dembele_siriki,Bournemouth,MID,38,104,1,38,FALSE,dembele_siriki,dembele_siriki
2022-23,75,Jaidon Anthony,jaidon anthony,anthony_jaidon,Bournemouth,MID,38,1241,1,38,FALSE,anthony_jaidon,anthony_jaidon
2022-23,76,Jordan Zemura,jordan zemura,jordan_zemura,Bournemouth,DEF,38,1452,1,38,FALSE,jordan_zemura,jordan_zemura
2022-23,77,Will Dennis,will dennis,dennis_will,Bournemouth,GK,38,0,1,38,FALSE,dennis_will,dennis_will
2022-23,78,Pontus Jansson,pontus jansson,jansson_pontus,Brentford,DEF,38,722,1,38,FALSE,jansson_pontus,jansson_pontus
2022-23,79,Christian Nørgaard,christian norgaard,christian_norgaard,Brentford,MID,38,1763,1,38,FALSE,christian_norgaard,christian_norgaard
2022-23,80,Ivan Toney,ivan toney,ivan_toney,Brentford,FWD,38,2953,1,38,FALSE,ivan_toney,ivan_toney
2022-23,81,David Raya Martin,david raya martin,david_martin_raya,Brentford,GK,38,3420,1,38,FALSE,david_martin_raya,david_martin_raya
2022-23,82,Sergi Canós Tenés,sergi canos tenes,canos_sergi_tenes,Brentford,DEF,38,73,1,38,FALSE,canos_sergi_tenes,canos_sergi_tenes
2022-23,83,Josh Dasilva,josh dasilva,dasilva_josh,Brentford,MID,38,1371,1,38,FALSE,dasilva_josh,dasilva_josh
2022-23,84,Kristoffer Ajer,kristoffer ajer,ajer_kristoffer,Brentford,DEF,38,763,1,38,FALSE,ajer_kristoffer,ajer_kristoffer
2022-23,85,Rico Henry,rico henry,henry_rico,Brentford,DEF,38,3240,1,38,FALSE,henry_rico,henry_rico
2022-23,86,Vitaly Janelt,vitaly janelt,janelt_vitaly,Brentford,MID,38,2201,1,38,FALSE,janelt_vitaly,janelt_vitaly
2022-23,87,Saman Ghoddos,saman ghoddos,ghoddos_saman,Brentford,MID,38,124,1,38,FALSE,ghoddos_saman,ghoddos_saman
2022-23,88,Mathias Jensen,mathias jensen,jensen_mathias,Brentford,MID,38,2805,1,38,FALSE,jensen_mathias,jensen_mathias
2022-23,89,Yoane Wissa,yoane wissa,wissa_yoane,Brentford,MID,38,1587,1,38,FALSE,wissa_yoane,wissa_yoane
2022-23,90,Mads Roerslev Rasmussen,mads roerslev rasmussen,mads_rasmussen_roerslev,Brentford,DEF,38,1101,1,38,FALSE,mads_rasmussen_roerslev,mads_rasmussen_roerslev
2022-23,91,Mads Bech Sørensen,mads bech sorensen,bech_mads_sorensen,Brentford,DEF,38,18,1,38,FALSE,bech_mads_sorensen,bech_mads_sorensen
2022-23,92,Ethan Pinnock,ethan pinnock,ethan_pinnock,Brentford,DEF,38,2700,1,38,FALSE,ethan_pinnock,ethan_pinnock
2022-23,93,Frank Onyeka,frank onyeka,frank_onyeka,Brentford,MID,38,837,1,38,FALSE,frank_onyeka,frank_onyeka
2022-23,94,Shandon Baptiste,shandon baptiste,baptiste_shandon,Brentford,MID,38,600,1,38,FALSE,baptiste_shandon,baptiste_shandon
2022-23,95,Bryan Mbeumo,bryan mbeumo,bryan_mbeumo,Brentford,FWD,38,2905,1,38,FALSE,bryan_mbeumo,bryan_mbeumo
2022-23,96,Charlie Goode,charlie goode,charlie_goode,Brentford,DEF,38,0,1,38,FALSE,charlie_goode,charlie_goode
2022-23,97,Marcus Forss,marcus forss,forss_marcus,Brentford,FWD,38,0,1,38,FALSE,forss_marcus,forss_marcus
2022-23,98,Dominic Thompson,dominic thompson,dominic_thompson,Brentford,DEF,38,0,1,38,FALSE,dominic_thompson,dominic_thompson
2022-23,99,Mads Bidstrup,mads bidstrup,bidstrup_mads,Brentford,MID,38,0,1,38,FALSE,bidstrup_mads,bidstrup_mads
2022-23,100,Ellery Balcombe,ellery balcombe,balcombe_ellery,Brentford,GK,38,0,1,38,FALSE,balcombe_ellery,balcombe_ellery
2022-23,101,Adam Lallana,adam lallana,adam_lallana,Brighton,MID,38,717,1,38,FALSE,adam_lallana,adam_lallana
2022-23,102,Jason Steele,jason steele,jason_steele,Brighton,GK,38,1350,1,38,FALSE,jason_steele,jason_steele
2022-23,103,Danny Welbeck,danny welbeck,danny_welbeck,Brighton,FWD,38,1844,1,38,FALSE,danny_welbeck,danny_welbeck
2022-23,104,Pascal Groß,pascal gross,gross_pascal,Brighton,MID,38,3240,1,38,FALSE,gross_pascal,gross_pascal
2022-23,105,Shane Duffy,shane duffy,duffy_shane,Fulham,DEF,38,17,1,38,FALSE,duffy_shane,duffy_shane
2022-23,106,Lewis Dunk,lewis dunk,dunk_lewis,Brighton,DEF,38,3240,1,38,FALSE,dunk_lewis,dunk_lewis
2022-23,107,Solly March,solly march,march_solly,Brighton,MID,38,2719,1,38,FALSE,march_solly,march_solly
2022-23,108,Adam Webster,adam webster,adam_webster,Brighton,DEF,38,1983,1,38,FALSE,adam_webster,adam_webster
2022-23,109,Joël Veltman,joel veltman,joel_veltman,Brighton,DEF,38,2183,1,38,FALSE,joel_veltman,joel_veltman
2022-23,110,Neal Maupay,neal maupay,maupay_neal,Brighton/Everton,FWD,38,1104,1,38,FALSE,maupay_neal,maupay_neal
2022-23,111,Leandro Trossard,leandro trossard,leandro_trossard,Arsenal/Brighton,MID,38,2237,1,38,FALSE,leandro_trossard,leandro_trossard
2022-23,112,Marc Cucurella Saseta,marc cucurella saseta,cucurella_marc_saseta,Chelsea,DEF,38,1669,1,38,FALSE,cucurella_marc_saseta,cucurella_marc_saseta
2022-23,113,Robert Sánchez,robert sanchez,robert_sanchez,Brighton,GK,38,2070,1,38,FALSE,robert_sanchez,robert_sanchez
2022-23,114,Tariq Lamptey,tariq lamptey,lamptey_tariq,Brighton,DEF,38,439,1,38,FALSE,lamptey_tariq,lamptey_tariq
2022-23,115,Steven Alzate,steven alzate,alzate_steven,Brighton,MID,38,0,1,38,FALSE,alzate_steven,alzate_steven
2022-23,116,Alexis Mac Allister,alexis mac allister,alexis_allister_mac,Brighton,MID,38,2882,1,38,FALSE,alexis_allister_mac,alexis_allister_mac
2022-23,117,Jakub Moder,jakub moder,jakub_moder,Brighton,MID,38,0,1,38,FALSE,jakub_moder,jakub_moder
2022-23,118,Enock Mwepu,enock mwepu,enock_mwepu,Brighton,MID,38,209,1,38,FALSE,enock_mwepu,enock_mwepu
2022-23,119,Jeremy Sarmiento Morante,jeremy sarmiento morante,jeremy_morante_sarmiento,Brighton,MID,38,168,1,38,FALSE,jeremy_morante_sarmiento,jeremy_morante_sarmiento
2022-23,120,Moisés Caicedo Corozo,moises caicedo corozo,caicedo_corozo_moises,Brighton,MID,38,3138,1,38,FALSE,caicedo_corozo_moises,caicedo_corozo_moises
2022-23,121,Taylor Richards,taylor richards,richards_taylor,Brighton,MID,38,0,1,38,FALSE,richards_taylor,richards_taylor
2022-23,122,Haydon Roberts,haydon roberts,haydon_roberts,Brighton,DEF,38,0,1,38,FALSE,haydon_roberts,haydon_roberts
2022-23,123,Deniz Undav,deniz undav,deniz_undav,Brighton,FWD,38,614,1,38,FALSE,deniz_undav,deniz_undav
2022-23,124,Kaoru Mitoma,kaoru mitoma,kaoru_mitoma,Brighton,MID,38,2311,1,38,FALSE,kaoru_mitoma,kaoru_mitoma
2022-23,125,Julio Enciso,julio enciso,enciso_julio,Brighton,FWD,38,794,1,38,FALSE,enciso_julio,enciso_julio
2022-23,126,Kacper Kozłowski,kacper kozlowski,kacper_kozlowski,Brighton,MID,38,0,1,38,FALSE,kacper_kozlowski,kacper_kozlowski
2022-23,127,César Azpilicueta,cesar azpilicueta,azpilicueta_cesar,Chelsea,DEF,38,1521,1,38,FALSE,azpilicueta_cesar,azpilicueta_cesar
2022-23,128,Thiago Emiliano da Silva,thiago emiliano da silva,da_emiliano_silva_thiago,Chelsea,DEF,38,2351,1,38,FALSE,da_emiliano_silva_thiago,da_emiliano_silva_thiago
2022-23,129,Marcos Alonso,marcos alonso,alonso_marcos,Chelsea,DEF,38,0,1,38,FALSE,alonso_marcos,alonso_marcos
2022-23,130,Jorge Luiz Frello Filho,jorge luiz frello filho,filho_frello_jorge_luiz,Arsenal/Chelsea,MID,39,2127,1,38,FALSE,filho_frello_jorge_luiz,filho_frello_jorge_luiz
2022-23,131,Ross Barkley,ross barkley,barkley_ross,Chelsea,MID,38,0,1,38,FALSE,barkley_ross,barkley_ross
2022-23,132,Mateo Kovacic,mateo kovacic,kovacic_mateo,Chelsea,MID,38,1699,1,38,FALSE,kovacic_mateo,kovacic_mateo
2022-23,133,Kepa Arrizabalaga,kepa arrizabalaga,arrizabalaga_kepa,Chelsea,GK,38,2565,1,38,FALSE,arrizabalaga_kepa,arrizabalaga_kepa
2022-23,134,N'Golo Kanté,n golo kante,golo_kante_n,Chelsea,MID,38,517,1,38,FALSE,golo_kante_n,golo_kante_n
2022-23,135,Hakim Ziyech,hakim ziyech,hakim_ziyech,Chelsea,MID,38,649,1,38,FALSE,hakim_ziyech,hakim_ziyech
2022-23,136,Ruben Loftus-Cheek,ruben loftus cheek,cheek_loftus_ruben,Chelsea,MID,38,1530,1,38,FALSE,cheek_loftus_ruben,cheek_loftus_ruben
2022-23,137,Timo Werner,timo werner,timo_werner,Chelsea,FWD,38,0,1,38,FALSE,timo_werner,timo_werner
2022-23,138,Robert Kenedy Nunes do Nascimento,robert kenedy nunes do nascimento,do_kenedy_nascimento_nunes_robert,Chelsea,DEF,38,0,1,38,FALSE,do_kenedy_nascimento_nunes_robert,do_kenedy_nascimento_nunes_robert
2022-23,139,Ben Chilwell,ben chilwell,ben_chilwell,Chelsea,DEF,38,1402,1,38,FALSE,ben_chilwell,ben_chilwell
2022-23,140,Christian Pulisic,christian pulisic,christian_pulisic,Chelsea,MID,38,805,1,38,FALSE,christian_pulisic,christian_pulisic
2022-23,141,Trevoh Chalobah,trevoh chalobah,chalobah_trevoh,Chelsea,DEF,38,1601,1,38,FALSE,chalobah_trevoh,chalobah_trevoh
2022-23,142,Mason Mount,mason mount,mason_mount,Chelsea,MID,38,1644,1,38,FALSE,mason_mount,mason_mount
2022-23,143,Malang Sarr,malang sarr,malang_sarr,Chelsea,DEF,38,0,1,38,FALSE,malang_sarr,malang_sarr
2022-23,144,Callum Hudson-Odoi,callum hudson odoi,callum_hudson_odoi,Chelsea,MID,38,0,1,38,FALSE,callum_hudson_odoi,callum_hudson_odoi
2022-23,145,Kai Havertz,kai havertz,havertz_kai,Chelsea,FWD,38,2565,1,38,FALSE,havertz_kai,havertz_kai
2022-23,146,Reece James,reece james,james_reece,Chelsea,DEF,38,1242,1,38,FALSE,james_reece,james_reece
2022-23,147,Edouard Mendy,edouard mendy,edouard_mendy,Chelsea,GK,38,855,1,38,FALSE,edouard_mendy,edouard_mendy
2022-23,148,Conor Gallagher,conor gallagher,conor_gallagher,Chelsea,MID,38,1608,1,38,FALSE,conor_gallagher,conor_gallagher
2022-23,149,Billy Gilmour,billy gilmour,billy_gilmour,Brighton/Chelsea,MID,38,502,1,38,FALSE,billy_gilmour,billy_gilmour
2022-23,150,Armando Broja,armando broja,armando_broja,Chelsea,FWD,38,285,1,38,FALSE,armando_broja,armando_broja
2022-23,151,Ethan Ampadu,ethan ampadu,ampadu_ethan,Chelsea,DEF,38,0,1,38,FALSE,ampadu_ethan,ampadu_ethan
2022-23,152,Vicente Guaita,vicente guaita,guaita_vicente,Crystal Palace,GK,38,2430,1,38,FALSE,guaita_vicente,guaita_vicente
2022-23,153,James Tomkins,james tomkins,james_tomkins,Crystal Palace,DEF,38,335,1,38,FALSE,james_tomkins,james_tomkins
2022-23,154,James McArthur,james mcarthur,james_mcarthur,Crystal Palace,MID,38,50,1,38,FALSE,james_mcarthur,james_mcarthur
2022-23,155,Christian Benteke,christian benteke,benteke_christian,Crystal Palace,FWD,38,0,1,38,FALSE,benteke_christian,benteke_christian
2022-23,156,Joel Ward,joel ward,joel_ward,Crystal Palace,DEF,38,2253,1,38,FALSE,joel_ward,joel_ward
2022-23,157,Nathaniel Clyne,nathaniel clyne,clyne_nathaniel,Crystal Palace,DEF,38,1638,1,38,FALSE,clyne_nathaniel,clyne_nathaniel
2022-23,158,Luka Milivojevic,luka milivojevic,luka_milivojevic,Crystal Palace,MID,38,500,1,38,FALSE,luka_milivojevic,luka_milivojevic
2022-23,159,Jordan Ayew,jordan ayew,ayew_jordan,Crystal Palace,MID,38,2708,1,38,FALSE,ayew_jordan,ayew_jordan
2022-23,160,Wilfried Zaha,wilfried zaha,wilfried_zaha,Crystal Palace,MID,38,2289,1,38,FALSE,wilfried_zaha,wilfried_zaha
2022-23,161,Jeffrey Schlupp,jeffrey schlupp,jeffrey_schlupp,Crystal Palace,MID,38,2528,1,38,FALSE,jeffrey_schlupp,jeffrey_schlupp
2022-23,162,Jack Butland,jack butland,butland_jack,Crystal Palace/Man Utd,GK,38,0,1,38,FALSE,butland_jack,butland_jack
2022-23,163,Will Hughes,will hughes,hughes_will,Crystal Palace,MID,38,822,1,38,FALSE,hughes_will,hughes_will
2022-23,164,Jairo Riedewald,jairo riedewald,jairo_riedewald,Crystal Palace,MID,38,60,1,38,FALSE,jairo_riedewald,jairo_riedewald
2022-23,165,Joachim Andersen,joachim andersen,andersen_joachim,Crystal Palace,DEF,38,2782,1,38,FALSE,andersen_joachim,andersen_joachim
2022-23,166,Odsonne Edouard,odsonne edouard,edouard_odsonne,Crystal Palace,FWD,38,1788,1,38,FALSE,edouard_odsonne,edouard_odsonne
2022-23,167,Marc Guéhi,marc guehi,guehi_marc,Crystal Palace,DEF,38,3330,1,38,FALSE,guehi_marc,guehi_marc
2022-23,168,Jean-Philippe Mateta,jean philippe mateta,jean_mateta_philippe,Crystal Palace,FWD,38,748,1,38,FALSE,jean_mateta_philippe,jean_mateta_philippe
2022-23,169,Eberechi Eze,eberechi eze,eberechi_eze,Crystal Palace,MID,38,2631,1,38,FALSE,eberechi_eze,eberechi_eze
2022-23,170,Tyrick Mitchell,tyrick mitchell,mitchell_tyrick,Crystal Palace,DEF,38,2889,1,38,FALSE,mitchell_tyrick,mitchell_tyrick
2022-23,171,Michael Olise,michael olise,michael_olise,Crystal Palace,MID,38,2743,1,38,FALSE,michael_olise,michael_olise
2022-23,172,Jesurun Rak-Sakyi,jesurun rak sakyi,jesurun_rak_sakyi,Crystal Palace,MID,38,0,1,38,FALSE,jesurun_rak_sakyi,jesurun_rak_sakyi
2022-23,173,Malcolm Ebiowei,malcolm ebiowei,ebiowei_malcolm,Crystal Palace,MID,38,31,1,38,FALSE,ebiowei_malcolm,ebiowei_malcolm
2022-23,174,Nathan Ferguson,nathan ferguson,ferguson_nathan,Crystal Palace,DEF,38,0,1,38,FALSE,ferguson_nathan,ferguson_nathan
2022-23,175,Sam Johnstone,sam johnstone,johnstone_sam,Crystal Palace,GK,38,810,1,38,FALSE,johnstone_sam,johnstone_sam
2022-23,176,Asmir Begović,asmir begovic,asmir_begovic,Everton,GK,38,90,1,38,FALSE,asmir_begovic,asmir_begovic
2022-23,177,Salomón Rondón,salomon rondon,rondon_salomon,Everton,FWD,38,103,1,38,FALSE,rondon_salomon,rondon_salomon
2022-23,178,Seamus Coleman,seamus coleman,coleman_seamus,Everton,DEF,38,1654,1,38,FALSE,coleman_seamus,coleman_seamus
2022-23,179,Andros Townsend,andros townsend,andros_townsend,Everton,MID,38,0,1,38,FALSE,andros_townsend,andros_townsend
2022-23,180,Michael Keane,michael keane,keane_michael,Everton,DEF,38,983,1,38,FALSE,keane_michael,keane_michael
2022-23,181,Dele Alli,dele alli,alli_dele,Everton,MID,38,38,1,38,FALSE,alli_dele,alli_dele
2022-23,182,Jordan Pickford,jordan pickford,jordan_pickford,Everton,GK,38,3330,1,38,FALSE,jordan_pickford,jordan_pickford
2022-23,183,Allan Marques Loureiro,allan marques loureiro,allan_loureiro_marques,Everton,MID,38,0,1,38,FALSE,allan_loureiro_marques,allan_loureiro_marques
2022-23,184,André Tavares Gomes,andre tavares gomes,andre_gomes_tavares,Everton,MID,38,0,1,38,FALSE,andre_gomes_tavares,andre_gomes_tavares
2022-23,185,Abdoulaye Doucouré,abdoulaye doucoure,abdoulaye_doucoure,Everton,MID,38,1527,1,38,FALSE,abdoulaye_doucoure,abdoulaye_doucoure
2022-23,186,Alex Iwobi,alex iwobi,alex_iwobi,Everton,MID,38,3379,1,38,FALSE,alex_iwobi,alex_iwobi
2022-23,187,Jean-Philippe Gbamin,jean philippe gbamin,gbamin_jean_philippe,Everton,MID,38,0,1,38,FALSE,gbamin_jean_philippe,gbamin_jean_philippe
2022-23,188,Yerry Mina,yerry mina,mina_yerry,Everton,DEF,38,594,1,38,FALSE,mina_yerry,mina_yerry
2022-23,189,Demarai Gray,demarai gray,demarai_gray,Everton,MID,38,2501,1,38,FALSE,demarai_gray,demarai_gray
2022-23,190,Tom Davies,tom davies,davies_tom,Everton,MID,38,524,1,38,FALSE,davies_tom,davies_tom
2022-23,191,Dominic Calvert-Lewin,dominic calvert lewin,calvert_dominic_lewin,Everton,FWD,38,1166,1,38,FALSE,calvert_dominic_lewin,calvert_dominic_lewin
2022-23,192,Mason Holgate,mason holgate,holgate_mason,Everton,DEF,38,506,1,38,FALSE,holgate_mason,holgate_mason
2022-23,193,Ben Godfrey,ben godfrey,ben_godfrey,Everton,DEF,38,801,1,38,FALSE,ben_godfrey,ben_godfrey
2022-23,194,Vitalii Mykolenko,vitalii mykolenko,mykolenko_vitalii,Everton,DEF,38,2653,1,38,FALSE,mykolenko_vitalii,mykolenko_vitalii
2022-23,195,Anthony Gordon,anthony gordon,anthony_gordon,Everton/Newcastle,MID,38,1574,1,38,FALSE,anthony_gordon,anthony_gordon
2022-23,196,Jarrad Branthwaite,jarrad branthwaite,branthwaite_jarrad,Everton,DEF,38,0,1,38,FALSE,branthwaite_jarrad,branthwaite_jarrad
2022-23,197,Nathan Patterson,nathan patterson,nathan_patterson,Everton,DEF,38,1274,1,38,FALSE,nathan_patterson,nathan_patterson
2022-23,198,Niels Nkounkou,niels nkounkou,niels_nkounkou,Everton,DEF,38,0,1,38,FALSE,niels_nkounkou,niels_nkounkou
2022-23,199,James Tarkowski,james tarkowski,james_tarkowski,Everton,DEF,38,3420,1,38,FALSE,james_tarkowski,james_tarkowski
2022-23,200,Tom Cairney,tom cairney,cairney_tom,Fulham,MID,38,968,1,38,FALSE,cairney_tom,cairney_tom
2022-23,201,Tim Ream,tim ream,ream_tim,Fulham,DEF,38,2898,1,38,FALSE,ream_tim,ream_tim
2022-23,202,Anthony Knockaert,anthony knockaert,anthony_knockaert,Fulham,MID,38,0,1,38,FALSE,anthony_knockaert,anthony_knockaert
2022-23,203,Nathaniel Chalobah,nathaniel chalobah,chalobah_nathaniel,Fulham,MID,38,11,1,38,FALSE,chalobah_nathaniel,chalobah_nathaniel
2022-23,204,Neeskens Kebano,neeskens kebano,kebano_neeskens,Fulham,MID,38,758,1,38,FALSE,kebano_neeskens,kebano_neeskens
2022-23,205,Bobby De Cordova-Reid,bobby de cordova reid,bobby_cordova_de_reid,Fulham,MID,38,2473,1,38,FALSE,bobby_cordova_de_reid,bobby_cordova_de_reid
2022-23,206,Joe Bryan,joe bryan,bryan_joe,Fulham,DEF,38,0,1,38,FALSE,bryan_joe,bryan_joe
2022-23,207,Paulo Gazzaniga Farias,paulo gazzaniga farias,farias_gazzaniga_paulo,Fulham,GK,38,0,1,38,FALSE,farias_gazzaniga_paulo,farias_gazzaniga_paulo
2022-23,208,Terence Kongolo,terence kongolo,kongolo_terence,Fulham,DEF,38,0,1,38,FALSE,kongolo_terence,kongolo_terence
2022-23,209,Tosin Adarabioyo,tosin adarabioyo,adarabioyo_tosin,Fulham,DEF,38,2084,1,38,FALSE,adarabioyo_tosin,adarabioyo_tosin
2022-23,210,Aleksandar Mitrović,aleksandar mitrovic,aleksandar_mitrovic,Fulham,FWD,38,2010,1,38,FALSE,aleksandar_mitrovic,aleksandar_mitrovic
2022-23,211,Harrison Reed,harrison reed,harrison_reed,Fulham,MID,38,2868,1,38,FALSE,harrison_reed,harrison_reed
2022-23,212,Harry Wilson,harry wilson,harry_wilson,Fulham,MID,38,1085,1,38,FALSE,harry_wilson,harry_wilson
2022-23,213,Marek Rodák,marek rodak,marek_rodak,Fulham,GK,38,180,1,38,FALSE,marek_rodak,marek_rodak
2022-23,214,Ivan Neves Abreu Cavaleiro,ivan neves abreu cavaleiro,abreu_cavaleiro_ivan_neves,Fulham,MID,38,0,1,38,FALSE,abreu_cavaleiro_ivan_neves,abreu_cavaleiro_ivan_neves
2022-23,215,Kenny Tete,kenny tete,kenny_tete,Fulham,DEF,38,2569,1,38,FALSE,kenny_tete,kenny_tete
2022-23,216,Josh Onomah,josh onomah,josh_onomah,Fulham,MID,38,14,1,38,FALSE,josh_onomah,josh_onomah
2022-23,217,Antonee Robinson,antonee robinson,antonee_robinson,Fulham,DEF,38,3088,1,38,FALSE,antonee_robinson,antonee_robinson
2022-23,218,Rodrigo Muniz Carvalho,rodrigo muniz carvalho,carvalho_muniz_rodrigo,Fulham,FWD,38,0,1,38,FALSE,carvalho_muniz_rodrigo,carvalho_muniz_rodrigo
2022-23,219,Jay Stansfield,jay stansfield,jay_stansfield,Fulham,FWD,38,85,1,38,FALSE,jay_stansfield,jay_stansfield
2022-23,220,João Palhinha Gonçalves,joao palhinha goncalves,goncalves_joao_palhinha,Fulham,MID,38,3108,1,38,FALSE,goncalves_joao_palhinha,goncalves_joao_palhinha
2022-23,221,Liam Cooper,liam cooper,cooper_liam,Leeds,DEF,38,1425,1,38,FALSE,cooper_liam,cooper_liam
2022-23,222,Luke Ayling,luke ayling,ayling_luke,Leeds,DEF,38,2048,1,38,FALSE,ayling_luke,ayling_luke
2022-23,223,Mateusz Klich,mateusz klich,klich_mateusz,Leeds,MID,38,266,1,38,FALSE,klich_mateusz,klich_mateusz
2022-23,224,Adam Forshaw,adam forshaw,adam_forshaw,Leeds,MID,38,473,1,38,FALSE,adam_forshaw,adam_forshaw
2022-23,225,Rodrigo Moreno,rodrigo moreno,moreno_rodrigo,Leeds,MID,38,1928,1,38,FALSE,moreno_rodrigo,moreno_rodrigo
2022-23,226,Stuart Dallas,stuart dallas,dallas_stuart,Leeds,DEF,38,0,1,38,FALSE,dallas_stuart,dallas_stuart
2022-23,227,Patrick Bamford,patrick bamford,bamford_patrick,Leeds,FWD,38,1510,1,38,FALSE,bamford_patrick,bamford_patrick
2022-23,228,Diego Llorente,diego llorente,diego_llorente,Leeds,DEF,38,648,1,38,FALSE,diego_llorente,diego_llorente
2022-23,229,Tyler Roberts,tyler roberts,roberts_tyler,Leeds,MID,38,0,1,38,FALSE,roberts_tyler,roberts_tyler
2022-23,230,Robin Koch,robin koch,koch_robin,Leeds,DEF,38,3175,1,38,FALSE,koch_robin,koch_robin
2022-23,231,Daniel James,daniel james,daniel_james,Fulham/Leeds,MID,38,802,1,38,FALSE,daniel_james,daniel_james
2022-23,232,Raphael Dias Belloli,raphael dias belloli,belloli_dias_raphael,Leeds,MID,38,0,1,38,FALSE,belloli_dias_raphael,belloli_dias_raphael
2022-23,233,Jack Harrison,jack harrison,harrison_jack,Leeds,MID,38,2707,1,38,FALSE,harrison_jack,harrison_jack
2022-23,234,Jamie Shackleton,jamie shackleton,jamie_shackleton,Leeds,MID,38,0,1,38,FALSE,jamie_shackleton,jamie_shackleton
2022-23,235,Pascal Struijk,pascal struijk,pascal_struijk,Leeds,DEF,38,2198,1,38,FALSE,pascal_struijk,pascal_struijk
2022-23,236,Kristoffer Klaesson,kristoffer klaesson,klaesson_kristoffer,Leeds,GK,38,0,1,38,FALSE,klaesson_kristoffer,klaesson_kristoffer
2022-23,237,Sam Greenwood,sam greenwood,greenwood_sam,Leeds,FWD,38,410,1,38,FALSE,greenwood_sam,greenwood_sam
2022-23,238,Illan Meslier,illan meslier,illan_meslier,Leeds,GK,38,3060,1,38,FALSE,illan_meslier,illan_meslier
2022-23,239,Junior Firpo Adames,junior firpo adames,adames_firpo_junior,Leeds,DEF,38,1364,1,38,FALSE,adames_firpo_junior,adames_firpo_junior
2022-23,240,Crysencio Summerville,crysencio summerville,crysencio_summerville,Leeds,MID,38,1411,1,38,FALSE,crysencio_summerville,crysencio_summerville
2022-23,241,Lewis Bate,lewis bate,bate_lewis,Leeds,MID,38,0,1,38,FALSE,bate_lewis,bate_lewis
2022-23,242,Joe Gelhardt,joe gelhardt,gelhardt_joe,Leeds,FWD,38,201,1,38,FALSE,gelhardt_joe,gelhardt_joe
2022-23,243,Leo Fuhr Hjelde,leo fuhr hjelde,fuhr_hjelde_leo,Leeds,DEF,38,0,1,38,FALSE,fuhr_hjelde_leo,fuhr_hjelde_leo
2022-23,244,Rasmus Kristensen,rasmus kristensen,kristensen_rasmus,Leeds,DEF,38,1957,1,38,FALSE,kristensen_rasmus,kristensen_rasmus
2022-23,245,Marc Roca Junqué,marc roca junque,junque_marc_roca,Leeds,MID,38,2316,1,38,FALSE,junque_marc_roca,junque_marc_roca
2022-23,246,Brenden Aaronson,brenden aaronson,aaronson_brenden,Leeds,MID,38,2365,1,38,FALSE,aaronson_brenden,aaronson_brenden
2022-23,247,Darko Gyabi,darko gyabi,darko_gyabi,Leeds,MID,38,7,1,38,FALSE,darko_gyabi,darko_gyabi
2022-23,248,Kasper Schmeichel,kasper schmeichel,kasper_schmeichel,Leicester,GK,38,0,1,38,FALSE,kasper_schmeichel,kasper_schmeichel
2022-23,249,Jonny Evans,jonny evans,evans_jonny,Leicester,DEF,38,1051,1,38,FALSE,evans_jonny,evans_jonny
2022-23,250,Ryan Bertrand,ryan bertrand,bertrand_ryan,Leicester,DEF,38,0,1,38,FALSE,bertrand_ryan,bertrand_ryan
2022-23,251,Marc Albrighton,marc albrighton,albrighton_marc,Leicester,MID,38,232,1,38,FALSE,albrighton_marc,albrighton_marc
2022-23,252,Nampalys Mendy,nampalys mendy,mendy_nampalys,Leicester,MID,38,746,1,38,FALSE,mendy_nampalys,mendy_nampalys
2022-23,253,Jannik Vestergaard,jannik vestergaard,jannik_vestergaard,Leicester,DEF,38,0,1,38,FALSE,jannik_vestergaard,jannik_vestergaard
2022-23,254,Danny Ward,danny ward,danny_ward,Leicester,GK,38,2340,1,38,FALSE,danny_ward,danny_ward
2022-23,255,Jamie Vardy,jamie vardy,jamie_vardy,Leicester,FWD,38,1841,1,38,FALSE,jamie_vardy,jamie_vardy
2022-23,256,Ricardo Barbosa Pereira,ricardo barbosa pereira,barbosa_pereira_ricardo,Leicester,DEF,38,451,1,38,FALSE,barbosa_pereira_ricardo,barbosa_pereira_ricardo
2022-23,257,Daniel Amartey,daniel amartey,amartey_daniel,Leicester,DEF,38,1608,1,38,FALSE,amartey_daniel,amartey_daniel
2022-23,258,Timothy Castagne,timothy castagne,castagne_timothy,Leicester,DEF,38,3255,1,38,FALSE,castagne_timothy,castagne_timothy
2022-23,259,Youri Tielemans,youri tielemans,tielemans_youri,Leicester,MID,38,2341,1,38,FALSE,tielemans_youri,tielemans_youri
2022-23,260,Ayoze Pérez,ayoze perez,ayoze_perez,Leicester,MID,38,378,1,38,FALSE,ayoze_perez,ayoze_perez
2022-23,261,James Maddison,james maddison,james_maddison,Leicester,MID,38,2479,1,38,FALSE,james_maddison,james_maddison
2022-23,262,Kelechi Iheanacho,kelechi iheanacho,iheanacho_kelechi,Leicester,FWD,38,1112,1,38,FALSE,iheanacho_kelechi,iheanacho_kelechi
2022-23,263,Hamza Choudhury,hamza choudhury,choudhury_hamza,Leicester,MID,38,0,1,38,FALSE,choudhury_hamza,choudhury_hamza
2022-23,264,Harvey Barnes,harvey barnes,barnes_harvey,Leicester,MID,38,2709,1,38,FALSE,barnes_harvey,barnes_harvey
2022-23,265,Wilfred Ndidi,wilfred ndidi,ndidi_wilfred,Leicester,MID,38,1672,1,38,FALSE,ndidi_wilfred,ndidi_wilfred
2022-23,266,Kiernan Dewsbury-Hall,kiernan dewsbury hall,dewsbury_hall_kiernan,Leicester,MID,38,2305,1,38,FALSE,dewsbury_hall_kiernan,dewsbury_hall_kiernan
2022-23,267,Çaglar Söyüncü,caglar soyuncu,caglar_soyuncu,Leicester,DEF,38,528,1,38,FALSE,caglar_soyuncu,caglar_soyuncu
2022-23,268,James Justin,james justin,james_justin,Leicester,DEF,38,1252,1,38,FALSE,james_justin,james_justin
2022-23,269,Boubakary Soumaré,boubakary soumare,boubakary_soumare,Leicester,MID,38,1624,1,38,FALSE,boubakary_soumare,boubakary_soumare
2022-23,270,Luke Thomas,luke thomas,luke_thomas,Leicester,DEF,38,1068,1,38,FALSE,luke_thomas,luke_thomas
2022-23,271,Patson Daka,patson daka,daka_patson,Leicester,FWD,38,1169,1,38,FALSE,daka_patson,daka_patson
2022-23,272,Wesley Fofana,wesley fofana,fofana_wesley,Chelsea/Leicester,DEF,38,1362,1,38,FALSE,fofana_wesley,fofana_wesley
2022-23,273,Lewis Brunt,lewis brunt,brunt_lewis,Leicester,DEF,38,22,1,38,FALSE,brunt_lewis,brunt_lewis
2022-23,274,James Milner,james milner,james_milner,Liverpool,MID,38,889,1,38,FALSE,james_milner,james_milner
2022-23,275,Jordan Henderson,jordan henderson,henderson_jordan,Liverpool,MID,38,2060,1,38,FALSE,henderson_jordan,henderson_jordan
2022-23,276,Joel Matip,joel matip,joel_matip,Liverpool,DEF,38,1091,1,38,FALSE,joel_matip,joel_matip
2022-23,277,Thiago Alcántara do Nascimento,thiago alcantara do nascimento,alcantara_do_nascimento_thiago,Liverpool,MID,38,1252,1,38,FALSE,alcantara_do_nascimento_thiago,alcantara_do_nascimento_thiago
2022-23,278,Alex Oxlade-Chamberlain,alex oxlade chamberlain,alex_chamberlain_oxlade,Liverpool,MID,38,332,1,38,FALSE,alex_chamberlain_oxlade,alex_chamberlain_oxlade
2022-23,279,Roberto Firmino,roberto firmino,firmino_roberto,Liverpool,FWD,38,1202,1,38,FALSE,firmino_roberto,firmino_roberto
2022-23,280,Virgil van Dijk,virgil van dijk,dijk_van_virgil,Liverpool,DEF,38,2835,1,38,FALSE,dijk_van_virgil,dijk_van_virgil
2022-23,281,Alisson Ramses Becker,alisson ramses becker,alisson_becker_ramses,Liverpool,GK,38,3330,1,38,FALSE,alisson_becker_ramses,alisson_becker_ramses
2022-23,282,Fabio Henrique Tavares,fabio henrique tavares,fabio_henrique_tavares,Liverpool,MID,38,2666,1,38,FALSE,fabio_henrique_tavares,fabio_henrique_tavares
2022-23,283,Mohamed Salah,mohamed salah,mohamed_salah,Liverpool,MID,38,3290,1,38,FALSE,mohamed_salah,mohamed_salah
2022-23,284,Andrew Robertson,andrew robertson,andrew_robertson,Liverpool,DEF,38,2579,1,38,FALSE,andrew_robertson,andrew_robertson
2022-23,285,Trent Alexander-Arnold,trent alexander arnold,alexander_arnold_trent,Liverpool,DEF,38,2922,1,38,FALSE,alexander_arnold_trent,alexander_arnold_trent
2022-23,286,Joseph Gomez,joseph gomez,gomez_joseph,Liverpool,DEF,38,1461,1,38,FALSE,gomez_joseph,gomez_joseph
2022-23,287,Naby Keita,naby keita,keita_naby,Liverpool,MID,38,290,1,38,FALSE,keita_naby,keita_naby
2022-23,288,Diogo Teixeira da Silva,diogo teixeira da silva,da_diogo_silva_teixeira,Liverpool,FWD,38,1125,1,38,FALSE,da_diogo_silva_teixeira,da_diogo_silva_teixeira
2022-23,289,Caoimhin Kelleher,caoimhin kelleher,caoimhin_kelleher,Liverpool,GK,38,90,1,38,FALSE,caoimhin_kelleher,caoimhin_kelleher
2022-23,290,Ibrahima Konaté,ibrahima konate,ibrahima_konate,Liverpool,DEF,38,1551,1,38,FALSE,ibrahima_konate,ibrahima_konate
2022-23,291,Curtis Jones,curtis jones,curtis_jones,Liverpool,MID,38,1029,1,38,FALSE,curtis_jones,curtis_jones
2022-23,292,Konstantinos Tsimikas,konstantinos tsimikas,konstantinos_tsimikas,Liverpool,DEF,38,762,1,38,FALSE,konstantinos_tsimikas,konstantinos_tsimikas
2022-23,293,Luis Díaz,luis diaz,diaz_luis,Liverpool,MID,38,991,1,38,FALSE,diaz_luis,diaz_luis
2022-23,294,Harvey Elliott,harvey elliott,elliott_harvey,Liverpool,MID,38,1600,1,38,FALSE,elliott_harvey,elliott_harvey
2022-23,295,Neco Williams,neco williams,neco_williams,Nott'm Forest,DEF,38,1872,1,38,FALSE,neco_williams,neco_williams
2022-23,296,Fábio Freitas Gouveia Carvalho,fabio freitas gouveia carvalho,carvalho_fabio_freitas_gouveia,Liverpool,MID,38,339,1,38,FALSE,carvalho_fabio_freitas_gouveia,carvalho_fabio_freitas_gouveia
2022-23,297,Darwin Núñez Ribeiro,darwin nunez ribeiro,darwin_nunez_ribeiro,Liverpool,FWD,38,1684,1,38,FALSE,darwin_nunez_ribeiro,darwin_nunez_ribeiro
2022-23,298,Calvin Ramsay,calvin ramsay,calvin_ramsay,Liverpool,DEF,38,0,1,38,FALSE,calvin_ramsay,calvin_ramsay
2022-23,299,Kyle Walker,kyle walker,kyle_walker,Man City,DEF,38,1953,1,38,FALSE,kyle_walker,kyle_walker
2022-23,300,Ilkay Gündogan,ilkay gundogan,gundogan_ilkay,Man City,MID,38,2351,1,38,FALSE,gundogan_ilkay,gundogan_ilkay
2022-23,301,Kevin De Bruyne,kevin de bruyne,bruyne_de_kevin,Man City,MID,38,2413,1,38,FALSE,bruyne_de_kevin,bruyne_de_kevin
2022-23,302,John Stones,john stones,john_stones,Man City,DEF,38,1844,1,38,FALSE,john_stones,john_stones
2022-23,303,Riyad Mahrez,riyad mahrez,mahrez_riyad,Man City,MID,38,1913,1,38,FALSE,mahrez_riyad,mahrez_riyad
2022-23,304,Raheem Sterling,raheem sterling,raheem_sterling,Chelsea,MID,38,1886,1,38,FALSE,raheem_sterling,raheem_sterling
2022-23,305,Jack Grealish,jack grealish,grealish_jack,Man City,MID,38,2051,1,38,FALSE,grealish_jack,grealish_jack
2022-23,306,João Cancelo,joao cancelo,cancelo_joao,Man City,DEF,38,1273,1,38,FALSE,cancelo_joao,cancelo_joao
2022-23,307,Ederson Santana de Moraes,ederson santana de moraes,de_ederson_moraes_santana,Man City,GK,38,3150,1,38,FALSE,de_ederson_moraes_santana,de_ederson_moraes_santana
2022-23,308,Nathan Aké,nathan ake,ake_nathan,Man City,DEF,38,1871,1,38,FALSE,ake_nathan,ake_nathan
2022-23,309,Aymeric Laporte,aymeric laporte,aymeric_laporte,Man City,DEF,38,992,1,38,FALSE,aymeric_laporte,aymeric_laporte
2022-23,310,Zack Steffen,zack steffen,steffen_zack,Man City,GK,38,0,1,38,FALSE,steffen_zack,steffen_zack
2022-23,311,Bernardo Veiga de Carvalho e Silva,bernardo veiga de carvalho e silva,bernardo_carvalho_de_e_silva_veiga,Man City,MID,38,2196,1,38,FALSE,bernardo_carvalho_de_e_silva_veiga,bernardo_carvalho_de_e_silva_veiga
2022-23,312,Rúben Gato Alves Dias,ruben gato alves dias,alves_dias_gato_ruben,Man City,DEF,38,1997,1,38,FALSE,alves_dias_gato_ruben,alves_dias_gato_ruben
2022-23,313,Oleksandr Zinchenko,oleksandr zinchenko,oleksandr_zinchenko,Arsenal,DEF,38,2122,1,38,FALSE,oleksandr_zinchenko,oleksandr_zinchenko
2022-23,314,Phil Foden,phil foden,foden_phil,Man City,MID,38,1832,1,38,FALSE,foden_phil,foden_phil
2022-23,315,Rodrigo Hernandez,rodrigo hernandez,hernandez_rodrigo,Man City,MID,38,2911,1,38,FALSE,hernandez_rodrigo,hernandez_rodrigo
2022-23,316,Cole Palmer,cole palmer,cole_palmer,Man City,MID,38,358,1,38,FALSE,cole_palmer,cole_palmer
2022-23,317,James McAtee,james mcatee,james_mcatee,Man City,MID,38,0,1,38,FALSE,james_mcatee,james_mcatee
2022-23,318,Erling Haaland,erling haaland,erling_haaland,Man City,FWD,38,2767,1,38,FALSE,erling_haaland,erling_haaland
2022-23,319,Julián Álvarez,julian alvarez,alvarez_julian,Man City,FWD,38,1448,1,38,FALSE,alvarez_julian,alvarez_julian
2022-23,320,Luke Mbete-Tabu,luke mbete tabu,luke_mbete_tabu,Man City,DEF,38,0,1,38,FALSE,luke_mbete_tabu,luke_mbete_tabu
2022-23,321,Roméo Lavia,romeo lavia,lavia_romeo,Southampton,MID,38,2219,1,38,FALSE,lavia_romeo,lavia_romeo
2022-23,322,Josh Wilson-Esbrand,josh wilson esbrand,esbrand_josh_wilson,Man City,DEF,38,0,1,38,FALSE,esbrand_josh_wilson,esbrand_josh_wilson
2022-23,323,Liam Delap,liam delap,delap_liam,Man City,FWD,38,0,1,38,FALSE,delap_liam,delap_liam
2022-23,324,Stefan Ortega Moreno,stefan ortega moreno,moreno_ortega_stefan,Man City,GK,38,270,1,38,FALSE,moreno_ortega_stefan,moreno_ortega_stefan
2022-23,325,Kalvin Phillips,kalvin phillips,kalvin_phillips,Man City,MID,38,291,1,38,FALSE,kalvin_phillips,kalvin_phillips
2022-23,326,Cristiano Ronaldo dos Santos Aveiro,cristiano ronaldo dos santos aveiro,aveiro_cristiano_dos_ronaldo_santos,Man Utd,FWD,38,519,1,38,FALSE,aveiro_cristiano_dos_ronaldo_santos,aveiro_cristiano_dos_ronaldo_santos
2022-23,327,David De Gea Quintana,david de gea quintana,david_de_gea_quintana,Man Utd,GK,38,3420,1,38,FALSE,david_de_gea_quintana,david_de_gea_quintana
2022-23,328,Phil Jones,phil jones,jones_phil,Man Utd,DEF,38,0,1,38,FALSE,jones_phil,jones_phil
2022-23,329,Raphaël Varane,raphael varane,raphael_varane,Man Utd,DEF,38,1912,1,38,FALSE,raphael_varane,raphael_varane
2022-23,330,Harry Maguire,harry maguire,harry_maguire,Man Utd,DEF,38,762,1,38,FALSE,harry_maguire,harry_maguire
2022-23,331,Frederico Rodrigues de Paula Santos,frederico rodrigues de paula santos,de_frederico_paula_rodrigues_santos,Man Utd,MID,38,1228,1,38,FALSE,de_frederico_paula_rodrigues_santos,de_frederico_paula_rodrigues_santos
2022-23,332,Luke Shaw,luke shaw,luke_shaw,Man Utd,DEF,38,2552,1,38,FALSE,luke_shaw,luke_shaw
2022-23,333,Bruno Borges Fernandes,bruno borges fernandes,borges_bruno_fernandes,Man Utd,MID,38,3317,1,38,FALSE,borges_bruno_fernandes,borges_bruno_fernandes
2022-23,334,Alex Telles,alex telles,alex_telles,Man Utd,DEF,38,0,1,38,FALSE,alex_telles,alex_telles
2022-23,335,Marcus Rashford,marcus rashford,marcus_rashford,Man Utd,MID,38,2880,1,38,FALSE,marcus_rashford,marcus_rashford
2022-23,336,Donny van de Beek,donny van de beek,beek_de_donny_van,Man Utd,MID,38,162,1,38,FALSE,beek_de_donny_van,beek_de_donny_van
2022-23,337,Victor Lindelöf,victor lindelof,lindelof_victor,Man Utd,DEF,38,1359,1,38,FALSE,lindelof_victor,lindelof_victor
2022-23,338,Scott McTominay,scott mctominay,mctominay_scott,Man Utd,MID,38,1149,1,38,FALSE,mctominay_scott,mctominay_scott
2022-23,339,Eric Bailly,eric bailly,bailly_eric,Man Utd,DEF,38,0,1,38,FALSE,bailly_eric,bailly_eric
2022-23,340,Jadon Sancho,jadon sancho,jadon_sancho,Man Utd,MID,38,1683,1,38,FALSE,jadon_sancho,jadon_sancho
2022-23,341,Aaron Wan-Bissaka,aaron wan bissaka,aaron_bissaka_wan,Man Utd,DEF,38,1432,1,38,FALSE,aaron_bissaka_wan,aaron_bissaka_wan
2022-23,342,Diogo Dalot Teixeira,diogo dalot teixeira,dalot_diogo_teixeira,Man Utd,DEF,38,2152,1,38,FALSE,dalot_diogo_teixeira,dalot_diogo_teixeira
2022-23,343,Brandon Williams,brandon williams,brandon_williams,Man Utd,DEF,38,0,1,38,FALSE,brandon_williams,brandon_williams
2022-23,344,Anthony Elanga,anthony elanga,anthony_elanga,Man Utd,MID,38,417,1,38,FALSE,anthony_elanga,anthony_elanga
2022-23,345,Anthony Martial,anthony martial,anthony_martial,Man Utd,FWD,38,970,1,38,FALSE,anthony_martial,anthony_martial
2022-23,346,Andreas Hoelgebaum Pereira,andreas hoelgebaum pereira,andreas_hoelgebaum_pereira,Fulham,MID,38,2696,1,38,FALSE,andreas_hoelgebaum_pereira,andreas_hoelgebaum_pereira
2022-23,347,Facundo Pellistri Rebollo,facundo pellistri rebollo,facundo_pellistri_rebollo,Man Utd,MID,38,60,1,38,FALSE,facundo_pellistri_rebollo,facundo_pellistri_rebollo
2022-23,348,Tom Heaton,tom heaton,heaton_tom,Man Utd,GK,38,0,1,38,FALSE,heaton_tom,heaton_tom
2022-23,349,Jonjo Shelvey,jonjo shelvey,jonjo_shelvey,Newcastle/Nott'm Forest,MID,38,573,1,38,FALSE,jonjo_shelvey,jonjo_shelvey
2022-23,350,Matt Ritchie,matt ritchie,matt_ritchie,Newcastle,DEF,38,35,1,38,FALSE,matt_ritchie,matt_ritchie
2022-23,351,Federico Fernández,federico fernandez,federico_fernandez,Newcastle,DEF,38,0,1,38,FALSE,federico_fernandez,federico_fernandez
2022-23,352,Ciaran Clark,ciaran clark,ciaran_clark,Newcastle,DEF,38,0,1,38,FALSE,ciaran_clark,ciaran_clark
2022-23,353,Karl Darlow,karl darlow,darlow_karl,Newcastle,GK,38,0,1,38,FALSE,darlow_karl,darlow_karl
2022-23,354,Chris Wood,chris wood,chris_wood,Newcastle/Nott'm Forest,FWD,38,807,1,38,FALSE,chris_wood,chris_wood
2022-23,355,Martin Dubravka,martin dubravka,dubravka_martin,Man Utd/Newcastle,GK,37,156,1,38,FALSE,dubravka_martin,dubravka_martin
2022-23,356,Callum Wilson,callum wilson,callum_wilson,Newcastle,FWD,38,1870,1,38,FALSE,callum_wilson,callum_wilson
2022-23,357,Kieran Trippier,kieran trippier,kieran_trippier,Newcastle,DEF,38,3342,1,38,FALSE,kieran_trippier,kieran_trippier
2022-23,358,Dan Burn,dan burn,burn_dan,Newcastle,DEF,38,3109,1,38,FALSE,burn_dan,burn_dan
2022-23,359,Ryan Fraser,ryan fraser,fraser_ryan,Newcastle,MID,38,308,1,38,FALSE,fraser_ryan,fraser_ryan
2022-23,360,Jamaal Lascelles,jamaal lascelles,jamaal_lascelles,Newcastle,DEF,38,214,1,38,FALSE,jamaal_lascelles,jamaal_lascelles
2022-23,361,Dwight Gayle,dwight gayle,dwight_gayle,Newcastle,FWD,38,0,1,38,FALSE,dwight_gayle,dwight_gayle
2022-23,362,Paul Dummett,paul dummett,dummett_paul,Newcastle,DEF,38,0,1,38,FALSE,dummett_paul,dummett_paul
2022-23,363,Javier Manquillo Gaitán,javier manquillo gaitan,gaitan_javier_manquillo,Newcastle,DEF,38,34,1,38,FALSE,gaitan_javier_manquillo,gaitan_javier_manquillo
2022-23,364,Emil Krafth,emil krafth,emil_krafth,Newcastle,DEF,38,1,1,38,FALSE,emil_krafth,emil_krafth
2022-23,365,Jacob Murphy,jacob murphy,jacob_murphy,Newcastle,MID,38,1230,1,38,FALSE,jacob_murphy,jacob_murphy
2022-23,366,Fabian Schär,fabian schar,fabian_schar,Newcastle,DEF,38,3207,1,38,FALSE,fabian_schar,fabian_schar
2022-23,367,Matt Targett,matt targett,matt_targett,Newcastle,DEF,38,600,1,38,FALSE,matt_targett,matt_targett
2022-23,368,Allan Saint-Maximin,allan saint maximin,allan_maximin_saint,Newcastle,MID,38,1109,1,38,FALSE,allan_maximin_saint,allan_maximin_saint
2022-23,369,Miguel Almirón Rejala,miguel almiron rejala,almiron_miguel_rejala,Newcastle,MID,38,2487,1,38,FALSE,almiron_miguel_rejala,almiron_miguel_rejala
2022-23,370,Sean Longstaff,sean longstaff,longstaff_sean,Newcastle,MID,38,2514,1,38,FALSE,longstaff_sean,longstaff_sean
2022-23,371,Joelinton Cássio Apolinário de Lira,joelinton cassio apolinario de lira,apolinario_cassio_de_joelinton_lira,Newcastle,MID,38,2660,1,38,FALSE,apolinario_cassio_de_joelinton_lira,apolinario_cassio_de_joelinton_lira
2022-23,372,Jamal Lewis,jamal lewis,jamal_lewis,Newcastle,DEF,38,9,1,38,FALSE,jamal_lewis,jamal_lewis
2022-23,373,Joe Willock,joe willock,joe_willock,Newcastle,MID,38,2556,1,38,FALSE,joe_willock,joe_willock
2022-23,374,Bruno Guimarães Rodriguez Moura,bruno guimaraes rodriguez moura,bruno_guimaraes_moura_rodriguez,Newcastle,MID,38,2727,1,38,FALSE,bruno_guimaraes_moura_rodriguez,bruno_guimaraes_moura_rodriguez
2022-23,375,Jeff Hendrick,jeff hendrick,hendrick_jeff,Newcastle,MID,38,0,1,38,FALSE,hendrick_jeff,hendrick_jeff
2022-23,376,Nick Pope,nick pope,nick_pope,Newcastle,GK,38,3261,1,38,FALSE,nick_pope,nick_pope
2022-23,377,Sven Botman,sven botman,botman_sven,Newcastle,DEF,38,3127,1,38,FALSE,botman_sven,botman_sven
2022-23,378,Harry Arter,harry arter,arter_harry,Nott'm Forest,MID,38,0,1,38,FALSE,arter_harry,arter_harry
2022-23,379,Steve Cook,steve cook,cook_steve,Nott'm Forest,DEF,38,956,1,38,FALSE,cook_steve,cook_steve
2022-23,380,Lyle Taylor,lyle taylor,lyle_taylor,Nott'm Forest,FWD,38,0,1,38,FALSE,lyle_taylor,lyle_taylor
2022-23,381,Jack Colback,jack colback,colback_jack,Nott'm Forest,MID,38,492,1,38,FALSE,colback_jack,colback_jack
2022-23,382,Brice Samba,brice samba,brice_samba,Nott'm Forest,GK,38,0,1,38,FALSE,brice_samba,brice_samba
2022-23,383,Carlos Ribeiro Dias,carlos ribeiro dias,carlos_dias_ribeiro,Nott'm Forest,MID,38,6,1,38,FALSE,carlos_dias_ribeiro,carlos_dias_ribeiro
2022-23,384,Joe Lolley,joe lolley,joe_lolley,Nott'm Forest,MID,38,0,1,38,FALSE,joe_lolley,joe_lolley
2022-23,385,Scott McKenna,scott mckenna,mckenna_scott,Nott'm Forest,DEF,38,1570,1,38,FALSE,mckenna_scott,mckenna_scott
2022-23,386,Mohamed Dräger,mohamed drager,drager_mohamed,Nott'm Forest,DEF,38,0,1,38,FALSE,drager_mohamed,drager_mohamed
2022-23,387,Ryan Yates,ryan yates,ryan_yates,Nott'm Forest,MID,38,1833,1,38,FALSE,ryan_yates,ryan_yates
2022-23,388,Joe Worrall,joe worrall,joe_worrall,Nott'm Forest,DEF,38,2215,1,38,FALSE,joe_worrall,joe_worrall
2022-23,389,Jonathan Panzo,jonathan panzo,jonathan_panzo,Nott'm Forest,DEF,38,0,1,38,FALSE,jonathan_panzo,jonathan_panzo
2022-23,390,Xande Nascimento da Costa Silva,xande nascimento da costa silva,costa_da_nascimento_silva_xande,Nott'm Forest,MID,38,0,1,38,FALSE,costa_da_nascimento_silva_xande,costa_da_nascimento_silva_xande
2022-23,391,Sam Surridge,sam surridge,sam_surridge,Nott'm Forest,FWD,38,306,1,38,FALSE,sam_surridge,sam_surridge
2022-23,392,Richie Laryea,richie laryea,laryea_richie,Nott'm Forest,DEF,38,0,1,38,FALSE,laryea_richie,laryea_richie
2022-23,393,Loïc Mbe Soh,loic mbe soh,loic_mbe_soh,Nott'm Forest,DEF,38,0,1,38,FALSE,loic_mbe_soh,loic_mbe_soh
2022-23,394,Brennan Johnson,brennan johnson,brennan_johnson,Nott'm Forest,FWD,38,2930,1,38,FALSE,brennan_johnson,brennan_johnson
2022-23,395,Alex Mighten,alex mighten,alex_mighten,Nott'm Forest,MID,38,7,1,38,FALSE,alex_mighten,alex_mighten
2022-23,396,Braian Ojeda Rodríguez,braian ojeda rodriguez,braian_ojeda_rodriguez,Nott'm Forest,MID,38,0,1,38,FALSE,braian_ojeda_rodriguez,braian_ojeda_rodriguez
2022-23,397,Taiwo Awoniyi,taiwo awoniyi,awoniyi_taiwo,Nott'm Forest,FWD,38,1395,1,38,FALSE,awoniyi_taiwo,awoniyi_taiwo
2022-23,398,Dean Henderson,dean henderson,dean_henderson,Nott'm Forest,GK,38,1620,1,38,FALSE,dean_henderson,dean_henderson
2022-23,399,Giulian Biancone,giulian biancone,biancone_giulian,Nott'm Forest,DEF,38,15,1,38,FALSE,biancone_giulian,biancone_giulian
2022-23,400,Theo Walcott,theo walcott,theo_walcott,Southampton,MID,38,1123,1,38,FALSE,theo_walcott,theo_walcott
2022-23,401,Alex McCarthy,alex mccarthy,alex_mccarthy,Southampton,GK,38,540,1,38,FALSE,alex_mccarthy,alex_mccarthy
2022-23,402,Oriol Romeu Vidal,oriol romeu vidal,oriol_romeu_vidal,Southampton,MID,38,74,1,38,FALSE,oriol_romeu_vidal,oriol_romeu_vidal
2022-23,403,Nathan Redmond,nathan redmond,nathan_redmond,Southampton,MID,38,1,1,38,FALSE,nathan_redmond,nathan_redmond
2022-23,404,Jack Stephens,jack stephens,jack_stephens,Bournemouth/Southampton,DEF,38,1218,1,38,FALSE,jack_stephens,jack_stephens
2022-23,405,Stuart Armstrong,stuart armstrong,armstrong_stuart,Southampton,MID,38,1391,1,38,FALSE,armstrong_stuart,armstrong_stuart
2022-23,406,Mohamed Elyounoussi,mohamed elyounoussi,elyounoussi_mohamed,Southampton,MID,38,2162,1,38,FALSE,elyounoussi_mohamed,elyounoussi_mohamed
2022-23,407,James Ward-Prowse,james ward prowse,james_prowse_ward,Southampton,MID,38,3371,1,38,FALSE,james_prowse_ward,james_prowse_ward
2022-23,408,Adam Armstrong,adam armstrong,adam_armstrong,Southampton,FWD,38,1321,1,38,FALSE,adam_armstrong,adam_armstrong
2022-23,409,Kyle Walker-Peters,kyle walker peters,kyle_peters_walker,Southampton,DEF,38,2650,1,38,FALSE,kyle_peters_walker,kyle_peters_walker
2022-23,410,Jan Bednarek,jan bednarek,bednarek_jan,Aston Villa/Southampton,DEF,38,1770,1,38,FALSE,bednarek_jan,bednarek_jan
2022-23,411,Che Adams,che adams,adams_che,Southampton,FWD,38,1987,1,38,FALSE,adams_che,adams_che
2022-23,412,Nathan Tella,nathan tella,nathan_tella,Southampton,MID,38,0,1,38,FALSE,nathan_tella,nathan_tella
2022-23,413,Lyanco Silveira Neves Vojnovic,lyanco silveira neves vojnovic,lyanco_neves_silveira_vojnovic,Southampton,DEF,38,1173,1,38,FALSE,lyanco_neves_silveira_vojnovic,lyanco_neves_silveira_vojnovic
2022-23,414,Yan Valery,yan valery,valery_yan,Southampton,DEF,38,45,1,38,FALSE,valery_yan,valery_yan
2022-23,415,Will Smallbone,will smallbone,smallbone_will,Southampton,MID,38,0,1,38,FALSE,smallbone_will,smallbone_will
2022-23,416,Ibrahima Diallo,ibrahima diallo,diallo_ibrahima,Southampton,MID,38,813,1,38,FALSE,diallo_ibrahima,diallo_ibrahima
2022-23,417,Romain Perraud,romain perraud,perraud_romain,Southampton,DEF,38,1828,1,38,FALSE,perraud_romain,perraud_romain
2022-23,418,Moussa Djenepo,moussa djenepo,djenepo_moussa,Southampton,MID,38,702,1,38,FALSE,djenepo_moussa,djenepo_moussa
2022-23,419,Tino Livramento,tino livramento,livramento_tino,Southampton,DEF,38,26,1,38,FALSE,livramento_tino,livramento_tino
2022-23,420,Mohammed Salisu,mohammed salisu,mohammed_salisu,Southampton,DEF,38,1971,1,38,FALSE,mohammed_salisu,mohammed_salisu
2022-23,421,Mateusz Lis,mateusz lis,lis_mateusz,Southampton,GK,38,0,1,38,FALSE,lis_mateusz,lis_mateusz
2022-23,422,Gavin Bazunu,gavin bazunu,bazunu_gavin,Southampton,GK,38,2880,1,38,FALSE,bazunu_gavin,bazunu_gavin
2022-23,423,Armel Bella-Kotchap,armel bella kotchap,armel_bella_kotchap,Southampton,DEF,38,1881,1,38,FALSE,armel_bella_kotchap,armel_bella_kotchap
2022-23,424,Willy Caballero,willy caballero,caballero_willy,Southampton,GK,38,0,1,38,FALSE,caballero_willy,caballero_willy
2022-23,425,Hugo Lloris,hugo lloris,hugo_lloris,Spurs,GK,38,2205,1,38,FALSE,hugo_lloris,hugo_lloris
2022-23,426,Fraser Forster,fraser forster,forster_fraser,Spurs,GK,38,1215,1,38,FALSE,forster_fraser,forster_fraser
2022-23,427,Harry Kane,harry kane,harry_kane,Spurs,FWD,38,3406,1,38,FALSE,harry_kane,harry_kane
2022-23,428,Son Heung-min,son heung min,heung_min_son,Spurs,MID,38,2886,1,38,FALSE,heung_min_son,heung_min_son
2022-23,429,Matt Doherty,matt doherty,doherty_matt,Spurs,DEF,38,663,1,38,FALSE,doherty_matt,doherty_matt
2022-23,430,Eric Dier,eric dier,dier_eric,Spurs,DEF,38,2816,1,38,FALSE,dier_eric,dier_eric
2022-23,431,Lucas Rodrigues Moura da Silva,lucas rodrigues moura da silva,da_lucas_moura_rodrigues_silva,Spurs,MID,38,145,1,38,FALSE,da_lucas_moura_rodrigues_silva,da_lucas_moura_rodrigues_silva
2022-23,432,Ben Davies,ben davies,ben_davies,Spurs,DEF,38,2284,1,38,TRUE,ben_davies__def__spurs,ben_davies__def__spurs
2022-23,433,Pierre-Emile Højbjerg,pierre emile hojbjerg,emile_hojbjerg_pierre,Spurs,MID,38,3131,1,38,FALSE,emile_hojbjerg_pierre,emile_hojbjerg_pierre
2022-23,434,Harry Winks,harry winks,harry_winks,Spurs,MID,38,0,1,38,FALSE,harry_winks,harry_winks
2022-23,435,Davinson Sánchez,davinson sanchez,davinson_sanchez,Spurs,DEF,38,848,1,38,FALSE,davinson_sanchez,davinson_sanchez
2022-23,436,Ryan Sessegnon,ryan sessegnon,ryan_sessegnon,Spurs,DEF,38,805,1,38,FALSE,ryan_sessegnon,ryan_sessegnon
2022-23,437,Steven Bergwijn,steven bergwijn,bergwijn_steven,Spurs,MID,38,0,1,38,FALSE,bergwijn_steven,bergwijn_steven
2022-23,438,Sergio Reguilón,sergio reguilon,reguilon_sergio,Spurs,DEF,38,0,1,38,FALSE,reguilon_sergio,reguilon_sergio
2022-23,439,Japhet Tanganga,japhet tanganga,japhet_tanganga,Spurs,DEF,38,145,1,38,FALSE,japhet_tanganga,japhet_tanganga
2022-23,440,Rodrigo Bentancur,rodrigo bentancur,bentancur_rodrigo,Spurs,MID,38,1501,1,38,FALSE,bentancur_rodrigo,bentancur_rodrigo
2022-23,441,Oliver Skipp,oliver skipp,oliver_skipp,Spurs,MID,38,1489,1,38,FALSE,oliver_skipp,oliver_skipp
2022-23,442,Joe Rodon,joe rodon,joe_rodon,Spurs,DEF,38,0,1,38,FALSE,joe_rodon,joe_rodon
2022-23,443,Cristian Romero,cristian romero,cristian_romero,Spurs,DEF,38,2363,1,38,FALSE,cristian_romero,cristian_romero
2022-23,444,Yves Bissouma,yves bissouma,bissouma_yves,Spurs,MID,38,998,1,38,FALSE,bissouma_yves,bissouma_yves
2022-23,445,Emerson Leite de Souza Junior,emerson leite de souza junior,de_emerson_junior_leite_souza,Spurs,DEF,38,1729,1,38,FALSE,de_emerson_junior_leite_souza,de_emerson_junior_leite_souza
2022-23,446,Dejan Kulusevski,dejan kulusevski,dejan_kulusevski,Spurs,MID,38,2062,1,38,FALSE,dejan_kulusevski,dejan_kulusevski
2022-23,447,Dane Scarlett,dane scarlett,dane_scarlett,Spurs,FWD,38,0,1,38,FALSE,dane_scarlett,dane_scarlett
2022-23,448,Ivan Perišić,ivan perisic,ivan_perisic,Spurs,DEF,38,2099,1,38,FALSE,ivan_perisic,ivan_perisic
2022-23,449,Harvey White,harvey white,harvey_white,Spurs,MID,38,4,1,38,FALSE,harvey_white,harvey_white
2022-23,450,Pape Matar Sarr,pape matar sarr,matar_pape_sarr,Spurs,MID,38,211,1,38,FALSE,matar_pape_sarr,matar_pape_sarr
2022-23,451,Brandon Austin,brandon austin,austin_brandon,Spurs,GK,38,0,1,38,FALSE,austin_brandon,austin_brandon
2022-23,452,Alfie Devine,alfie devine,alfie_devine,Spurs,MID,38,0,1,38,FALSE,alfie_devine,alfie_devine
2022-23,453,Troy Parrott,troy parrott,parrott_troy,Spurs,FWD,38,0,1,38,FALSE,parrott_troy,parrott_troy
2022-23,454,Richarlison de Andrade,richarlison de andrade,andrade_de_richarlison,Spurs,FWD,38,995,1,38,FALSE,andrade_de_richarlison,andrade_de_richarlison
2022-23,455,Lukasz Fabianski,lukasz fabianski,fabianski_lukasz,West Ham,GK,38,3111,1,38,FALSE,fabianski_lukasz,fabianski_lukasz
2022-23,456,Angelo Ogbonna,angelo ogbonna,angelo_ogbonna,West Ham,DEF,38,1234,1,38,FALSE,angelo_ogbonna,angelo_ogbonna
2022-23,457,Aaron Cresswell,aaron cresswell,aaron_cresswell,West Ham,DEF,38,2235,1,38,FALSE,aaron_cresswell,aaron_cresswell
2022-23,458,Michail Antonio,michail antonio,antonio_michail,West Ham,FWD,38,1822,1,38,FALSE,antonio_michail,antonio_michail
2022-23,459,Craig Dawson,craig dawson,craig_dawson,West Ham/Wolves,DEF,38,2134,1,38,FALSE,craig_dawson,craig_dawson
2022-23,460,Manuel Lanzini,manuel lanzini,lanzini_manuel,West Ham,MID,38,243,1,38,FALSE,lanzini_manuel,lanzini_manuel
2022-23,461,Kurt Zouma,kurt zouma,kurt_zouma,West Ham,DEF,38,1988,1,38,FALSE,kurt_zouma,kurt_zouma
2022-23,462,Arthur Masuaku,arthur masuaku,arthur_masuaku,West Ham,DEF,38,0,1,38,FALSE,arthur_masuaku,arthur_masuaku
2022-23,463,Vladimir Coufal,vladimir coufal,coufal_vladimir,West Ham,DEF,38,2135,1,38,FALSE,coufal_vladimir,coufal_vladimir
2022-23,464,Saïd Benrahma,said benrahma,benrahma_said,West Ham,MID,38,2059,1,38,FALSE,benrahma_said,benrahma_said
2022-23,465,Jarrod Bowen,jarrod bowen,bowen_jarrod,West Ham,MID,38,3232,1,38,FALSE,bowen_jarrod,bowen_jarrod
2022-23,466,Nikola Vlasic,nikola vlasic,nikola_vlasic,West Ham,MID,38,0,1,38,FALSE,nikola_vlasic,nikola_vlasic
2022-23,467,Declan Rice,declan rice,declan_rice,West Ham,MID,38,3272,1,38,FALSE,declan_rice,declan_rice
2022-23,468,Tomas Soucek,tomas soucek,soucek_tomas,West Ham,MID,38,2811,1,38,FALSE,soucek_tomas,soucek_tomas
2022-23,469,Pablo Fornals Malla,pablo fornals malla,fornals_malla_pablo,West Ham,MID,38,1493,1,38,FALSE,fornals_malla_pablo,fornals_malla_pablo
2022-23,470,Issa Diop,issa diop,diop_issa,Fulham/West Ham,DEF,38,2008,1,38,FALSE,diop_issa,diop_issa
2022-23,471,Ben Johnson,ben johnson,ben_johnson,West Ham,DEF,38,860,1,38,FALSE,ben_johnson,ben_johnson
2022-23,472,Nayef Aguerd,nayef aguerd,aguerd_nayef,West Ham,DEF,38,1594,1,38,FALSE,aguerd_nayef,aguerd_nayef
2022-23,473,Alphonse Areola,alphonse areola,alphonse_areola,West Ham,GK,38,307,1,38,FALSE,alphonse_areola,alphonse_areola
2022-23,474,Willy Boly,willy boly,boly_willy,Nott'm Forest/Wolves,DEF,38,684,1,38,FALSE,boly_willy,boly_willy
2022-23,475,Conor Coady,conor coady,coady_conor,Everton/Wolves,DEF,38,2094,1,38,FALSE,coady_conor,coady_conor
2022-23,476,Raúl Jiménez,raul jimenez,jimenez_raul,Wolves,FWD,38,839,1,38,FALSE,jimenez_raul,jimenez_raul
2022-23,477,Jonathan Castro Otto,jonathan castro otto,castro_jonathan_otto,Wolves,DEF,38,1257,1,38,FALSE,castro_jonathan_otto,castro_jonathan_otto
2022-23,478,José Malheiro de Sá,jose malheiro de sa,de_jose_malheiro_sa,Wolves,GK,38,3240,1,38,FALSE,de_jose_malheiro_sa,de_jose_malheiro_sa
2022-23,479,Leander Dendoncker,leander dendoncker,dendoncker_leander,Aston Villa/Wolves,MID,38,897,1,38,FALSE,dendoncker_leander,dendoncker_leander
2022-23,480,Rúben da Silva Neves,ruben da silva neves,da_neves_ruben_silva,Wolves,MID,38,3020,1,38,FALSE,da_neves_ruben_silva,da_neves_ruben_silva
2022-23,481,Hwang Hee-chan,hwang hee chan,chan_hee_hwang,Wolves,MID,38,1117,1,38,FALSE,chan_hee_hwang,chan_hee_hwang
2022-23,482,Nélson Cabral Semedo,nelson cabral semedo,cabral_nelson_semedo,Wolves,DEF,38,2633,1,38,FALSE,cabral_nelson_semedo,cabral_nelson_semedo
2022-23,483,Daniel Castelo Podence,daniel castelo podence,castelo_daniel_podence,Wolves,MID,38,1760,1,38,FALSE,castelo_daniel_podence,castelo_daniel_podence
2022-23,484,Max Kilman,max kilman,kilman_max,Wolves,DEF,38,3307,1,38,FALSE,kilman_max,kilman_max
2022-23,485,Luke Cundle,luke cundle,cundle_luke,Wolves,MID,38,0,1,38,FALSE,cundle_luke,cundle_luke
2022-23,486,Pedro Lomba Neto,pedro lomba neto,lomba_neto_pedro,Wolves,MID,38,962,1,38,FALSE,lomba_neto_pedro,lomba_neto_pedro
2022-23,487,Rayan Aït-Nouri,rayan ait nouri,ait_nouri_rayan,Wolves,DEF,38,1067,1,38,FALSE,ait_nouri_rayan,ait_nouri_rayan
2022-23,488,Fabio Silva,fabio silva,fabio_silva,Wolves,FWD,38,0,1,38,FALSE,fabio_silva,fabio_silva
2022-23,489,Toti António Gomes,toti antonio gomes,antonio_gomes_toti,Wolves,DEF,38,978,1,38,FALSE,antonio_gomes_toti,antonio_gomes_toti
2022-23,490,Francisco Jorge Tomás Oliveira,francisco jorge tomas oliveira,francisco_jorge_oliveira_tomas,Wolves,MID,38,0,1,38,FALSE,francisco_jorge_oliveira_tomas,francisco_jorge_oliveira_tomas
2022-23,491,Adama Traoré Diarra,adama traore diarra,adama_diarra_traore,Wolves,MID,38,1477,1,38,FALSE,adama_diarra_traore,adama_diarra_traore
2022-23,492,Matija Šarkić,matija sarkic,matija_sarkic,Wolves,GK,38,0,1,38,FALSE,matija_sarkic,matija_sarkic
2022-23,493,Morgan Gibbs-White,morgan gibbs white,gibbs_morgan_white,Nott'm Forest/Wolves,MID,38,3151,1,38,FALSE,gibbs_morgan_white,gibbs_morgan_white
2022-23,494,Yerson Mosquera Valdelamar,yerson mosquera valdelamar,mosquera_valdelamar_yerson,Wolves,DEF,38,0,1,38,FALSE,mosquera_valdelamar_yerson,mosquera_valdelamar_yerson
2022-23,495,Remi Matthews,remi matthews,matthews_remi,Crystal Palace,GK,38,0,1,38,FALSE,matthews_remi,matthews_remi
2022-23,496,Luke Plange,luke plange,luke_plange,Crystal Palace,FWD,38,0,1,38,FALSE,luke_plange,luke_plange
2022-23,497,Adrián San Miguel del Castillo,adrian san miguel del castillo,adrian_castillo_del_miguel_san,Liverpool,GK,38,0,1,38,FALSE,adrian_castillo_del_miguel_san,adrian_castillo_del_miguel_san
2022-23,498,Rhys Williams,rhys williams,rhys_williams,Liverpool,DEF,38,0,1,38,FALSE,rhys_williams,rhys_williams
2022-23,499,Ben Davies,ben davies,ben_davies,Liverpool,DEF,38,0,1,38,TRUE,ben_davies__def__liverpool,ben_davies__def__liverpool
2022-23,500,Sepp van den Berg,sepp van den berg,berg_den_sepp_van,Liverpool,DEF,38,0,1,38,FALSE,berg_den_sepp_van,berg_den_sepp_van
2022-23,501,Nathaniel Phillips,nathaniel phillips,nathaniel_phillips,Liverpool,DEF,38,65,1,38,FALSE,nathaniel_phillips,nathaniel_phillips
2022-23,502,Scott Carson,scott carson,carson_scott,Man City,GK,38,0,1,38,FALSE,carson_scott,carson_scott
2022-23,503,João Filipe Iria Santos Moutinho,joao filipe iria santos moutinho,filipe_iria_joao_moutinho_santos,Wolves,MID,38,1773,1,38,FALSE,filipe_iria_joao_moutinho_santos,filipe_iria_joao_moutinho_santos
2022-23,504,Tyrell Malacia,tyrell malacia,malacia_tyrell,Man Utd,DEF,38,1391,1,38,FALSE,malacia_tyrell,malacia_tyrell
2022-23,505,Joe Rothwell,joe rothwell,joe_rothwell,Bournemouth,MID,38,1010,1,38,FALSE,joe_rothwell,joe_rothwell
2022-23,506,Tyler Adams,tyler adams,adams_tyler,Leeds,MID,38,2156,1,38,FALSE,adams_tyler,adams_tyler
2022-23,507,Moussa Niakhaté,moussa niakhate,moussa_niakhate,Nott'm Forest,DEF,38,1163,1,38,FALSE,moussa_niakhate,moussa_niakhate
2022-23,508,Luis Sinisterra Lucumí,luis sinisterra lucumi,lucumi_luis_sinisterra,Leeds,MID,38,863,1,38,FALSE,lucumi_luis_sinisterra,lucumi_luis_sinisterra
2022-23,509,Flynn Downes,flynn downes,downes_flynn,West Ham,MID,38,752,1,38,FALSE,downes_flynn,downes_flynn
2022-23,510,Aaron Hickey,aaron hickey,aaron_hickey,Brentford,DEF,38,1918,1,38,FALSE,aaron_hickey,aaron_hickey
2022-23,511,Omar Richards,omar richards,omar_richards,Nott'm Forest,DEF,38,0,1,38,FALSE,omar_richards,omar_richards
2022-23,512,Joe Ayodele-Aribo,joe ayodele aribo,aribo_ayodele_joe,Southampton,MID,38,1219,1,38,FALSE,aribo_ayodele_joe,aribo_ayodele_joe
2022-23,513,Clément Lenglet,clement lenglet,clement_lenglet,Spurs,DEF,38,2018,1,38,FALSE,clement_lenglet,clement_lenglet
2022-23,514,Cheick Doucouré,cheick doucoure,cheick_doucoure,Crystal Palace,MID,38,2770,1,38,FALSE,cheick_doucoure,cheick_doucoure
2022-23,515,Keane Lewis-Potter,keane lewis potter,keane_lewis_potter,Brentford,MID,38,313,1,38,FALSE,keane_lewis_potter,keane_lewis_potter
2022-23,516,Nathan Collins,nathan collins,collins_nathan,Wolves,DEF,38,1811,1,38,FALSE,collins_nathan,collins_nathan
2022-23,517,Thomas Strakosha,thomas strakosha,strakosha_thomas,Brentford,GK,38,0,1,38,FALSE,strakosha_thomas,strakosha_thomas
2022-23,518,Wayne Hennessey,wayne hennessey,hennessey_wayne,Nott'm Forest,GK,38,271,1,38,FALSE,hennessey_wayne,hennessey_wayne
2022-23,519,Christian Eriksen,christian eriksen,christian_eriksen,Man Utd,MID,38,2046,1,38,FALSE,christian_eriksen,christian_eriksen
2022-23,520,Kalidou Koulibaly,kalidou koulibaly,kalidou_koulibaly,Chelsea,DEF,38,1798,1,38,FALSE,kalidou_koulibaly,kalidou_koulibaly
2022-23,521,Tyrese Francois,tyrese francois,francois_tyrese,Fulham,MID,38,1,1,38,FALSE,francois_tyrese,francois_tyrese
2022-23,522,Djed Spence,djed spence,djed_spence,Spurs,DEF,38,5,1,38,FALSE,djed_spence,djed_spence
2022-23,523,Harry Toffolo,harry toffolo,harry_toffolo,Nott'm Forest,DEF,38,933,1,38,FALSE,harry_toffolo,harry_toffolo
2022-23,524,Lewis O'Brien,lewis o brien,brien_lewis_o,Nott'm Forest,MID,38,578,1,38,FALSE,brien_lewis_o,brien_lewis_o
2022-23,525,Ludwig Augustinsson,ludwig augustinsson,augustinsson_ludwig,Aston Villa,DEF,38,76,1,38,FALSE,augustinsson_ludwig,augustinsson_ludwig
2022-23,526,Ben Mee,ben mee,ben_mee,Brentford,DEF,38,3269,1,38,FALSE,ben_mee,ben_mee
2022-23,527,Jesse Lingard,jesse lingard,jesse_lingard,Nott'm Forest,MID,38,918,1,38,FALSE,jesse_lingard,jesse_lingard
2022-23,528,Sékou Mara,sekou mara,mara_sekou,Southampton,FWD,38,538,1,38,FALSE,mara_sekou,mara_sekou
2022-23,529,Gianluca Scamacca,gianluca scamacca,gianluca_scamacca,West Ham,FWD,38,921,1,38,FALSE,gianluca_scamacca,gianluca_scamacca
2022-23,530,Chris Richards,chris richards,chris_richards,Crystal Palace,DEF,38,443,1,38,FALSE,chris_richards,chris_richards
2022-23,531,Rúben Nascimento Vinagre,ruben nascimento vinagre,nascimento_ruben_vinagre,Everton,DEF,38,24,1,38,FALSE,nascimento_ruben_vinagre,nascimento_ruben_vinagre
2022-23,532,Kevin Mbabu,kevin mbabu,kevin_mbabu,Fulham,DEF,38,141,1,38,FALSE,kevin_mbabu,kevin_mbabu
2022-23,533,Lisandro Martínez,lisandro martinez,lisandro_martinez,Man Utd,DEF,38,2113,1,38,FALSE,lisandro_martinez,lisandro_martinez
2022-23,534,Dwight McNeil,dwight mcneil,dwight_mcneil,Everton,MID,38,2490,1,38,FALSE,dwight_mcneil,dwight_mcneil
2022-23,535,Marcus Tavernier,marcus tavernier,marcus_tavernier,Bournemouth,MID,38,1740,1,38,FALSE,marcus_tavernier,marcus_tavernier
2022-23,536,Orel Mangala,orel mangala,mangala_orel,Nott'm Forest,MID,38,1543,1,38,FALSE,mangala_orel,mangala_orel
2022-23,537,Kaine Kesler Hayden,kaine kesler hayden,hayden_kaine_kesler,Aston Villa,DEF,38,0,1,38,FALSE,hayden_kaine_kesler,hayden_kaine_kesler
2022-23,538,Ashley Young,ashley young,ashley_young,Aston Villa,DEF,38,2031,1,38,FALSE,ashley_young,ashley_young
2022-23,539,James Hill,james hill,hill_james,Bournemouth,DEF,38,0,1,38,FALSE,hill_james,hill_james
2022-23,540,Fin Stevens,fin stevens,fin_stevens,Brentford,DEF,38,0,1,38,FALSE,fin_stevens,finley_stevens
2022-23,541,Halil Dervişoğlu,halil dervisoglu,dervisoglu_halil,Brentford,FWD,38,6,1,38,FALSE,dervisoglu_halil,dervisoglu_halil
2022-23,542,Kjell Scherpen,kjell scherpen,kjell_scherpen,Brighton,GK,38,0,1,38,FALSE,kjell_scherpen,kjell_scherpen
2022-23,543,Matt Clarke,matt clarke,clarke_matt,Brighton,DEF,38,0,1,38,FALSE,clarke_matt,clarke_matt
2022-23,544,Jan Paul van Hecke,jan paul van hecke,hecke_jan_paul_van,Brighton,DEF,38,291,1,38,FALSE,hecke_jan_paul_van,hecke_jan_paul_van
2022-23,545,Emerson Palmieri dos Santos,emerson palmieri dos santos,dos_emerson_palmieri_santos,Chelsea/West Ham,DEF,38,1317,1,38,FALSE,dos_emerson_palmieri_santos,dos_emerson_palmieri_santos
2022-23,546,Luke Harris,luke harris,harris_luke,Fulham,MID,38,10,1,38,FALSE,harris_luke,harris_luke
2022-23,547,Cody Drameh,cody drameh,cody_drameh,Leeds,DEF,38,70,1,38,FALSE,cody_drameh,cody_drameh
2022-23,548,Daniel Iversen,daniel iversen,daniel_iversen,Leicester,GK,38,1080,1,38,FALSE,daniel_iversen,daniel_iversen
2022-23,549,Dennis Praet,dennis praet,dennis_praet,Leicester,MID,38,635,1,38,FALSE,dennis_praet,dennis_praet
2022-23,550,Amad Diallo,amad diallo,amad_diallo,Man Utd,MID,38,0,1,38,FALSE,amad_diallo,amad_diallo
2022-23,551,Zidane Iqbal,zidane iqbal,iqbal_zidane,Man Utd,MID,38,0,1,38,FALSE,iqbal_zidane,iqbal_zidane
2022-23,552,Elliot Anderson,elliot anderson,anderson_elliot,Newcastle,MID,38,395,1,38,FALSE,anderson_elliot,anderson_elliot
2022-23,553,Oliver Hammond,oliver hammond,hammond_oliver,Nott'm Forest,MID,38,0,1,38,FALSE,hammond_oliver,hammond_oliver
2022-23,554,Bryan Gil Salvatierra,bryan gil salvatierra,bryan_gil_salvatierra,Spurs,MID,38,146,1,38,FALSE,bryan_gil_salvatierra,bryan_gil_salvatierra
2022-23,555,Harrison Ashby,harrison ashby,ashby_harrison,Newcastle/West Ham,DEF,38,0,1,38,FALSE,ashby_harrison,ashby_harrison
2022-23,556,Conor Coventry,conor coventry,conor_coventry,West Ham,MID,38,1,1,38,FALSE,conor_coventry,conor_coventry
2022-23,557,Jackson Smith,jackson smith,jackson_smith,Wolves,GK,38,0,1,38,FALSE,jackson_smith,jackson_smith
2022-23,558,Hugo Bueno López,hugo bueno lopez,bueno_hugo_lopez,Wolves,DEF,38,1307,1,38,FALSE,bueno_hugo_lopez,bueno_hugo_lopez
2022-23,559,Levi Colwill,levi colwill,colwill_levi,Brighton,DEF,38,1218,1,38,FALSE,colwill_levi,colwill_levi
2022-23,560,Stanley Mills,stanley mills,mills_stanley,Everton,MID,38,0,1,38,FALSE,mills_stanley,mills_stanley
2022-23,561,Lewis Warrington,lewis warrington,lewis_warrington,Everton,MID,38,0,1,38,FALSE,lewis_warrington,lewis_warrington
2022-23,562,Manor Solomon,manor solomon,manor_solomon,Fulham,MID,38,560,1,38,FALSE,manor_solomon,manor_solomon
2022-23,563,Luke Chambers,luke chambers,chambers_luke,Liverpool,DEF,38,0,1,38,FALSE,chambers_luke,chambers_luke
2022-23,564,Stefan Bajcetic,stefan bajcetic,bajcetic_stefan,Liverpool,MID,38,522,1,38,FALSE,bajcetic_stefan,bajcetic_stefan
2022-23,565,Archie Gray,archie gray,archie_gray,Leeds,MID,38,0,1,38,FALSE,archie_gray,archie_gray
2022-23,566,Joseph Hodge,joseph hodge,hodge_joseph,Wolves,MID,38,172,1,38,FALSE,hodge_joseph,hodge_joseph
2022-23,567,Connor Ronan,connor ronan,connor_ronan,Wolves,MID,38,1,1,38,FALSE,connor_ronan,connor_ronan
2022-23,568,Chem Campbell,chem campbell,campbell_chem,Wolves,MID,38,68,1,38,FALSE,campbell_chem,campbell_chem
2022-23,569,Alejandro Garnacho,alejandro garnacho,alejandro_garnacho,Man Utd,MID,38,557,1,38,FALSE,alejandro_garnacho,alejandro_garnacho
2022-23,570,James Garner,james garner,garner_james,Everton/Man Utd,MID,38,796,1,38,FALSE,garner_james,garner_james
2022-23,571,Darren Randolph,darren randolph,darren_randolph,Bournemouth/West Ham,GK,38,0,1,38,FALSE,darren_randolph,darren_randolph
2022-23,572,Armstrong Oko-Flex,armstrong oko flex,armstrong_flex_oko,West Ham,MID,38,0,1,38,FALSE,armstrong_flex_oko,armstrong_flex_oko
2022-23,573,Rico Lewis,rico lewis,lewis_rico,Man City,DEF,38,900,1,38,FALSE,lewis_rico,lewis_rico
2022-23,574,Norberto Murara Neto,norberto murara neto,murara_neto_norberto,Bournemouth,GK,37,2385,2,38,FALSE,murara_neto_norberto,murara_neto_norberto
2022-23,575,Maxwel Cornet,maxwel cornet,cornet_maxwel,West Ham,MID,37,232,2,38,FALSE,cornet_maxwel,cornet_maxwel
2022-23,576,Marcos Senesi,marcos senesi,marcos_senesi,Bournemouth,DEF,37,2489,2,38,FALSE,marcos_senesi,marcos_senesi
2022-23,577,Amadou Onana,amadou onana,amadou_onana,Everton,MID,37,2486,2,38,FALSE,amadou_onana,amadou_onana
2022-23,578,Joel Robles,joel robles,joel_robles,Leeds,GK,37,360,2,38,FALSE,joel_robles,joel_robles
2022-23,579,Gonçalo Manuel Ganchinho Guedes,goncalo manuel ganchinho guedes,ganchinho_goncalo_guedes_manuel,Wolves,MID,37,703,2,38,FALSE,ganchinho_goncalo_guedes_manuel,ganchinho_goncalo_guedes_manuel
2022-23,580,Mikkel Damsgaard,mikkel damsgaard,damsgaard_mikkel,Brentford,MID,37,970,2,38,FALSE,damsgaard_mikkel,damsgaard_mikkel
2022-23,581,Alex Smithies,alex smithies,alex_smithies,Leicester,GK,36,0,3,38,FALSE,alex_smithies,alex_smithies
2022-23,582,Remo Freuler,remo freuler,freuler_remo,Nott'm Forest,MID,36,2157,3,38,FALSE,freuler_remo,freuler_remo
2022-23,583,Cheikhou Kouyaté,cheikhou kouyate,cheikhou_kouyate,Nott'm Forest,MID,36,871,3,38,FALSE,cheikhou_kouyate,cheikhou_kouyate
2022-23,584,Bobby Clark,bobby clark,bobby_clark,Liverpool,MID,37,7,2,38,FALSE,bobby_clark,bobby_clark
2022-23,585,Emmanuel Dennis,emmanuel dennis,dennis_emmanuel,Nott'm Forest,FWD,36,709,3,38,FALSE,dennis_emmanuel,dennis_emmanuel
2022-23,586,Pervis Estupiñán,pervis estupinan,estupinan_pervis,Brighton,DEF,36,2674,3,38,FALSE,estupinan_pervis,estupinan_pervis
2022-23,587,Sergio Gómez,sergio gomez,gomez_sergio,Man City,DEF,36,340,3,38,FALSE,gomez_sergio,gomez_sergio
2022-23,588,Thilo Kehrer,thilo kehrer,kehrer_thilo,West Ham,DEF,36,2229,3,38,FALSE,kehrer_thilo,kehrer_thilo
2022-23,589,Matheus Luiz Nunes,matheus luiz nunes,luiz_matheus_nunes,Wolves,MID,36,2467,3,38,FALSE,luiz_matheus_nunes,luiz_matheus_nunes
2022-23,590,Joseph Whitworth,joseph whitworth,joseph_whitworth,Crystal Palace,GK,36,180,3,38,FALSE,joseph_whitworth,joseph_whitworth
2022-23,591,Terry Ablade,terry ablade,ablade_terry,Fulham,FWD,36,0,3,38,FALSE,ablade_terry,ablade_terry
2022-23,592,Harvey Davies,harvey davies,davies_harvey,Liverpool,GK,36,0,3,38,FALSE,davies_harvey,davies_harvey
2022-23,593,Carlos Henrique Casimiro,carlos henrique casimiro,carlos_casimiro_henrique,Man Utd,MID,35,2122,4,38,FALSE,carlos_casimiro_henrique,carlos_casimiro_henrique
2022-23,594,Alexander Isak,alexander isak,alexander_isak,Newcastle,FWD,35,1520,4,38,FALSE,alexander_isak,alexander_isak
2022-23,595,Mathias Jorgensen,mathias jorgensen,jorgensen_mathias,Brentford,DEF,35,1097,4,38,FALSE,jorgensen_mathias,jorgensen_mathias
2022-23,596,Evan Ferguson,evan ferguson,evan_ferguson,Brighton,FWD,35,942,4,38,FALSE,evan_ferguson,evan_ferguson
2022-23,597,Christian Saydee,christian saydee,christian_saydee,Bournemouth,FWD,35,0,4,38,FALSE,christian_saydee,christian_saydee
2022-23,598,Owen Bevan,owen bevan,bevan_owen,Bournemouth,DEF,35,8,4,38,FALSE,bevan_owen,bevan_owen
2022-23,599,Claudio Gomes,claudio gomes,claudio_gomes,Man City,MID,35,0,4,38,FALSE,claudio_gomes,claudio_gomes
2022-23,600,Ben Knight,ben knight,ben_knight,Man City,MID,35,0,4,38,FALSE,ben_knight,ben_knight
2022-23,601,Kaden Rodney,kaden rodney,kaden_rodney,Crystal Palace,MID,35,0,4,38,FALSE,kaden_rodney,kaden_rodney
2022-23,602,Renan Augusto Lodi dos Santos,renan augusto lodi dos santos,augusto_dos_lodi_renan_santos,Nott'm Forest,DEF,34,2211,5,38,FALSE,augusto_dos_lodi_renan_santos,augusto_dos_lodi_renan_santos
2022-23,603,Lucas Tolentino Coelho de Lima,lucas tolentino coelho de lima,coelho_de_lima_lucas_tolentino,West Ham,MID,34,2154,5,38,FALSE,coelho_de_lima_lucas_tolentino,coelho_de_lima_lucas_tolentino
2022-23,604,Killian Phillips,killian phillips,killian_phillips,Crystal Palace,MID,34,0,5,38,FALSE,killian_phillips,killian_phillips
2022-23,605,Reece Welch,reece welch,reece_welch,Everton,DEF,34,0,5,38,FALSE,reece_welch,reece_welch
2022-23,606,Harvey Vale,harvey vale,harvey_vale,Chelsea,MID,34,0,5,38,FALSE,harvey_vale,harvey_vale
2022-23,607,Matthew Smith,matthew smith,matthew_smith,Arsenal,MID,34,0,5,38,FALSE,matthew_smith,matthew_smith
2022-23,608,Sasa Kalajdzic,sasa kalajdzic,kalajdzic_sasa,Wolves,FWD,33,45,6,38,FALSE,kalajdzic_sasa,kalajdzic_sasa
2022-23,609,Antony Matheus dos Santos,antony matheus dos santos,antony_dos_matheus_santos,Man Utd,MID,33,1803,6,38,FALSE,antony_dos_matheus_santos,antony_dos_matheus_santos
2022-23,610,Manuel Akanji,manuel akanji,akanji_manuel,Man City,DEF,33,2284,6,38,FALSE,akanji_manuel,akanji_manuel
2022-23,611,Idrissa Gueye,idrissa gueye,gueye_idrissa,Everton,MID,33,2577,6,38,FALSE,gueye_idrissa,gueye_idrissa
2022-23,612,Wout Faes,wout faes,faes_wout,Leicester,DEF,33,2786,6,38,FALSE,faes_wout,faes_wout
2022-23,613,Layvin Kurzawa,layvin kurzawa,kurzawa_layvin,Fulham,DEF,33,136,6,38,FALSE,kurzawa_layvin,kurzawa_layvin
2022-23,614,Willian Borges da Silva,willian borges da silva,borges_da_silva_willian,Fulham,MID,33,2127,6,38,FALSE,borges_da_silva_willian,borges_da_silva_willian
2022-23,615,Matej Kovár,matej kovar,kovar_matej,Man Utd,GK,34,0,5,38,FALSE,kovar_matej,kovar_matej
2022-23,616,Denis Zakaria,denis zakaria,denis_zakaria,Chelsea,MID,33,409,6,38,FALSE,denis_zakaria,denis_zakaria
2022-23,617,Pierre-Emerick Aubameyang,pierre emerick aubameyang,aubameyang_emerick_pierre,Chelsea,FWD,33,546,6,38,FALSE,aubameyang_emerick_pierre,aubameyang_emerick_pierre
2022-23,618,Carlos Vinícius Alves Morais,carlos vinicius alves morais,alves_carlos_morais_vinicius,Fulham,FWD,33,1098,6,38,FALSE,alves_carlos_morais_vinicius,alves_carlos_morais_vinicius
2022-23,619,Wilfried Gnonto,wilfried gnonto,gnonto_wilfried,Leeds,FWD,33,1346,6,38,FALSE,gnonto_wilfried,gnonto_wilfried
2022-23,620,Arthur Henrique Ramos de Oliveira Melo,arthur henrique ramos de oliveira melo,arthur_de_henrique_melo_oliveira_ramos,Liverpool,MID,33,0,6,38,FALSE,arthur_de_henrique_melo_oliveira_ramos,arthur_de_henrique_melo_oliveira_ramos
2022-23,621,Loïc Badé,loic bade,bade_loic,Nott'm Forest,DEF,33,0,6,38,FALSE,bade_loic,bade_loic
2022-23,622,Juan Larios López,juan larios lopez,juan_larios_lopez,Southampton,DEF,33,150,6,38,FALSE,juan_larios_lopez,juan_larios_lopez
2022-23,623,Duje Caleta-Car,duje caleta car,caleta_car_duje,Southampton,DEF,33,942,6,38,FALSE,caleta_car_duje,caleta_car_duje
2022-23,624,Samuel Edozie,samuel edozie,edozie_samuel,Southampton,MID,33,554,6,38,FALSE,edozie_samuel,edozie_samuel
2022-23,625,Diego Da Silva Costa,diego da silva costa,costa_da_diego_silva,Wolves,FWD,32,1235,8,38,FALSE,costa_da_diego_silva,costa_da_diego_silva
2022-23,626,Loris Karius,loris karius,karius_loris,Newcastle,GK,32,0,8,38,FALSE,karius_loris,karius_loris
2022-23,627,Eldin Jakupovic,eldin jakupovic,eldin_jakupovic,Everton,GK,32,0,8,38,FALSE,eldin_jakupovic,eldin_jakupovic
2022-23,628,Serge Aurier,serge aurier,aurier_serge,Nott'm Forest,DEF,32,1943,8,38,FALSE,aurier_serge,aurier_serge
2022-23,629,Boubacar Traoré,boubacar traore,boubacar_traore,Wolves,MID,32,405,8,38,FALSE,boubacar_traore,boubacar_traore
2022-23,630,Ethan Nwaneri,ethan nwaneri,ethan_nwaneri,Arsenal,MID,32,1,8,38,FALSE,ethan_nwaneri,ethan_nwaneri
2022-23,631,Lino Sousa,lino sousa,lino_sousa,Arsenal,DEF,32,0,8,38,FALSE,lino_sousa,lino_sousa
2022-23,632,Ryan Trevitt,ryan trevitt,ryan_trevitt,Brentford,MID,31,0,9,38,FALSE,ryan_trevitt,ryan_trevitt
2022-23,633,Matthew Cox,matthew cox,cox_matthew,Brentford,GK,31,0,9,38,FALSE,cox_matthew,cox_matthew
2022-23,634,John-Kymani Gordon,john kymani gordon,gordon_john_kymani,Crystal Palace,FWD,32,0,9,38,FALSE,gordon_john_kymani,gordon_john_kymani
2022-23,635,Marcus Bettinelli,marcus bettinelli,bettinelli_marcus,Chelsea,GK,32,0,9,38,FALSE,bettinelli_marcus,bettinelli_marcus
2022-23,636,Stefan Parkes,stefan parkes,parkes_stefan,Fulham,DEF,31,0,9,38,FALSE,parkes_stefan,parkes_stefan
2022-23,637,Kyle John,kyle john,john_kyle,Everton,DEF,31,0,9,38,FALSE,john_kyle,john_kyle
2022-23,638,Lamare Bogarde,lamare bogarde,bogarde_lamare,Aston Villa,DEF,31,0,9,38,FALSE,bogarde_lamare,bogarde_lamare
2022-23,639,Sammy Braybrooke,sammy braybrooke,braybrooke_sammy,Leicester,MID,30,0,10,38,FALSE,braybrooke_sammy,braybrooke_sammy
2022-23,640,Ed Turns,ed turns,ed_turns,Brighton,DEF,31,0,10,38,FALSE,ed_turns,ed_turns
2022-23,641,Martial Godo,martial godo,godo_martial,Fulham,MID,30,0,10,38,FALSE,godo_martial,godo_martial
2022-23,642,Kofi Balmer,kofi balmer,balmer_kofi,Crystal Palace,DEF,30,0,11,38,FALSE,balmer_kofi,balmer_kofi
2022-23,643,Kobbie Mainoo,kobbie mainoo,kobbie_mainoo,Man Utd,MID,30,10,11,38,FALSE,kobbie_mainoo,kobbie_mainoo
2022-23,644,Owen Goodman,owen goodman,goodman_owen,Crystal Palace,GK,29,0,12,38,FALSE,goodman_owen,goodman_owen
2022-23,645,Joe Wormleighton,joe wormleighton,joe_wormleighton,Leicester,DEF,28,0,12,38,FALSE,joe_wormleighton,joe_wormleighton
2022-23,646,Tristan Crama,tristan crama,crama_tristan,Brentford,DEF,27,0,13,38,FALSE,crama_tristan,crama_tristan
2022-23,647,Lewis Payne,lewis payne,lewis_payne,Southampton,MID,27,0,13,38,FALSE,lewis_payne,lewis_payne
2022-23,648,Ryan Finnigan,ryan finnigan,finnigan_ryan,Southampton,MID,27,0,13,38,FALSE,finnigan_ryan,finnigan_ryan
2022-23,649,Cameron Plain,cameron plain,cameron_plain,Bournemouth,GK,26,0,14,38,FALSE,cameron_plain,cameron_plain
2022-23,650,Yegor Yarmolyuk,yegor yarmolyuk,yarmolyuk_yegor,Brentford,MID,26,0,14,38,FALSE,yarmolyuk_yegor,yarmolyuk_yegor
2022-23,651,Andrew Moran,andrew moran,andrew_moran,Brighton,MID,27,11,14,38,FALSE,andrew_moran,andrew_moran
2022-23,652,James Furlong,james furlong,furlong_james,Brighton,DEF,27,0,14,38,FALSE,furlong_james,furlong_james
2022-23,653,Omari Hutchinson,omari hutchinson,hutchinson_omari,Chelsea,MID,27,22,14,38,FALSE,hutchinson_omari,hutchinson_omari
2022-23,654,Jack Wells-Morrison,jack wells morrison,jack_morrison_wells,Crystal Palace,MID,27,0,14,38,FALSE,jack_morrison_wells,jack_morrison_wells
2022-23,655,Karl Hein,karl hein,hein_karl,Arsenal,GK,27,0,14,38,FALSE,hein_karl,hein_karl
2022-23,656,Nathan Bishop,nathan bishop,bishop_nathan,Man Utd,GK,27,0,14,38,FALSE,bishop_nathan,bishop_nathan
2022-23,657,Nathan Fraser,nathan fraser,fraser_nathan,Wolves,FWD,25,0,15,38,FALSE,fraser_nathan,fraser_nathan
2022-23,658,Harvey Griffiths,harvey griffiths,griffiths_harvey,Wolves,MID,25,0,15,38,FALSE,griffiths_harvey,griffiths_harvey
2022-23,659,Mateo Joseph Fernández,mateo joseph fernandez,fernandez_joseph_mateo,Leeds,FWD,26,24,15,38,FALSE,fernandez_joseph_mateo,fernandez_joseph_mateo
2022-23,660,Shola Shoretire,shola shoretire,shola_shoretire,Man Utd,FWD,26,0,15,38,FALSE,shola_shoretire,shola_shoretire
2022-23,661,Lewis Hall,lewis hall,hall_lewis,Chelsea,MID,26,653,15,38,FALSE,hall_lewis,hall_lewis
2022-23,662,Thomas Cannon,thomas cannon,cannon_thomas,Everton,FWD,24,23,16,38,FALSE,cannon_thomas,cannon_thomas
2022-23,663,Sonny Perkins,sonny perkins,perkins_sonny,Leeds,FWD,25,0,16,38,FALSE,perkins_sonny,perkins_sonny
2022-23,664,Dexter Lembikisa,dexter lembikisa,dexter_lembikisa,Wolves,DEF,24,22,16,38,FALSE,dexter_lembikisa,dexter_lembikisa
2022-23,665,Ben Doak,ben doak,ben_doak,Liverpool,MID,25,23,16,38,FALSE,ben_doak,ben_doak
2022-23,666,Dale Taylor,dale taylor,dale_taylor,Nott'm Forest,FWD,24,0,16,38,FALSE,dale_taylor,dale_taylor
2022-23,667,Kristian Sekularac,kristian sekularac,kristian_sekularac,Fulham,MID,24,0,16,38,FALSE,kristian_sekularac,kristian_sekularac
2022-23,668,Amario Cozier-Duberry,amario cozier duberry,amario_cozier_duberry,Arsenal,MID,24,0,17,38,FALSE,amario_cozier_duberry,amario_cozier_duberry
2022-23,669,Divin Mubama,divin mubama,divin_mubama,West Ham,FWD,23,36,17,38,FALSE,divin_mubama,divin_mubama
2022-23,670,Filip Marschall,filip marschall,filip_marschall,Aston Villa,GK,23,0,17,38,FALSE,filip_marschall,filip_marschall
2022-23,671,Jimmy Morgan,jimmy morgan,jimmy_morgan,Southampton,FWD,23,0,17,38,FALSE,jimmy_morgan,jimmy_morgan
2022-23,672,Kadan Young,kadan young,kadan_young,Aston Villa,MID,23,0,17,38,FALSE,kadan_young,kadan_young
2022-23,673,Bashir Humphreys,bashir humphreys,bashir_humphreys,Chelsea,DEF,24,0,17,38,FALSE,bashir_humphreys,bashir_humphreys
2022-23,674,Rhys Bennett,rhys bennett,bennett_rhys,Man Utd,DEF,24,0,17,38,FALSE,bennett_rhys,bennett_rhys
2022-23,675,Jordan Smith,jordan smith,jordan_smith,Nott'm Forest,GK,23,0,17,38,FALSE,jordan_smith,jordan_smith
2022-23,676,David Ozoh,david ozoh,david_ozoh,Crystal Palace,MID,23,1,18,38,FALSE,david_ozoh,david_ozoh
2022-23,677,Jack Hinshelwood,jack hinshelwood,hinshelwood_jack,Brighton,MID,23,1,18,38,FALSE,hinshelwood_jack,hinshelwood_jack
2022-23,678,Isaac Price,isaac price,isaac_price,Everton,MID,22,32,18,38,FALSE,isaac_price,isaac_price
2022-23,679,Facundo Buonanotte,facundo buonanotte,buonanotte_facundo,Brighton,MID,22,558,19,38,FALSE,buonanotte_facundo,buonanotte_facundo
2022-23,680,Cody Gakpo,cody gakpo,cody_gakpo,Liverpool,MID,22,1455,19,38,FALSE,cody_gakpo,cody_gakpo
2022-23,681,Gustavo Henrique Furtado Scarpa,gustavo henrique furtado scarpa,furtado_gustavo_henrique_scarpa,Nott'm Forest,MID,21,177,19,38,FALSE,furtado_gustavo_henrique_scarpa,furtado_gustavo_henrique_scarpa
2022-23,682,Matheus Santos Carneiro Da Cunha,matheus santos carneiro da cunha,carneiro_cunha_da_matheus_santos,Wolves,FWD,21,961,19,38,FALSE,carneiro_cunha_da_matheus_santos,carneiro_cunha_da_matheus_santos
2022-23,683,Garang Kuol,garang kuol,garang_kuol,Newcastle,MID,21,0,19,38,FALSE,garang_kuol,garang_kuol
2022-23,684,David Datro Fofana,david datro fofana,datro_david_fofana,Chelsea,FWD,22,68,19,38,FALSE,datro_david_fofana,datro_david_fofana
2022-23,685,Nathan Butler-Oyedeji,nathan butler oyedeji,butler_nathan_oyedeji,Arsenal,FWD,22,0,19,38,FALSE,butler_nathan_oyedeji,butler_nathan_oyedeji
2022-23,686,Ellis Simms,ellis simms,ellis_simms,Everton,FWD,21,219,19,38,FALSE,ellis_simms,ellis_simms
2022-23,687,Kasey McAteer,kasey mcateer,kasey_mcateer,Leicester,MID,21,0,19,38,FALSE,kasey_mcateer,kasey_mcateer
2022-23,688,Kevin Schade,kevin schade,kevin_schade,Brentford,MID,20,723,20,38,FALSE,kevin_schade,kevin_schade
2022-23,689,Benoît Badiashile,benoit badiashile,badiashile_benoit,Chelsea,DEF,22,904,19,38,FALSE,badiashile_benoit,badiashile_benoit
2022-23,690,João Félix Sequeira,joao felix sequeira,felix_joao_sequeira,Chelsea,FWD,22,936,19,38,FALSE,felix_joao_sequeira,felix_joao_sequeira
2022-23,691,Maximilian Wöber,maximilian wober,maximilian_wober,Leeds,DEF,21,1264,20,38,FALSE,maximilian_wober,maximilian_wober
2022-23,692,Mislav Orsic,mislav orsic,mislav_orsic,Southampton,MID,20,6,20,38,FALSE,mislav_orsic,mislav_orsic
2022-23,693,Carlos Alcaraz,carlos alcaraz,alcaraz_carlos,Southampton,MID,20,1024,20,38,FALSE,alcaraz_carlos,alcaraz_carlos
2022-23,694,Alexandre Moreno Lopera,alexandre moreno lopera,alexandre_lopera_moreno,Aston Villa,DEF,20,1325,20,38,FALSE,alexandre_lopera_moreno,alexandre_lopera_moreno
2022-23,695,Daniel Adu-Adjei,daniel adu adjei,adjei_adu_daniel,Bournemouth,FWD,20,0,20,38,FALSE,adjei_adu_daniel,adjei_adu_daniel
2022-23,696,Michael Dacosta Gonzalez,michael dacosta gonzalez,dacosta_gonzalez_michael,Bournemouth,MID,20,0,20,38,FALSE,dacosta_gonzalez_michael,dacosta_gonzalez_michael
2022-23,697,Dominic Sadi,dominic sadi,dominic_sadi,Bournemouth,FWD,20,0,20,38,FALSE,dominic_sadi,dominic_sadi
2022-23,698,Mario Lemina,mario lemina,lemina_mario,Wolves,MID,20,1297,20,38,FALSE,lemina_mario,lemina_mario
2022-23,699,Mykhailo Mudryk,mykhailo mudryk,mudryk_mykhailo,Chelsea,MID,19,650,21,38,FALSE,mudryk_mykhailo,mudryk_mykhailo
2022-23,700,Georginio Rutter,georginio rutter,georginio_rutter,Leeds,FWD,20,263,21,38,FALSE,georginio_rutter,georginio_rutter
2022-23,701,Wout Weghorst,wout weghorst,weghorst_wout,Man Utd,FWD,21,790,20,38,FALSE,weghorst_wout,weghorst_wout
2022-23,702,Andrey Nascimento dos Santos,andrey nascimento dos santos,andrey_dos_nascimento_santos,Chelsea,MID,19,0,21,38,FALSE,andrey_dos_nascimento_santos,andrey_dos_nascimento_santos
2022-23,703,Danilo dos Santos de Oliveira,danilo dos santos de oliveira,danilo_de_dos_oliveira_santos,Nott'm Forest,MID,19,976,21,38,FALSE,danilo_de_dos_oliveira_santos,danilo_de_dos_oliveira_santos
2022-23,704,Pablo Sarabia,pablo sarabia,pablo_sarabia,Wolves,MID,19,764,21,38,FALSE,pablo_sarabia,pablo_sarabia
2022-23,705,Dango Ouattara,dango ouattara,dango_ouattara,Bournemouth,MID,19,1239,21,38,FALSE,dango_ouattara,dango_ouattara
2022-23,706,Euan Pollock,euan pollock,euan_pollock,Bournemouth,FWD,19,0,21,38,FALSE,euan_pollock,euan_pollock
2022-23,707,Viljami Sinisalo,viljami sinisalo,sinisalo_viljami,Aston Villa,GK,19,0,21,38,FALSE,sinisalo_viljami,sinisalo_viljami
2022-23,708,Noni Madueke,noni madueke,madueke_noni,Chelsea,MID,18,639,22,38,FALSE,madueke_noni,madueke_noni
2022-23,709,Victor Kristiansen,victor kristiansen,kristiansen_victor,Leicester,DEF,18,891,22,38,FALSE,kristiansen_victor,kristiansen_victor
2022-23,710,Jakub Kiwior,jakub kiwior,jakub_kiwior,Arsenal,DEF,19,425,22,38,FALSE,jakub_kiwior,jakub_kiwior
2022-23,711,Jhon Durán,jhon duran,duran_jhon,Aston Villa,FWD,18,126,22,38,FALSE,duran_jhon,duran_jhon
2022-23,712,Máximo Perrone,maximo perrone,maximo_perrone,Man City,MID,18,18,22,38,FALSE,maximo_perrone,maximo_perrone
2022-23,713,Arnaut Danjuma,arnaut danjuma,arnaut_danjuma,Spurs,MID,17,162,22,38,FALSE,arnaut_danjuma,arnaut_danjuma
2022-23,714,Antoine Semenyo,antoine semenyo,antoine_semenyo,Bournemouth,FWD,18,250,22,38,FALSE,antoine_semenyo,antoine_semenyo
2022-23,715,Mateus Cardoso Lemos Martins,mateus cardoso lemos martins,cardoso_lemos_martins_mateus,Leicester,MID,18,732,22,38,FALSE,cardoso_lemos_martins_mateus,cardoso_lemos_martins_mateus
2022-23,716,James Bree,james bree,bree_james,Southampton,DEF,18,366,22,38,FALSE,bree_james,bree_james
2022-23,717,Daniel Bentley,daniel bentley,bentley_daniel,Wolves,GK,18,180,22,38,FALSE,bentley_daniel,bentley_daniel
2022-23,718,Matías Viña,matias vina,matias_vina,Bournemouth,DEF,18,452,22,38,FALSE,matias_vina,matias_vina
2022-23,719,Yasin Ayari,yasin ayari,ayari_yasin,Brighton,MID,19,65,22,38,FALSE,ayari_yasin,ayari_yasin
2022-23,720,Weston McKennie,weston mckennie,mckennie_weston,Leeds,MID,19,1434,22,38,FALSE,mckennie_weston,mckennie_weston
2022-23,721,João Victor Gomes da Silva,joao victor gomes da silva,da_gomes_joao_silva_victor,Wolves,MID,18,649,22,38,FALSE,da_gomes_joao_silva_victor,da_gomes_joao_silva_victor
2022-23,722,Illia Zabarnyi,illia zabarnyi,illia_zabarnyi,Bournemouth,DEF,18,297,22,38,FALSE,illia_zabarnyi,illia_zabarnyi
2022-23,723,Hamed Traorè,hamed traore,hamed_traore,Bournemouth,MID,18,425,22,38,FALSE,hamed_traore,hamed_traore
2022-23,724,Enzo Fernández,enzo fernandez,enzo_fernandez,Chelsea,MID,18,1547,22,38,FALSE,enzo_fernandez,enzo_fernandez
2022-23,725,Naouirou Ahamada,naouirou ahamada,ahamada_naouirou,Crystal Palace,MID,18,87,22,38,FALSE,ahamada_naouirou,ahamada_naouirou
2022-23,726,Sasa Lukic,sasa lukic,lukic_sasa,Fulham,MID,17,406,22,38,FALSE,lukic_sasa,lukic_sasa
2022-23,727,Harry Souttar,harry souttar,harry_souttar,Leicester,DEF,18,991,22,38,FALSE,harry_souttar,harry_souttar
2022-23,728,Marcel Sabitzer,marcel sabitzer,marcel_sabitzer,Man Utd,MID,18,622,22,38,FALSE,marcel_sabitzer,marcel_sabitzer
2022-23,729,Keylor Navas,keylor navas,keylor_navas,Nott'm Forest,GK,18,1530,22,38,FALSE,keylor_navas,keylor_navas
2022-23,730,Felipe Augusto de Almeida Monteiro,felipe augusto de almeida monteiro,almeida_augusto_de_felipe_monteiro,Nott'm Forest,DEF,18,1417,22,38,FALSE,almeida_augusto_de_felipe_monteiro,almeida_augusto_de_felipe_monteiro
2022-23,731,Kamaldeen Sulemana,kamaldeen sulemana,kamaldeen_sulemana,Southampton,MID,18,959,22,38,FALSE,kamaldeen_sulemana,kamaldeen_sulemana
2022-23,732,Paul Onuachu,paul onuachu,onuachu_paul,Southampton,FWD,18,401,22,38,FALSE,onuachu_paul,onuachu_paul
2022-23,733,Pedro Porro,pedro porro,pedro_porro,Spurs,DEF,17,1132,22,38,FALSE,pedro_porro,pedro_porro
2022-23,734,André Ayew,andre ayew,andre_ayew,Nott'm Forest,MID,18,306,22,38,FALSE,andre_ayew,andre_ayew
2022-23,735,Wanya Marçal-Madivadua,wanya marcal madivadua,madivadua_marcal_wanya,Leicester,MID,18,0,22,38,FALSE,madivadua_marcal_wanya,madivadua_marcal_wanya
2022-23,736,Odeluga Offiah,odeluga offiah,odeluga_offiah,Brighton,DEF,19,23,22,38,FALSE,odeluga_offiah,odeluga_offiah
2022-23,737,Ben Greenwood,ben greenwood,ben_greenwood,Bournemouth,DEF,18,0,22,38,FALSE,ben_greenwood,ben_greenwood
2022-23,738,Max Kinsey-Wellings,max kinsey wellings,kinsey_max_wellings,Bournemouth,DEF,18,0,22,38,FALSE,kinsey_max_wellings,kinsey_max_wellings
2022-23,739,Joseph Anang,joseph anang,anang_joseph,West Ham,GK,18,0,22,38,FALSE,anang_joseph,anang_joseph
2022-23,740,Krisztián Hegyi,krisztian hegyi,hegyi_krisztian,West Ham,GK,18,0,22,38,FALSE,hegyi_krisztian,hegyi_krisztian
2022-23,741,Lewis Miley,lewis miley,lewis_miley,Newcastle,MID,17,14,23,38,FALSE,lewis_miley,lewis_miley
2022-23,742,Jeremiah Chilokoa-Mullen,jeremiah chilokoa mullen,chilokoa_jeremiah_mullen,Leeds,DEF,17,0,23,38,FALSE,chilokoa_jeremiah_mullen,chilokoa_jeremiah_mullen
2022-23,743,Diogo Pinheiro Monteiro,diogo pinheiro monteiro,diogo_monteiro_pinheiro,Leeds,DEF,17,0,23,38,FALSE,diogo_monteiro_pinheiro,diogo_monteiro_pinheiro
2022-23,744,Sil Swinkels,sil swinkels,sil_swinkels,Aston Villa,DEF,17,0,23,38,FALSE,sil_swinkels,sil_swinkels
2022-23,745,Oliwier Zych,oliwier zych,oliwier_zych,Aston Villa,GK,17,0,23,38,FALSE,oliwier_zych,oliwier_zych
2022-23,746,Kaelan Casey,kaelan casey,casey_kaelan,West Ham,DEF,16,0,24,38,FALSE,casey_kaelan,casey_kaelan
2022-23,747,George Wickens,george wickens,george_wickens,Fulham,GK,13,0,26,38,FALSE,george_wickens,george_wickens
2022-23,748,Romaine Mundle,romaine mundle,mundle_romaine,Spurs,MID,12,0,27,38,FALSE,mundle_romaine,mundle_romaine
2022-23,749,George Shelvey,george shelvey,george_shelvey,Nott'm Forest,GK,13,0,27,38,FALSE,george_shelvey,george_shelvey
2022-23,750,Charlie Robinson,charlie robinson,charlie_robinson,Fulham,DEF,12,0,27,38,FALSE,charlie_robinson,charlie_robinson
2022-23,751,Reuell Walters,reuell walters,reuell_walters,Arsenal,DEF,11,0,28,38,FALSE,reuell_walters,reuell_walters
2022-23,752,Michael Olakigbe,michael olakigbe,michael_olakigbe,Brentford,MID,11,0,29,38,FALSE,michael_olakigbe,michael_olakigbe
2022-23,753,James Wright,james wright,james_wright,Aston Villa,GK,11,0,29,38,FALSE,james_wright,james_wright
2022-23,754,Sebastian Revan,sebastian revan,revan_sebastian,Aston Villa,DEF,11,0,29,38,FALSE,revan_sebastian,revan_sebastian
2022-23,755,Travis Patterson,travis patterson,patterson_travis,Aston Villa,MID,8,0,31,38,FALSE,patterson_travis,patterson_travis
2022-23,756,Tom McGill,tom mcgill,mcgill_tom,Brighton,GK,10,0,31,38,FALSE,mcgill_tom,mcgill_tom
2022-23,757,Ishé Samuels-Smith,ishe samuels smith,ishe_samuels_smith,Everton,DEF,8,0,31,38,FALSE,ishe_samuels_smith,ishe_samuels_smith
2022-23,758,George Abbott,george abbott,abbott_george,Spurs,MID,8,1,31,38,FALSE,abbott_george,abbott_george
2022-23,759,Marc Jurado Gomez,marc jurado gomez,gomez_jurado_marc,Man Utd,DEF,9,0,31,38,FALSE,gomez_jurado_marc,gomez_jurado_marc
2022-23,760,Andy Lonergan,andy lonergan,andy_lonergan,Everton,GK,7,0,32,38,FALSE,andy_lonergan,andy_lonergan
2022-23,761,Tommi O'Reilly,tommi o reilly,o_reilly_tommi,Aston Villa,MID,6,0,33,38,FALSE,o_reilly_tommi,o_reilly_tommi
2022-23,762,Cameron Peupion,cameron peupion,cameron_peupion,Brighton,MID,8,5,34,38,FALSE,cameron_peupion,cameron_peupion
2022-23,763,Matthew Dibley-Dias,matthew dibley dias,dias_dibley_matthew,Fulham,MID,4,0,35,38,FALSE,dias_dibley_matthew,dias_dibley_matthew
2022-23,764,Matthew Craig,matthew craig,craig_matthew,Spurs,MID,3,13,36,38,FALSE,craig_matthew,craig_matthew
2022-23,765,Imari Samuels,imari samuels,imari_samuels,Brighton,DEF,5,0,36,38,FALSE,imari_samuels,imari_samuels
2022-23,766,Tayo Adaramola,tayo adaramola,adaramola_tayo,Crystal Palace,DEF,2,0,37,38,FALSE,adaramola_tayo,adaramola_tayo
2022-23,767,Mauro Bandeira,mauro bandeira,bandeira_mauro,Arsenal,MID,2,0,37,38,FALSE,bandeira_mauro,bandeira_mauro
2022-23,768,Sean McAllister,sean mcallister,mcallister_sean,Everton,MID,2,0,37,38,FALSE,mcallister_sean,mcallister_sean
2022-23,769,Kamari Doyle,kamari doyle,doyle_kamari,Southampton,MID,2,6,37,38,FALSE,doyle_kamari,doyle_kamari
2022-23,770,Dominic Ballard,dominic ballard,ballard_dominic,Southampton,FWD,2,24,37,38,FALSE,ballard_dominic,ballard_dominic
2022-23,771,Ethan Wady,ethan wady,ethan_wady,Chelsea,GK,3,0,37,38,FALSE,ethan_wady,ethan_wady
2022-23,772,Alex Robertson,alex robertson,alex_robertson,Man City,MID,3,0,37,38,FALSE,alex_robertson,alex_robertson
2022-23,773,Shea Charles,shea charles,charles_shea,Man City,MID,3,27,37,38,FALSE,charles_shea,charles_shea
2022-23,774,Nico O'Reilly,nico o reilly,nico_o_reilly,Man City,MID,3,0,37,38,FALSE,nico_o_reilly,nico_o_reilly
2022-23,775,Alfie Gilchrist,alfie gilchrist,alfie_gilchrist,Chelsea,DEF,3,0,37,38,FALSE,alfie_gilchrist,alfie_gilchrist
2022-23,776,Mark Gillespie,mark gillespie,gillespie_mark,Newcastle,GK,1,0,38,38,FALSE,gillespie_mark,gillespie_mark
2022-23,777,Yago de Santiago Alonso,yago de santiago alonso,alonso_de_santiago_yago,Spurs,MID,1,0,38,38,FALSE,alonso_de_santiago_yago,alonso_de_santiago_yago
2022-23,778,Samuel Amo-Ameyaw,samuel amo ameyaw,ameyaw_amo_samuel,Southampton,MID,1,3,38,38,FALSE,ameyaw_amo_samuel,ameyaw_amo_samuel
2023-24,1,Folarin Balogun,folarin balogun,balogun_folarin,Arsenal,FWD,38,0,1,38,FALSE,balogun_folarin,balogun_folarin
2023-24,2,Cédric Alves Soares,cedric alves soares,alves_cedric_soares,Arsenal,DEF,38,59,1,38,FALSE,alves_cedric_soares,alves_cedric_soares
2023-24,3,Mohamed Elneny,mohamed elneny,elneny_mohamed,Arsenal,MID,38,25,1,38,FALSE,elneny_mohamed,elneny_mohamed
2023-24,4,Fábio Ferreira Vieira,fabio ferreira vieira,fabio_ferreira_vieira,Arsenal,MID,38,290,1,38,FALSE,fabio_ferreira_vieira,fabio_ferreira_vieira
2023-24,5,Gabriel dos Santos Magalhães,gabriel dos santos magalhaes,dos_gabriel_magalhaes_santos,Arsenal,DEF,38,3042,1,38,FALSE,dos_gabriel_magalhaes_santos,dos_gabriel_magalhaes_santos
2023-24,6,Kai Havertz,kai havertz,havertz_kai,Arsenal,MID,38,2627,1,38,FALSE,havertz_kai,havertz_kai
2023-24,7,Rob Holding,rob holding,holding_rob,Arsenal/Crystal Palace,DEF,38,0,1,38,FALSE,holding_rob,holding_rob
2023-24,8,Gabriel Fernando de Jesus,gabriel fernando de jesus,de_fernando_gabriel_jesus,Arsenal,FWD,38,1470,1,38,FALSE,de_fernando_gabriel_jesus,de_fernando_gabriel_jesus
2023-24,9,Jorge Luiz Frello Filho,jorge luiz frello filho,filho_frello_jorge_luiz,Arsenal,MID,38,913,1,38,FALSE,filho_frello_jorge_luiz,filho_frello_jorge_luiz
2023-24,10,Jakub Kiwior,jakub kiwior,jakub_kiwior,Arsenal,DEF,38,942,1,38,FALSE,jakub_kiwior,jakub_kiwior
2023-24,11,Marcus Oliveira Alencar,marcus oliveira alencar,alencar_marcus_oliveira,Arsenal,MID,38,0,1,38,FALSE,alencar_marcus_oliveira,alencar_marcus_oliveira
2023-24,12,Gabriel Martinelli Silva,gabriel martinelli silva,gabriel_martinelli_silva,Arsenal,MID,38,2010,1,38,FALSE,gabriel_martinelli_silva,gabriel_martinelli_silva
2023-24,13,Eddie Nketiah,eddie nketiah,eddie_nketiah,Arsenal,FWD,38,1065,1,38,FALSE,eddie_nketiah,eddie_nketiah
2023-24,14,Martin Ødegaard,martin odegaard,martin_odegaard,Arsenal,MID,38,3098,1,38,FALSE,martin_odegaard,martin_odegaard
2023-24,15,Thomas Partey,thomas partey,partey_thomas,Arsenal,MID,38,785,1,38,FALSE,partey_thomas,partey_thomas
2023-24,16,Nicolas Pépé,nicolas pepe,nicolas_pepe,Arsenal,MID,38,0,1,38,FALSE,nicolas_pepe,nicolas_pepe
2023-24,17,Aaron Ramsdale,aaron ramsdale,aaron_ramsdale,Arsenal,GK,38,540,1,38,FALSE,aaron_ramsdale,aaron_ramsdale
2023-24,18,Rúnar Alex Rúnarsson,runar alex runarsson,alex_runar_runarsson,Arsenal,GK,38,0,1,38,FALSE,alex_runar_runarsson,alex_runar_runarsson
2023-24,19,Bukayo Saka,bukayo saka,bukayo_saka,Arsenal,MID,38,2922,1,38,FALSE,bukayo_saka,bukayo_saka
2023-24,20,William Saliba,william saliba,saliba_william,Arsenal,DEF,38,3420,1,38,FALSE,saliba_william,saliba_william
2023-24,21,Albert Sambi Lokonga,albert sambi lokonga,albert_lokonga_sambi,Arsenal/Luton,MID,39,1304,1,38,FALSE,albert_lokonga_sambi,albert_lokonga_sambi
2023-24,22,Emile Smith Rowe,emile smith rowe,emile_rowe_smith,Arsenal,MID,38,343,1,38,FALSE,emile_rowe_smith,emile_rowe_smith
2023-24,23,Nuno Varela Tavares,nuno varela tavares,nuno_tavares_varela,Arsenal/Nott'm Forest,DEF,38,454,1,38,FALSE,nuno_tavares_varela,nuno_tavares_varela
2023-24,24,Kieran Tierney,kieran tierney,kieran_tierney,Arsenal,DEF,38,0,1,38,FALSE,kieran_tierney,kieran_tierney
2023-24,25,Takehiro Tomiyasu,takehiro tomiyasu,takehiro_tomiyasu,Arsenal,DEF,38,1140,1,38,FALSE,takehiro_tomiyasu,takehiro_tomiyasu
2023-24,26,Leandro Trossard,leandro trossard,leandro_trossard,Arsenal,MID,38,1633,1,38,FALSE,leandro_trossard,leandro_trossard
2023-24,27,Auston Trusty,auston trusty,auston_trusty,Sheffield Utd,DEF,38,2568,1,38,FALSE,auston_trusty,auston_trusty
2023-24,28,Matt Turner,matt turner,matt_turner,Nott'm Forest,GK,38,1530,1,38,FALSE,matt_turner,matt_turner
2023-24,29,Benjamin White,benjamin white,benjamin_white,Arsenal,DEF,38,2987,1,38,FALSE,benjamin_white,benjamin_white
2023-24,30,Granit Xhaka,granit xhaka,granit_xhaka,Arsenal,MID,38,0,1,38,FALSE,granit_xhaka,granit_xhaka
2023-24,31,Oleksandr Zinchenko,oleksandr zinchenko,oleksandr_zinchenko,Arsenal,DEF,38,1717,1,38,FALSE,oleksandr_zinchenko,oleksandr_zinchenko
2023-24,32,Alexandre Moreno Lopera,alexandre moreno lopera,alexandre_lopera_moreno,Aston Villa,DEF,38,1024,1,38,FALSE,alexandre_lopera_moreno,alexandre_lopera_moreno
2023-24,33,Cameron Archer,cameron archer,archer_cameron,Aston Villa/Sheffield Utd,FWD,38,1829,1,38,FALSE,archer_cameron,archer_cameron
2023-24,34,Leon Bailey,leon bailey,bailey_leon,Aston Villa,MID,38,2063,1,38,FALSE,bailey_leon,bailey_leon
2023-24,35,Emiliano Buendía Stati,emiliano buendia stati,buendia_emiliano_stati,Aston Villa,MID,38,0,1,38,FALSE,buendia_emiliano_stati,buendia_emiliano_stati
2023-24,36,Matty Cash,matty cash,cash_matty,Aston Villa,DEF,38,2138,1,38,FALSE,cash_matty,cash_matty
2023-24,37,Calum Chambers,calum chambers,calum_chambers,Aston Villa,DEF,38,149,1,38,FALSE,calum_chambers,calum_chambers
2023-24,38,Philippe Coutinho Correia,philippe coutinho correia,correia_coutinho_philippe,Aston Villa,MID,38,24,1,38,FALSE,correia_coutinho_philippe,correia_coutinho_philippe
2023-24,39,Keinan Davis,keinan davis,davis_keinan,Aston Villa,FWD,38,0,1,38,FALSE,davis_keinan,davis_keinan
2023-24,40,Leander Dendoncker,leander dendoncker,dendoncker_leander,Aston Villa,MID,38,118,1,38,FALSE,dendoncker_leander,dendoncker_leander
2023-24,41,Diego Carlos Santos Silva,diego carlos santos silva,carlos_diego_santos_silva,Aston Villa,DEF,38,1809,1,38,FALSE,carlos_diego_santos_silva,carlos_diego_santos_silva
2023-24,42,Lucas Digne,lucas digne,digne_lucas,Aston Villa,DEF,38,2405,1,38,FALSE,digne_lucas,digne_lucas
2023-24,43,Douglas Luiz Soares de Paulo,douglas luiz soares de paulo,de_douglas_luiz_paulo_soares,Aston Villa,MID,38,2994,1,38,FALSE,de_douglas_luiz_paulo_soares,de_douglas_luiz_paulo_soares
2023-24,44,Jhon Durán,jhon duran,duran_jhon,Aston Villa,FWD,38,461,1,38,FALSE,duran_jhon,duran_jhon
2023-24,45,Kortney Hause,kortney hause,hause_kortney,Aston Villa,DEF,38,0,1,38,FALSE,hause_kortney,hause_kortney
2023-24,46,Tim Iroegbunam,tim iroegbunam,iroegbunam_tim,Aston Villa,MID,38,157,1,38,FALSE,iroegbunam_tim,iroegbunam_tim
2023-24,47,Boubacar Kamara,boubacar kamara,boubacar_kamara,Aston Villa,MID,38,1653,1,38,FALSE,boubacar_kamara,boubacar_kamara
2023-24,48,Ezri Konsa Ngoyo,ezri konsa ngoyo,ezri_konsa_ngoyo,Aston Villa,DEF,38,3069,1,38,FALSE,ezri_konsa_ngoyo,ezri_konsa_ngoyo
2023-24,49,Emiliano Martínez Romero,emiliano martinez romero,emiliano_martinez_romero,Aston Villa,GK,38,3015,1,38,FALSE,emiliano_martinez_romero,emiliano_martinez_romero
2023-24,50,John McGinn,john mcginn,john_mcginn,Aston Villa,MID,38,3000,1,38,FALSE,john_mcginn,john_mcginn
2023-24,51,Tyrone Mings,tyrone mings,mings_tyrone,Aston Villa,DEF,38,30,1,38,FALSE,mings_tyrone,mings_tyrone
2023-24,52,Marvelous Nakamba,marvelous nakamba,marvelous_nakamba,Luton,MID,38,1131,1,38,FALSE,marvelous_nakamba,marvelous_nakamba
2023-24,53,Robin Olsen,robin olsen,olsen_robin,Aston Villa,GK,38,405,1,38,FALSE,olsen_robin,olsen_robin
2023-24,54,Jaden Philogene-Bidace,jaden philogene bidace,bidace_jaden_philogene,Aston Villa,MID,38,3,1,38,FALSE,bidace_jaden_philogene,bidace_jaden_philogene
2023-24,55,Jacob Ramsey,jacob ramsey,jacob_ramsey,Aston Villa,MID,38,848,1,38,FALSE,jacob_ramsey,jacob_ramsey
2023-24,56,Morgan Sanson,morgan sanson,morgan_sanson,Aston Villa,MID,38,0,1,38,FALSE,morgan_sanson,morgan_sanson
2023-24,57,Viljami Sinisalo,viljami sinisalo,sinisalo_viljami,Aston Villa,GK,38,0,1,38,FALSE,sinisalo_viljami,sinisalo_viljami
2023-24,58,Youri Tielemans,youri tielemans,tielemans_youri,Aston Villa,MID,38,1613,1,38,FALSE,tielemans_youri,tielemans_youri
2023-24,59,Bertrand Traoré,bertrand traore,bertrand_traore,Aston Villa,MID,38,10,1,38,FALSE,bertrand_traore,bertrand_traore
2023-24,60,Ollie Watkins,ollie watkins,ollie_watkins,Aston Villa,FWD,38,3222,1,38,FALSE,ollie_watkins,ollie_watkins
2023-24,61,Wesley Moraes Ferreira da Silva,wesley moraes ferreira da silva,da_ferreira_moraes_silva_wesley,Aston Villa,FWD,38,0,1,38,FALSE,da_ferreira_moraes_silva_wesley,da_ferreira_moraes_silva_wesley
2023-24,62,Jaidon Anthony,jaidon anthony,anthony_jaidon,Bournemouth,MID,38,151,1,38,FALSE,anthony_jaidon,anthony_jaidon
2023-24,63,Philip Billing,philip billing,billing_philip,Bournemouth,MID,38,1385,1,38,FALSE,billing_philip,billing_philip
2023-24,64,David Brooks,david brooks,brooks_david,Bournemouth,MID,38,271,1,38,FALSE,brooks_david,brooks_david
2023-24,65,Ryan Christie,ryan christie,christie_ryan,Bournemouth,MID,38,2908,1,38,FALSE,christie_ryan,christie_ryan
2023-24,66,Lewis Cook,lewis cook,cook_lewis,Bournemouth,MID,38,2787,1,38,FALSE,cook_lewis,cook_lewis
2023-24,67,Siriki Dembélé,siriki dembele,dembele_siriki,Bournemouth,MID,38,0,1,38,FALSE,dembele_siriki,dembele_siriki
2023-24,68,Ryan Fredericks,ryan fredericks,fredericks_ryan,Bournemouth,DEF,38,0,1,38,FALSE,fredericks_ryan,fredericks_ryan
2023-24,69,James Hill,james hill,hill_james,Bournemouth,DEF,38,74,1,38,FALSE,hill_james,hill_james
2023-24,70,Lloyd Kelly,lloyd kelly,kelly_lloyd,Bournemouth,DEF,38,1553,1,38,FALSE,kelly_lloyd,kelly_lloyd
2023-24,71,Gavin Kilkenny,gavin kilkenny,gavin_kilkenny,Bournemouth,MID,38,0,1,38,FALSE,gavin_kilkenny,gavin_kilkenny
2023-24,72,Justin Kluivert,justin kluivert,justin_kluivert,Bournemouth,MID,38,1910,1,38,FALSE,justin_kluivert,justin_kluivert
2023-24,73,Jamal Lowe,jamal lowe,jamal_lowe,Bournemouth,MID,38,0,1,38,FALSE,jamal_lowe,jamal_lowe
2023-24,74,Emiliano Marcondes,emiliano marcondes,emiliano_marcondes,Bournemouth,MID,38,0,1,38,FALSE,emiliano_marcondes,emiliano_marcondes
2023-24,75,Chris Mepham,chris mepham,chris_mepham,Bournemouth,DEF,38,613,1,38,FALSE,chris_mepham,chris_mepham
2023-24,76,Kieffer Moore,kieffer moore,kieffer_moore,Bournemouth,FWD,38,100,1,38,FALSE,kieffer_moore,kieffer_moore
2023-24,77,Norberto Murara Neto,norberto murara neto,murara_neto_norberto,Bournemouth,GK,38,2880,1,38,FALSE,murara_neto_norberto,murara_neto_norberto
2023-24,78,Dango Ouattara,dango ouattara,dango_ouattara,Bournemouth,MID,38,1214,1,38,FALSE,dango_ouattara,dango_ouattara
2023-24,79,Ben Pearson,ben pearson,ben_pearson,Bournemouth,MID,38,0,1,38,FALSE,ben_pearson,ben_pearson
2023-24,80,Darren Randolph,darren randolph,darren_randolph,Bournemouth,GK,38,0,1,38,FALSE,darren_randolph,darren_randolph
2023-24,81,Joe Rothwell,joe rothwell,joe_rothwell,Bournemouth,MID,38,380,1,38,FALSE,joe_rothwell,joe_rothwell
2023-24,82,Antoine Semenyo,antoine semenyo,antoine_semenyo,Bournemouth,FWD,38,2099,1,38,FALSE,antoine_semenyo,antoine_semenyo
2023-24,83,Marcos Senesi,marcos senesi,marcos_senesi,Bournemouth,DEF,38,2239,1,38,FALSE,marcos_senesi,marcos_senesi
2023-24,84,Adam Smith,adam smith,adam_smith,Bournemouth,DEF,38,2148,1,38,FALSE,adam_smith,adam_smith
2023-24,85,Dominic Solanke,dominic solanke,dominic_solanke,Bournemouth,FWD,38,3325,1,38,FALSE,dominic_solanke,dominic_solanke
2023-24,86,Marcus Tavernier,marcus tavernier,marcus_tavernier,Bournemouth,MID,38,2118,1,38,FALSE,marcus_tavernier,marcus_tavernier
2023-24,87,Hamed Traorè,hamed traore,hamed_traore,Bournemouth,MID,38,44,1,38,FALSE,hamed_traore,hamed_traore
2023-24,88,Mark Travers,mark travers,mark_travers,Bournemouth,GK,38,360,1,38,FALSE,mark_travers,mark_travers
2023-24,89,Illia Zabarnyi,illia zabarnyi,illia_zabarnyi,Bournemouth,DEF,38,3330,1,38,FALSE,illia_zabarnyi,illia_zabarnyi
2023-24,90,Kristoffer Ajer,kristoffer ajer,ajer_kristoffer,Brentford,DEF,38,1826,1,38,FALSE,ajer_kristoffer,ajer_kristoffer
2023-24,91,Ellery Balcombe,ellery balcombe,balcombe_ellery,Brentford,GK,38,0,1,38,FALSE,balcombe_ellery,balcombe_ellery
2023-24,92,Shandon Baptiste,shandon baptiste,baptiste_shandon,Brentford,MID,38,222,1,38,FALSE,baptiste_shandon,baptiste_shandon
2023-24,93,Mads Bech Sørensen,mads bech sorensen,bech_mads_sorensen,Brentford,DEF,38,0,1,38,FALSE,bech_mads_sorensen,bech_mads_sorensen
2023-24,94,Mads Bidstrup,mads bidstrup,bidstrup_mads,Brentford,MID,38,0,1,38,FALSE,bidstrup_mads,bidstrup_mads
2023-24,95,Sergi Canós Tenés,sergi canos tenes,canos_sergi_tenes,Brentford,MID,38,0,1,38,FALSE,canos_sergi_tenes,canos_sergi_tenes
2023-24,96,Nathan Collins,nathan collins,collins_nathan,Brentford,DEF,38,2649,1,38,FALSE,collins_nathan,collins_nathan
2023-24,97,Matthew Cox,matthew cox,cox_matthew,Brentford,GK,38,0,1,38,FALSE,cox_matthew,cox_matthew
2023-24,98,Mikkel Damsgaard,mikkel damsgaard,damsgaard_mikkel,Brentford,MID,38,829,1,38,FALSE,damsgaard_mikkel,damsgaard_mikkel
2023-24,99,Josh Dasilva,josh dasilva,dasilva_josh,Brentford,MID,38,22,1,38,FALSE,dasilva_josh,dasilva_josh
2023-24,100,Halil Dervişoğlu,halil dervisoglu,dervisoglu_halil,Brentford,FWD,38,0,1,38,FALSE,dervisoglu_halil,dervisoglu_halil
2023-24,101,Mark Flekken,mark flekken,flekken_mark,Brentford,GK,38,3285,1,38,FALSE,flekken_mark,flekken_mark
2023-24,102,Charlie Goode,charlie goode,charlie_goode,Brentford,DEF,38,0,1,38,FALSE,charlie_goode,charlie_goode
2023-24,103,Rico Henry,rico henry,henry_rico,Brentford,DEF,38,401,1,38,FALSE,henry_rico,henry_rico
2023-24,104,Aaron Hickey,aaron hickey,aaron_hickey,Brentford,DEF,38,713,1,38,FALSE,aaron_hickey,aaron_hickey
2023-24,105,Vitaly Janelt,vitaly janelt,janelt_vitaly,Brentford,MID,38,3054,1,38,FALSE,janelt_vitaly,janelt_vitaly
2023-24,106,Mathias Jensen,mathias jensen,jensen_mathias,Brentford,MID,38,2201,1,38,FALSE,jensen_mathias,jensen_mathias
2023-24,107,Keane Lewis-Potter,keane lewis potter,keane_lewis_potter,Brentford,MID,38,1428,1,38,FALSE,keane_lewis_potter,keane_lewis_potter
2023-24,108,Bryan Mbeumo,bryan mbeumo,bryan_mbeumo,Brentford,MID,38,1957,1,38,FALSE,bryan_mbeumo,bryan_mbeumo
2023-24,109,Ben Mee,ben mee,ben_mee,Brentford,DEF,38,1272,1,38,FALSE,ben_mee,ben_mee
2023-24,110,Christian Nørgaard,christian norgaard,christian_norgaard,Brentford,MID,38,2504,1,38,FALSE,christian_norgaard,christian_norgaard
2023-24,111,Frank Onyeka,frank onyeka,frank_onyeka,Brentford,MID,38,1147,1,38,FALSE,frank_onyeka,frank_onyeka
2023-24,112,Ethan Pinnock,ethan pinnock,ethan_pinnock,Brentford,DEF,38,2521,1,38,FALSE,ethan_pinnock,ethan_pinnock
2023-24,113,David Raya Martin,david raya martin,david_martin_raya,Arsenal/Brentford,GK,38,2880,1,38,FALSE,david_martin_raya,david_martin_raya
2023-24,114,Mads Roerslev Rasmussen,mads roerslev rasmussen,mads_rasmussen_roerslev,Brentford,DEF,38,1975,1,38,FALSE,mads_rasmussen_roerslev,mads_rasmussen_roerslev
2023-24,115,Kevin Schade,kevin schade,kevin_schade,Brentford,MID,38,327,1,38,FALSE,kevin_schade,kevin_schade
2023-24,116,Thomas Strakosha,thomas strakosha,strakosha_thomas,Brentford,GK,38,135,1,38,FALSE,strakosha_thomas,strakosha_thomas
2023-24,117,Ivan Toney,ivan toney,ivan_toney,Brentford,FWD,38,1449,1,38,FALSE,ivan_toney,ivan_toney
2023-24,118,Ryan Trevitt,ryan trevitt,ryan_trevitt,Brentford,MID,38,0,1,38,FALSE,ryan_trevitt,ryan_trevitt
2023-24,119,Yoane Wissa,yoane wissa,wissa_yoane,Brentford,FWD,38,2488,1,38,FALSE,wissa_yoane,wissa_yoane
2023-24,120,Yegor Yarmoliuk,yegor yarmoliuk,yarmoliuk_yegor,Brentford,MID,38,670,1,38,FALSE,yarmoliuk_yegor,yarmolyuk_yegor
2023-24,121,Mathias Jorgensen,mathias jorgensen,jorgensen_mathias,Brentford,DEF,38,1086,1,38,FALSE,jorgensen_mathias,jorgensen_mathias
2023-24,122,Simon Adingra,simon adingra,adingra_simon,Brighton,MID,38,2220,1,38,FALSE,adingra_simon,adingra_simon
2023-24,123,Steven Alzate,steven alzate,alzate_steven,Brighton,MID,38,0,1,38,FALSE,alzate_steven,alzate_steven
2023-24,124,Yasin Ayari,yasin ayari,ayari_yasin,Brighton,MID,38,0,1,38,FALSE,ayari_yasin,ayari_yasin
2023-24,125,Facundo Buonanotte,facundo buonanotte,buonanotte_facundo,Brighton,MID,38,1356,1,38,FALSE,buonanotte_facundo,buonanotte_facundo
2023-24,126,Moisés Caicedo Corozo,moises caicedo corozo,caicedo_corozo_moises,Brighton/Chelsea,MID,38,2865,1,38,FALSE,caicedo_corozo_moises,caicedo_corozo_moises
2023-24,127,Aaron Connolly,aaron connolly,aaron_connolly,Brighton,FWD,38,0,1,38,FALSE,aaron_connolly,aaron_connolly
2023-24,128,Mahmoud Dahoud,mahmoud dahoud,dahoud_mahmoud,Brighton,MID,38,449,1,38,FALSE,dahoud_mahmoud,dahoud_mahmoud
2023-24,129,Lewis Dunk,lewis dunk,dunk_lewis,Brighton,DEF,38,2869,1,38,FALSE,dunk_lewis,dunk_lewis
2023-24,130,Julio Enciso,julio enciso,enciso_julio,Brighton,MID,38,468,1,38,FALSE,enciso_julio,enciso_julio
2023-24,131,Pervis Estupiñán,pervis estupinan,estupinan_pervis,Brighton,DEF,38,1242,1,38,FALSE,estupinan_pervis,estupinan_pervis
2023-24,132,Evan Ferguson,evan ferguson,evan_ferguson,Brighton,FWD,38,1356,1,38,FALSE,evan_ferguson,evan_ferguson
2023-24,133,Billy Gilmour,billy gilmour,billy_gilmour,Brighton,MID,38,2116,1,38,FALSE,billy_gilmour,billy_gilmour
2023-24,134,Pascal Groß,pascal gross,gross_pascal,Brighton,MID,38,3112,1,38,FALSE,gross_pascal,gross_pascal
2023-24,135,João Pedro Junqueira de Jesus,joao pedro junqueira de jesus,de_jesus_joao_junqueira_pedro,Brighton,FWD,38,2037,1,38,FALSE,de_jesus_joao_junqueira_pedro,de_jesus_joao_junqueira_pedro
2023-24,136,Michał Karbownik,michal karbownik,karbownik_michal,Brighton,DEF,38,0,1,38,FALSE,karbownik_michal,karbownik_michal
2023-24,137,Kacper Kozłowski,kacper kozlowski,kacper_kozlowski,Brighton,MID,38,0,1,38,FALSE,kacper_kozlowski,kacper_kozlowski
2023-24,138,Adam Lallana,adam lallana,adam_lallana,Brighton,MID,38,839,1,38,FALSE,adam_lallana,adam_lallana
2023-24,139,Tariq Lamptey,tariq lamptey,lamptey_tariq,Brighton,DEF,38,908,1,38,FALSE,lamptey_tariq,lamptey_tariq
2023-24,140,Solly March,solly march,march_solly,Brighton,MID,38,555,1,38,FALSE,march_solly,march_solly
2023-24,141,Tom McGill,tom mcgill,mcgill_tom,Brighton,GK,38,0,1,38,FALSE,mcgill_tom,mcgill_tom
2023-24,142,James Milner,james milner,james_milner,Brighton,MID,38,770,1,38,FALSE,james_milner,james_milner
2023-24,143,Kaoru Mitoma,kaoru mitoma,kaoru_mitoma,Brighton,MID,38,1485,1,38,FALSE,kaoru_mitoma,kaoru_mitoma
2023-24,144,Jakub Moder,jakub moder,jakub_moder,Brighton,MID,38,608,1,38,FALSE,jakub_moder,jakub_moder
2023-24,145,Robert Sánchez,robert sanchez,robert_sanchez,Chelsea,GK,38,1433,1,38,FALSE,robert_sanchez,robert_sanchez
2023-24,146,Jeremy Sarmiento Morante,jeremy sarmiento morante,jeremy_morante_sarmiento,Brighton,MID,38,0,1,38,FALSE,jeremy_morante_sarmiento,jeremy_morante_sarmiento
2023-24,147,Kjell Scherpen,kjell scherpen,kjell_scherpen,Brighton,GK,38,0,1,38,FALSE,kjell_scherpen,kjell_scherpen
2023-24,148,Jason Steele,jason steele,jason_steele,Brighton,GK,38,1530,1,38,FALSE,jason_steele,jason_steele
2023-24,149,Deniz Undav,deniz undav,deniz_undav,Brighton,FWD,38,0,1,38,FALSE,deniz_undav,deniz_undav
2023-24,150,Jan Paul van Hecke,jan paul van hecke,hecke_jan_paul_van,Brighton,DEF,38,2368,1,38,FALSE,hecke_jan_paul_van,hecke_jan_paul_van
2023-24,151,Joël Veltman,joel veltman,joel_veltman,Brighton,DEF,38,1579,1,38,FALSE,joel_veltman,joel_veltman
2023-24,152,Bart Verbruggen,bart verbruggen,bart_verbruggen,Brighton,GK,38,1890,1,38,FALSE,bart_verbruggen,bart_verbruggen
2023-24,153,Adam Webster,adam webster,adam_webster,Brighton,DEF,38,1142,1,38,FALSE,adam_webster,adam_webster
2023-24,154,Danny Welbeck,danny welbeck,danny_welbeck,Brighton,FWD,38,1687,1,38,FALSE,danny_welbeck,danny_welbeck
2023-24,155,Andi Zeqiri,andi zeqiri,andi_zeqiri,Brighton,FWD,38,0,1,38,FALSE,andi_zeqiri,andi_zeqiri
2023-24,156,Enock Agyei,enock agyei,agyei_enock,Burnley,MID,38,0,1,38,FALSE,agyei_enock,agyei_enock
2023-24,157,Ameen Al-Dakhil,ameen al dakhil,al_ameen_dakhil,Burnley,DEF,38,1055,1,38,FALSE,al_ameen_dakhil,al_ameen_dakhil
2023-24,158,Samuel Bastien,samuel bastien,bastien_samuel,Burnley,MID,38,0,1,38,FALSE,bastien_samuel,bastien_samuel
2023-24,159,Manuel Benson Hedilazio,manuel benson hedilazio,benson_hedilazio_manuel,Burnley,MID,38,110,1,38,FALSE,benson_hedilazio_manuel,benson_hedilazio_manuel
2023-24,160,Jordan Beyer,jordan beyer,beyer_jordan,Burnley,DEF,38,1234,1,38,FALSE,beyer_jordan,beyer_jordan
2023-24,161,Josh Brownhill,josh brownhill,brownhill_josh,Burnley,MID,38,2248,1,38,FALSE,brownhill_josh,brownhill_josh
2023-24,162,Darko Churlinov,darko churlinov,churlinov_darko,Burnley,MID,38,0,1,38,FALSE,churlinov_darko,churlinov_darko
2023-24,163,Jack Cork,jack cork,cork_jack,Burnley,MID,38,25,1,38,FALSE,cork_jack,cork_jack
2023-24,164,Dara Costelloe,dara costelloe,costelloe_dara,Burnley,MID,38,0,1,38,FALSE,costelloe_dara,costelloe_dara
2023-24,165,Josh Cullen,josh cullen,cullen_josh,Burnley,MID,38,2055,1,38,FALSE,cullen_josh,cullen_josh
2023-24,166,CJ Egan-Riley,cj egan riley,cj_egan_riley,Burnley,DEF,38,0,1,38,FALSE,cj_egan_riley,cj_egan_riley
2023-24,167,Hjalmar Ekdal,hjalmar ekdal,ekdal_hjalmar,Burnley,DEF,38,436,1,38,FALSE,ekdal_hjalmar,ekdal_hjalmar
2023-24,168,Lyle Foster,lyle foster,foster_lyle,Burnley,FWD,38,1898,1,38,FALSE,foster_lyle,foster_lyle
2023-24,169,Denis Franchi,denis franchi,denis_franchi,Burnley,GK,38,0,1,38,FALSE,denis_franchi,denis_franchi
2023-24,170,Jóhann Berg Gudmundsson,johann berg gudmundsson,berg_gudmundsson_johann,Burnley,MID,38,1185,1,38,FALSE,berg_gudmundsson_johann,berg_gudmundsson_johann
2023-24,171,Luke McNally,luke mcnally,luke_mcnally,Burnley,DEF,38,0,1,38,FALSE,luke_mcnally,luke_mcnally
2023-24,172,Arijanet Muric,arijanet muric,arijanet_muric,Burnley,GK,38,900,1,38,FALSE,arijanet_muric,arijanet_muric
2023-24,173,Dara O'Shea,dara o shea,dara_o_shea,Burnley,DEF,38,2892,1,38,FALSE,dara_o_shea,dara_o_shea
2023-24,174,Michael Obafemi,michael obafemi,michael_obafemi,Burnley,FWD,38,19,1,38,FALSE,michael_obafemi,michael_obafemi
2023-24,175,Bailey Peacock-Farrell,bailey peacock farrell,bailey_farrell_peacock,Burnley,GK,38,0,1,38,FALSE,bailey_farrell_peacock,bailey_farrell_peacock
2023-24,176,Connor Roberts,connor roberts,connor_roberts,Burnley,DEF,38,817,1,38,FALSE,connor_roberts,connor_roberts
2023-24,177,Jay Rodriguez,jay rodriguez,jay_rodriguez,Burnley,FWD,38,811,1,38,FALSE,jay_rodriguez,jay_rodriguez
2023-24,178,Charlie Taylor,charlie taylor,charlie_taylor,Burnley,DEF,38,2329,1,38,FALSE,charlie_taylor,charlie_taylor
2023-24,179,Bobby Thomas,bobby thomas,bobby_thomas,Burnley,DEF,38,0,1,38,FALSE,bobby_thomas,bobby_thomas
2023-24,180,Scott Twine,scott twine,scott_twine,Burnley,MID,38,0,1,38,FALSE,scott_twine,scott_twine
2023-24,181,Lawrence Vigouroux,lawrence vigouroux,lawrence_vigouroux,Burnley,GK,38,0,1,38,FALSE,lawrence_vigouroux,lawrence_vigouroux
2023-24,182,Victor da Silva,victor da silva,da_silva_victor,Burnley,DEF,38,2311,1,38,FALSE,da_silva_victor,da_silva_victor
2023-24,183,Wout Weghorst,wout weghorst,weghorst_wout,Burnley,FWD,38,0,1,38,FALSE,weghorst_wout,weghorst_wout
2023-24,184,Anass Zaroury,anass zaroury,anass_zaroury,Burnley,MID,38,149,1,38,FALSE,anass_zaroury,anass_zaroury
2023-24,185,Ethan Ampadu,ethan ampadu,ampadu_ethan,Chelsea,DEF,38,0,1,38,FALSE,ampadu_ethan,ampadu_ethan
2023-24,186,Andrey Nascimento dos Santos,andrey nascimento dos santos,andrey_dos_nascimento_santos,Chelsea/Nott'm Forest,MID,38,7,1,38,FALSE,andrey_dos_nascimento_santos,andrey_dos_nascimento_santos
2023-24,187,Kepa Arrizabalaga,kepa arrizabalaga,arrizabalaga_kepa,Chelsea,GK,38,0,1,38,FALSE,arrizabalaga_kepa,arrizabalaga_kepa
2023-24,188,Pierre-Emerick Aubameyang,pierre emerick aubameyang,aubameyang_emerick_pierre,Chelsea,FWD,38,0,1,38,FALSE,aubameyang_emerick_pierre,aubameyang_emerick_pierre
2023-24,189,César Azpilicueta,cesar azpilicueta,azpilicueta_cesar,Chelsea,DEF,38,0,1,38,FALSE,azpilicueta_cesar,azpilicueta_cesar
2023-24,190,Abdul Rahman Baba,abdul rahman baba,abdul_baba_rahman,Chelsea,DEF,38,0,1,38,FALSE,abdul_baba_rahman,abdul_baba_rahman
2023-24,191,Benoît Badiashile,benoit badiashile,badiashile_benoit,Chelsea,DEF,38,1337,1,38,FALSE,badiashile_benoit,badiashile_benoit
2023-24,192,Marcus Bettinelli,marcus bettinelli,bettinelli_marcus,Chelsea,GK,38,0,1,38,FALSE,bettinelli_marcus,bettinelli_marcus
2023-24,193,Armando Broja,armando broja,armando_broja,Chelsea/Fulham,FWD,38,529,1,38,FALSE,armando_broja,armando_broja
2023-24,194,Trevoh Chalobah,trevoh chalobah,chalobah_trevoh,Chelsea,DEF,38,949,1,38,FALSE,chalobah_trevoh,chalobah_trevoh
2023-24,195,Ben Chilwell,ben chilwell,ben_chilwell,Chelsea,DEF,38,752,1,38,FALSE,ben_chilwell,ben_chilwell
2023-24,196,Carney Chukwuemeka,carney chukwuemeka,carney_chukwuemeka,Chelsea,MID,38,222,1,38,FALSE,carney_chukwuemeka,carney_chukwuemeka
2023-24,197,Levi Colwill,levi colwill,colwill_levi,Chelsea,DEF,38,1794,1,38,FALSE,colwill_levi,colwill_levi
2023-24,198,Marc Cucurella Saseta,marc cucurella saseta,cucurella_marc_saseta,Chelsea,DEF,38,1783,1,38,FALSE,cucurella_marc_saseta,cucurella_marc_saseta
2023-24,199,Enzo Fernández,enzo fernandez,enzo_fernandez,Chelsea,MID,38,2208,1,38,FALSE,enzo_fernandez,enzo_fernandez
2023-24,200,David Datro Fofana,david datro fofana,datro_david_fofana,Burnley/Chelsea,FWD,38,876,1,38,FALSE,datro_david_fofana,datro_david_fofana
2023-24,201,Wesley Fofana,wesley fofana,fofana_wesley,Chelsea,DEF,38,0,1,38,FALSE,fofana_wesley,fofana_wesley
2023-24,202,Conor Gallagher,conor gallagher,conor_gallagher,Chelsea,MID,38,3129,1,38,FALSE,conor_gallagher,conor_gallagher
2023-24,203,Malo Gusto,malo gusto,gusto_malo,Chelsea,DEF,38,1746,1,38,FALSE,gusto_malo,gusto_malo
2023-24,204,Lewis Hall,lewis hall,hall_lewis,Chelsea/Newcastle,DEF,38,773,1,38,FALSE,hall_lewis,hall_lewis
2023-24,205,Callum Hudson-Odoi,callum hudson odoi,callum_hudson_odoi,Chelsea/Nott'm Forest,MID,38,1846,1,38,FALSE,callum_hudson_odoi,callum_hudson_odoi
2023-24,206,Reece James,reece james,james_reece,Chelsea,DEF,38,416,1,38,FALSE,james_reece,james_reece
2023-24,207,Romelu Lukaku Bolingoli,romelu lukaku bolingoli,bolingoli_lukaku_romelu,Chelsea,FWD,38,0,1,38,FALSE,bolingoli_lukaku_romelu,bolingoli_lukaku_romelu
2023-24,208,Noni Madueke,noni madueke,madueke_noni,Chelsea,MID,38,1044,1,38,FALSE,madueke_noni,madueke_noni
2023-24,209,Mason Mount,mason mount,mason_mount,Man Utd,MID,38,509,1,38,FALSE,mason_mount,mason_mount
2023-24,210,Mykhailo Mudryk,mykhailo mudryk,mudryk_mykhailo,Chelsea,MID,38,1564,1,38,FALSE,mudryk_mykhailo,mudryk_mykhailo
2023-24,211,Nicolas Jackson,nicolas jackson,jackson_nicolas,Chelsea,FWD,38,2801,1,38,FALSE,jackson_nicolas,jackson_nicolas
2023-24,212,Christopher Nkunku,christopher nkunku,christopher_nkunku,Chelsea,FWD,38,437,1,38,FALSE,christopher_nkunku,christopher_nkunku
2023-24,213,Christian Pulisic,christian pulisic,christian_pulisic,Chelsea,MID,38,0,1,38,FALSE,christian_pulisic,christian_pulisic
2023-24,214,Malang Sarr,malang sarr,malang_sarr,Chelsea,DEF,38,0,1,38,FALSE,malang_sarr,malang_sarr
2023-24,215,Gabriel Słonina,gabriel slonina,gabriel_slonina,Chelsea,GK,38,0,1,38,FALSE,gabriel_slonina,gabriel_slonina
2023-24,216,Raheem Sterling,raheem sterling,raheem_sterling,Chelsea,MID,38,1972,1,38,FALSE,raheem_sterling,raheem_sterling
2023-24,217,Thiago Emiliano da Silva,thiago emiliano da silva,da_emiliano_silva_thiago,Chelsea,DEF,38,2525,1,38,FALSE,da_emiliano_silva_thiago,da_emiliano_silva_thiago
2023-24,218,Hakim Ziyech,hakim ziyech,hakim_ziyech,Chelsea,MID,38,0,1,38,FALSE,hakim_ziyech,hakim_ziyech
2023-24,219,Naouirou Ahamada,naouirou ahamada,ahamada_naouirou,Crystal Palace,MID,38,332,1,38,FALSE,ahamada_naouirou,ahamada_naouirou
2023-24,220,Joachim Andersen,joachim andersen,andersen_joachim,Crystal Palace,DEF,38,3416,1,38,FALSE,andersen_joachim,andersen_joachim
2023-24,221,Jordan Ayew,jordan ayew,ayew_jordan,Crystal Palace,MID,38,2540,1,38,FALSE,ayew_jordan,ayew_jordan
2023-24,222,Nathaniel Clyne,nathaniel clyne,clyne_nathaniel,Crystal Palace,DEF,38,1335,1,38,FALSE,clyne_nathaniel,clyne_nathaniel
2023-24,223,Cheick Doucouré,cheick doucoure,cheick_doucoure,Crystal Palace,MID,38,920,1,38,FALSE,cheick_doucoure,cheick_doucoure
2023-24,224,Malcolm Ebiowei,malcolm ebiowei,ebiowei_malcolm,Crystal Palace,MID,38,0,1,38,FALSE,ebiowei_malcolm,ebiowei_malcolm
2023-24,225,Odsonne Edouard,odsonne edouard,edouard_odsonne,Crystal Palace,FWD,38,1545,1,38,FALSE,edouard_odsonne,edouard_odsonne
2023-24,226,Eberechi Eze,eberechi eze,eberechi_eze,Crystal Palace,MID,38,2054,1,38,FALSE,eberechi_eze,eberechi_eze
2023-24,227,Vicente Guaita,vicente guaita,guaita_vicente,Crystal Palace,GK,38,0,1,38,FALSE,guaita_vicente,guaita_vicente
2023-24,228,Marc Guéhi,marc guehi,guehi_marc,Crystal Palace,DEF,38,2020,1,38,FALSE,guehi_marc,guehi_marc
2023-24,229,Will Hughes,will hughes,hughes_will,Crystal Palace,MID,38,1886,1,38,FALSE,hughes_will,hughes_will
2023-24,230,Sam Johnstone,sam johnstone,johnstone_sam,Crystal Palace,GK,38,1796,1,38,FALSE,johnstone_sam,johnstone_sam
2023-24,231,Jefferson Lerma Solís,jefferson lerma solis,jefferson_lerma_solis,Crystal Palace,MID,38,2399,1,38,FALSE,jefferson_lerma_solis,jefferson_lerma_solis
2023-24,232,Jean-Philippe Mateta,jean philippe mateta,jean_mateta_philippe,Crystal Palace,FWD,38,2274,1,38,FALSE,jean_mateta_philippe,jean_mateta_philippe
2023-24,233,Remi Matthews,remi matthews,matthews_remi,Crystal Palace,GK,38,3,1,38,FALSE,matthews_remi,matthews_remi
2023-24,234,Tyrick Mitchell,tyrick mitchell,mitchell_tyrick,Crystal Palace,DEF,38,3204,1,38,FALSE,mitchell_tyrick,mitchell_tyrick
2023-24,235,Jake O'Brien,jake o brien,brien_jake_o,Crystal Palace,DEF,38,0,1,38,FALSE,brien_jake_o,brien_jake_o
2023-24,236,Michael Olise,michael olise,michael_olise,Crystal Palace,MID,38,1272,1,38,FALSE,michael_olise,michael_olise
2023-24,237,Luke Plange,luke plange,luke_plange,Crystal Palace,FWD,38,0,1,38,FALSE,luke_plange,luke_plange
2023-24,238,Chris Richards,chris richards,chris_richards,Crystal Palace,DEF,38,2091,1,38,FALSE,chris_richards,chris_richards
2023-24,239,Jairo Riedewald,jairo riedewald,jairo_riedewald,Crystal Palace,MID,38,228,1,38,FALSE,jairo_riedewald,jairo_riedewald
2023-24,240,Jeffrey Schlupp,jeffrey schlupp,jeffrey_schlupp,Crystal Palace,MID,38,1340,1,38,FALSE,jeffrey_schlupp,jeffrey_schlupp
2023-24,241,James Tomkins,james tomkins,james_tomkins,Crystal Palace,DEF,38,8,1,38,FALSE,james_tomkins,james_tomkins
2023-24,242,Joel Ward,joel ward,joel_ward,Crystal Palace,DEF,38,1978,1,38,FALSE,joel_ward,joel_ward
2023-24,243,Joe Whitworth,joe whitworth,joe_whitworth,Crystal Palace,GK,38,0,1,38,FALSE,joe_whitworth,joseph_whitworth
2023-24,244,André Tavares Gomes,andre tavares gomes,andre_gomes_tavares,Everton,MID,38,505,1,38,FALSE,andre_gomes_tavares,andre_gomes_tavares
2023-24,245,Jarrad Branthwaite,jarrad branthwaite,branthwaite_jarrad,Everton,DEF,38,3116,1,38,FALSE,branthwaite_jarrad,branthwaite_jarrad
2023-24,246,Dominic Calvert-Lewin,dominic calvert lewin,calvert_dominic_lewin,Everton,FWD,38,2166,1,38,FALSE,calvert_dominic_lewin,calvert_dominic_lewin
2023-24,247,Seamus Coleman,seamus coleman,coleman_seamus,Everton,DEF,38,661,1,38,FALSE,coleman_seamus,coleman_seamus
2023-24,248,Dele Alli,dele alli,alli_dele,Everton,MID,38,0,1,38,FALSE,alli_dele,alli_dele
2023-24,249,Abdoulaye Doucouré,abdoulaye doucoure,abdoulaye_doucoure,Everton,MID,38,2632,1,38,FALSE,abdoulaye_doucoure,abdoulaye_doucoure
2023-24,250,James Garner,james garner,garner_james,Everton,MID,38,3001,1,38,FALSE,garner_james,garner_james
2023-24,251,Jean-Philippe Gbamin,jean philippe gbamin,gbamin_jean_philippe,Everton,MID,38,0,1,38,FALSE,gbamin_jean_philippe,gbamin_jean_philippe
2023-24,252,Ben Godfrey,ben godfrey,ben_godfrey,Everton,DEF,38,1120,1,38,FALSE,ben_godfrey,ben_godfrey
2023-24,253,Demarai Gray,demarai gray,demarai_gray,Everton,MID,38,0,1,38,FALSE,demarai_gray,demarai_gray
2023-24,254,Idrissa Gueye,idrissa gueye,gueye_idrissa,Everton,MID,38,1885,1,38,FALSE,gueye_idrissa,gueye_idrissa
2023-24,255,Mason Holgate,mason holgate,holgate_mason,Everton/Sheffield Utd,DEF,38,711,1,38,FALSE,holgate_mason,holgate_mason
2023-24,256,Alex Iwobi,alex iwobi,alex_iwobi,Everton/Fulham,MID,38,2331,1,38,FALSE,alex_iwobi,alex_iwobi
2023-24,257,Michael Keane,michael keane,keane_michael,Everton,DEF,38,437,1,38,FALSE,keane_michael,keane_michael
2023-24,258,Neal Maupay,neal maupay,maupay_neal,Brentford/Everton,FWD,38,1417,1,38,FALSE,maupay_neal,maupay_neal
2023-24,259,Dwight McNeil,dwight mcneil,dwight_mcneil,Everton,MID,38,2891,1,38,FALSE,dwight_mcneil,dwight_mcneil
2023-24,260,Vitalii Mykolenko,vitalii mykolenko,mykolenko_vitalii,Everton,DEF,38,2469,1,38,FALSE,mykolenko_vitalii,mykolenko_vitalii
2023-24,261,Amadou Onana,amadou onana,amadou_onana,Everton,MID,38,2085,1,38,FALSE,amadou_onana,amadou_onana
2023-24,262,Nathan Patterson,nathan patterson,nathan_patterson,Everton,DEF,38,1000,1,38,FALSE,nathan_patterson,nathan_patterson
2023-24,263,Jordan Pickford,jordan pickford,jordan_pickford,Everton,GK,38,3420,1,38,FALSE,jordan_pickford,jordan_pickford
2023-24,264,Ellis Simms,ellis simms,ellis_simms,Everton,FWD,38,0,1,38,FALSE,ellis_simms,ellis_simms
2023-24,265,James Tarkowski,james tarkowski,james_tarkowski,Everton,DEF,38,3420,1,38,FALSE,james_tarkowski,james_tarkowski
2023-24,266,João Neves Virgínia,joao neves virginia,joao_neves_virginia,Everton,GK,38,0,1,38,FALSE,joao_neves_virginia,joao_neves_virginia
2023-24,267,Andreas Hoelgebaum Pereira,andreas hoelgebaum pereira,andreas_hoelgebaum_pereira,Fulham,MID,38,2611,1,38,FALSE,andreas_hoelgebaum_pereira,andreas_hoelgebaum_pereira
2023-24,268,Tom Cairney,tom cairney,cairney_tom,Fulham,MID,38,1472,1,38,FALSE,cairney_tom,cairney_tom
2023-24,269,Ivan Neves Abreu Cavaleiro,ivan neves abreu cavaleiro,abreu_cavaleiro_ivan_neves,Fulham,MID,38,0,1,38,FALSE,abreu_cavaleiro_ivan_neves,abreu_cavaleiro_ivan_neves
2023-24,270,Bobby De Cordova-Reid,bobby de cordova reid,bobby_cordova_de_reid,Fulham,MID,38,1410,1,38,FALSE,bobby_cordova_de_reid,bobby_cordova_de_reid
2023-24,271,Issa Diop,issa diop,diop_issa,Fulham,DEF,38,1423,1,38,FALSE,diop_issa,diop_issa
2023-24,272,Tyrese Francois,tyrese francois,francois_tyrese,Fulham,MID,38,0,1,38,FALSE,francois_tyrese,francois_tyrese
2023-24,273,Anthony Knockaert,anthony knockaert,anthony_knockaert,Fulham,MID,38,0,1,38,FALSE,anthony_knockaert,anthony_knockaert
2023-24,274,Terence Kongolo,terence kongolo,kongolo_terence,Fulham,DEF,38,0,1,38,FALSE,kongolo_terence,kongolo_terence
2023-24,275,Bernd Leno,bernd leno,bernd_leno,Fulham,GK,38,3420,1,38,FALSE,bernd_leno,bernd_leno
2023-24,276,Saša Lukić,sasa lukic,lukic_sasa,Fulham,MID,38,1113,1,38,FALSE,lukic_sasa,lukic_sasa
2023-24,277,Kevin Mbabu,kevin mbabu,kevin_mbabu,Fulham,DEF,38,0,1,38,FALSE,kevin_mbabu,kevin_mbabu
2023-24,278,Aleksandar Mitrović,aleksandar mitrovic,aleksandar_mitrovic,Fulham,FWD,38,32,1,38,FALSE,aleksandar_mitrovic,aleksandar_mitrovic
2023-24,279,Rodrigo Muniz Carvalho,rodrigo muniz carvalho,carvalho_muniz_rodrigo,Fulham,FWD,38,1589,1,38,FALSE,carvalho_muniz_rodrigo,carvalho_muniz_rodrigo
2023-24,280,João Palhinha Gonçalves,joao palhinha goncalves,goncalves_joao_palhinha,Fulham,MID,38,2698,1,38,FALSE,goncalves_joao_palhinha,goncalves_joao_palhinha
2023-24,281,Tim Ream,tim ream,ream_tim,Fulham,DEF,38,1503,1,38,FALSE,ream_tim,ream_tim
2023-24,282,Harrison Reed,harrison reed,harrison_reed,Fulham,MID,38,1317,1,38,FALSE,harrison_reed,harrison_reed
2023-24,283,Antonee Robinson,antonee robinson,antonee_robinson,Fulham,DEF,38,3266,1,38,FALSE,antonee_robinson,antonee_robinson
2023-24,284,Marek Rodák,marek rodak,marek_rodak,Fulham,GK,38,0,1,38,FALSE,marek_rodak,marek_rodak
2023-24,285,Kenny Tete,kenny tete,kenny_tete,Fulham,DEF,38,863,1,38,FALSE,kenny_tete,kenny_tete
2023-24,286,Tosin Adarabioyo,tosin adarabioyo,adarabioyo_tosin,Fulham,DEF,38,1616,1,38,FALSE,adarabioyo_tosin,adarabioyo_tosin
2023-24,287,Carlos Vinícius Alves Morais,carlos vinicius alves morais,alves_carlos_morais_vinicius,Fulham,FWD,38,306,1,38,FALSE,alves_carlos_morais_vinicius,alves_carlos_morais_vinicius
2023-24,288,Harry Wilson,harry wilson,harry_wilson,Fulham,MID,38,1603,1,38,FALSE,harry_wilson,harry_wilson
2023-24,289,Adrián San Miguel del Castillo,adrian san miguel del castillo,adrian_castillo_del_miguel_san,Liverpool,GK,38,0,1,38,FALSE,adrian_castillo_del_miguel_san,adrian_castillo_del_miguel_san
2023-24,290,Trent Alexander-Arnold,trent alexander arnold,alexander_arnold_trent,Liverpool,DEF,38,2153,1,38,FALSE,alexander_arnold_trent,alexander_arnold_trent
2023-24,291,Alisson Ramses Becker,alisson ramses becker,alisson_becker_ramses,Liverpool,GK,38,2520,1,38,FALSE,alisson_becker_ramses,alisson_becker_ramses
2023-24,292,Stefan Bajcetic,stefan bajcetic,bajcetic_stefan,Liverpool,MID,38,25,1,38,FALSE,bajcetic_stefan,bajcetic_stefan
2023-24,293,Darwin Núñez Ribeiro,darwin nunez ribeiro,darwin_nunez_ribeiro,Liverpool,FWD,38,2033,1,38,FALSE,darwin_nunez_ribeiro,darwin_nunez_ribeiro
2023-24,294,Diogo Teixeira da Silva,diogo teixeira da silva,da_diogo_silva_teixeira,Liverpool,MID,38,1141,1,38,FALSE,da_diogo_silva_teixeira,da_diogo_silva_teixeira
2023-24,295,Harvey Elliott,harvey elliott,elliott_harvey,Liverpool,MID,38,1330,1,38,FALSE,elliott_harvey,elliott_harvey
2023-24,296,Fabio Henrique Tavares,fabio henrique tavares,fabio_henrique_tavares,Liverpool,MID,38,0,1,38,FALSE,fabio_henrique_tavares,fabio_henrique_tavares
2023-24,297,Cody Gakpo,cody gakpo,cody_gakpo,Liverpool,FWD,38,1633,1,38,FALSE,cody_gakpo,cody_gakpo
2023-24,298,Joe Gomez,joe gomez,gomez_joe,Liverpool,DEF,38,1772,1,38,FALSE,gomez_joe,gomez_joe
2023-24,299,Jordan Henderson,jordan henderson,henderson_jordan,Liverpool,MID,38,0,1,38,FALSE,henderson_jordan,henderson_jordan
2023-24,300,Curtis Jones,curtis jones,curtis_jones,Liverpool,MID,38,1156,1,38,FALSE,curtis_jones,curtis_jones
2023-24,301,Caoimhin Kelleher,caoimhin kelleher,caoimhin_kelleher,Liverpool,GK,38,900,1,38,FALSE,caoimhin_kelleher,caoimhin_kelleher
2023-24,302,Ibrahima Konaté,ibrahima konate,ibrahima_konate,Liverpool,DEF,38,1570,1,38,FALSE,ibrahima_konate,ibrahima_konate
2023-24,303,Luis Díaz,luis diaz,diaz_luis,Liverpool,MID,38,2625,1,38,FALSE,diaz_luis,diaz_luis
2023-24,304,Alexis Mac Allister,alexis mac allister,alexis_allister_mac,Liverpool,MID,38,2600,1,38,FALSE,alexis_allister_mac,alexis_allister_mac
2023-24,305,Joel Matip,joel matip,joel_matip,Liverpool,DEF,38,779,1,38,FALSE,joel_matip,joel_matip
2023-24,306,Nathaniel Phillips,nathaniel phillips,nathaniel_phillips,Liverpool,DEF,38,0,1,38,FALSE,nathaniel_phillips,nathaniel_phillips
2023-24,307,Andrew Robertson,andrew robertson,andrew_robertson,Liverpool,DEF,38,1689,1,38,FALSE,andrew_robertson,andrew_robertson
2023-24,308,Mohamed Salah,mohamed salah,mohamed_salah,Liverpool,MID,38,2531,1,38,FALSE,mohamed_salah,mohamed_salah
2023-24,309,Dominik Szoboszlai,dominik szoboszlai,dominik_szoboszlai,Liverpool,MID,38,2102,1,38,FALSE,dominik_szoboszlai,dominik_szoboszlai
2023-24,310,Thiago Alcántara do Nascimento,thiago alcantara do nascimento,alcantara_do_nascimento_thiago,Liverpool,MID,38,5,1,38,FALSE,alcantara_do_nascimento_thiago,alcantara_do_nascimento_thiago
2023-24,311,Konstantinos Tsimikas,konstantinos tsimikas,konstantinos_tsimikas,Liverpool,DEF,38,675,1,38,FALSE,konstantinos_tsimikas,konstantinos_tsimikas
2023-24,312,Sepp van den Berg,sepp van den berg,berg_den_sepp_van,Liverpool,DEF,38,0,1,38,FALSE,berg_den_sepp_van,berg_den_sepp_van
2023-24,313,Virgil van Dijk,virgil van dijk,dijk_van_virgil,Liverpool,DEF,38,3177,1,38,FALSE,dijk_van_virgil,dijk_van_virgil
2023-24,314,Elijah Adebayo,elijah adebayo,adebayo_elijah,Luton,FWD,38,1405,1,38,FALSE,adebayo_elijah,adebayo_elijah
2023-24,315,Mads Juel Andersen,mads juel andersen,andersen_juel_mads,Luton,DEF,38,397,1,38,FALSE,andersen_juel_mads,andersen_juel_mads
2023-24,316,Amari'i Bell,amari i bell,amari_bell_i,Luton,DEF,38,1720,1,38,FALSE,amari_bell_i,amari_bell_i
2023-24,317,Luke Berry,luke berry,berry_luke,Luton,MID,38,309,1,38,FALSE,berry_luke,berry_luke
2023-24,318,Reece Burke,reece burke,burke_reece,Luton,DEF,38,1659,1,38,FALSE,burke_reece,burke_reece
2023-24,319,Allan Campbell,allan campbell,allan_campbell,Luton,MID,38,0,1,38,FALSE,allan_campbell,allan_campbell
2023-24,320,Jordan Clark,jordan clark,clark_jordan,Luton,MID,38,1297,1,38,FALSE,clark_jordan,clark_jordan
2023-24,321,Alfie Doughty,alfie doughty,alfie_doughty,Luton,DEF,38,2923,1,38,FALSE,alfie_doughty,alfie_doughty
2023-24,322,Luke Freeman,luke freeman,freeman_luke,Luton,MID,38,0,1,38,FALSE,freeman_luke,freeman_luke
2023-24,323,Matt Macey,matt macey,macey_matt,Luton,GK,38,0,1,38,FALSE,macey_matt,macey_matt
2023-24,324,John McAtee,john mcatee,john_mcatee,Luton,FWD,38,0,1,38,FALSE,john_mcatee,john_mcatee
2023-24,325,Carlos Mendes Gomes,carlos mendes gomes,carlos_gomes_mendes,Luton,MID,38,0,1,38,FALSE,carlos_gomes_mendes,carlos_gomes_mendes
2023-24,326,Carlton Morris,carlton morris,carlton_morris,Luton,FWD,38,2859,1,38,FALSE,carlton_morris,carlton_morris
2023-24,327,Admiral Muskwe,admiral muskwe,admiral_muskwe,Luton,FWD,38,0,1,38,FALSE,admiral_muskwe,admiral_muskwe
2023-24,328,Chiedozie Ogbene,chiedozie ogbene,chiedozie_ogbene,Luton,FWD,38,1987,1,38,FALSE,chiedozie_ogbene,chiedozie_ogbene
2023-24,329,Fred Onyedinma,fred onyedinma,fred_onyedinma,Luton,MID,38,403,1,38,FALSE,fred_onyedinma,fred_onyedinma
2023-24,330,Gabriel Osho,gabriel osho,gabriel_osho,Luton,DEF,38,1846,1,38,FALSE,gabriel_osho,gabriel_osho
2023-24,331,Aribim Pepple,aribim pepple,aribim_pepple,Luton,FWD,38,0,1,38,FALSE,aribim_pepple,aribim_pepple
2023-24,332,Dion Pereira,dion pereira,dion_pereira,Luton,MID,38,0,1,38,FALSE,dion_pereira,dion_pereira
2023-24,333,Dan Potts,dan potts,dan_potts,Luton,DEF,38,0,1,38,FALSE,dan_potts,dan_potts
2023-24,334,Glen Rea,glen rea,glen_rea,Luton,MID,38,0,1,38,FALSE,glen_rea,glen_rea
2023-24,335,James Shea,james shea,james_shea,Luton,GK,38,14,1,38,FALSE,james_shea,james_shea
2023-24,336,Joe Taylor,joe taylor,joe_taylor,Luton,FWD,38,0,1,38,FALSE,joe_taylor,joe_taylor
2023-24,337,Elliot Thorpe,elliot thorpe,elliot_thorpe,Luton,MID,38,0,1,38,FALSE,elliot_thorpe,elliot_thorpe
2023-24,338,Jack Walton,jack walton,jack_walton,Luton,GK,38,0,1,38,FALSE,jack_walton,jack_walton
2023-24,339,Louie Watson,louie watson,louie_watson,Luton,MID,38,0,1,38,FALSE,louie_watson,louie_watson
2023-24,340,Cauley Woodrow,cauley woodrow,cauley_woodrow,Luton,FWD,38,406,1,38,FALSE,cauley_woodrow,cauley_woodrow
2023-24,341,Manuel Akanji,manuel akanji,akanji_manuel,Man City,DEF,38,2512,1,38,FALSE,akanji_manuel,akanji_manuel
2023-24,342,Nathan Aké,nathan ake,ake_nathan,Man City,DEF,38,2039,1,38,FALSE,ake_nathan,ake_nathan
2023-24,343,Julián Álvarez,julian alvarez,alvarez_julian,Man City,FWD,38,2644,1,38,FALSE,alvarez_julian,alvarez_julian
2023-24,344,Bernardo Veiga de Carvalho e Silva,bernardo veiga de carvalho e silva,bernardo_carvalho_de_e_silva_veiga,Man City,MID,38,2576,1,38,FALSE,bernardo_carvalho_de_e_silva_veiga,bernardo_carvalho_de_e_silva_veiga
2023-24,345,Oscar Bobb,oscar bobb,bobb_oscar,Man City,MID,38,294,1,38,FALSE,bobb_oscar,bobb_oscar
2023-24,346,João Cancelo,joao cancelo,cancelo_joao,Man City,DEF,38,0,1,38,FALSE,cancelo_joao,cancelo_joao
2023-24,347,Scott Carson,scott carson,carson_scott,Man City,GK,38,0,1,38,FALSE,carson_scott,carson_scott
2023-24,348,Shea Charles,shea charles,charles_shea,Man City,MID,38,0,1,38,FALSE,charles_shea,charles_shea
2023-24,349,Kevin De Bruyne,kevin de bruyne,bruyne_de_kevin,Man City,MID,38,1219,1,38,FALSE,bruyne_de_kevin,bruyne_de_kevin
2023-24,350,Rúben Gato Alves Dias,ruben gato alves dias,alves_dias_gato_ruben,Man City,DEF,38,2557,1,38,FALSE,alves_dias_gato_ruben,alves_dias_gato_ruben
2023-24,351,Tommy Doyle,tommy doyle,doyle_tommy,Man City/Wolves,MID,38,1209,1,38,FALSE,doyle_tommy,doyle_tommy
2023-24,352,Ederson Santana de Moraes,ederson santana de moraes,de_ederson_moraes_santana,Man City,GK,38,2785,1,38,FALSE,de_ederson_moraes_santana,de_ederson_moraes_santana
2023-24,353,Phil Foden,phil foden,foden_phil,Man City,MID,38,2860,1,38,FALSE,foden_phil,foden_phil
2023-24,354,Jack Grealish,jack grealish,grealish_jack,Man City,MID,38,998,1,38,FALSE,grealish_jack,grealish_jack
2023-24,355,Erling Haaland,erling haaland,erling_haaland,Man City,FWD,38,2553,1,38,FALSE,erling_haaland,erling_haaland
2023-24,356,Mateo Kovačić,mateo kovacic,kovacic_mateo,Man City,MID,38,1539,1,38,FALSE,kovacic_mateo,kovacic_mateo
2023-24,357,Aymeric Laporte,aymeric laporte,aymeric_laporte,Man City,DEF,38,11,1,38,FALSE,aymeric_laporte,aymeric_laporte
2023-24,358,Rico Lewis,rico lewis,lewis_rico,Man City,DEF,38,804,1,38,FALSE,lewis_rico,lewis_rico
2023-24,359,Riyad Mahrez,riyad mahrez,mahrez_riyad,Man City,MID,38,0,1,38,FALSE,mahrez_riyad,mahrez_riyad
2023-24,360,James McAtee,james mcatee,james_mcatee,Man City/Sheffield Utd,MID,38,1815,1,38,FALSE,james_mcatee,james_mcatee
2023-24,361,Stefan Ortega Moreno,stefan ortega moreno,moreno_ortega_stefan,Man City,GK,38,632,1,38,FALSE,moreno_ortega_stefan,moreno_ortega_stefan
2023-24,362,Cole Palmer,cole palmer,cole_palmer,Chelsea/Man City,MID,38,2617,1,38,FALSE,cole_palmer,cole_palmer
2023-24,363,Máximo Perrone,maximo perrone,maximo_perrone,Man City,MID,38,0,1,38,FALSE,maximo_perrone,maximo_perrone
2023-24,364,Kalvin Phillips,kalvin phillips,kalvin_phillips,Man City/West Ham,MID,37,394,1,38,FALSE,kalvin_phillips,kalvin_phillips
2023-24,365,Rodrigo Hernandez,rodrigo hernandez,hernandez_rodrigo,Man City,MID,38,2931,1,38,FALSE,hernandez_rodrigo,hernandez_rodrigo
2023-24,366,Sergio Gómez,sergio gomez,gomez_sergio,Man City,DEF,38,48,1,38,FALSE,gomez_sergio,gomez_sergio
2023-24,367,Zack Steffen,zack steffen,steffen_zack,Man City,GK,38,0,1,38,FALSE,steffen_zack,steffen_zack
2023-24,368,John Stones,john stones,john_stones,Man City,DEF,38,1061,1,38,FALSE,john_stones,john_stones
2023-24,369,Kyle Walker,kyle walker,kyle_walker,Man City,DEF,38,2766,1,38,FALSE,kyle_walker,kyle_walker
2023-24,370,Alex Telles,alex telles,alex_telles,Man Utd,DEF,38,0,1,38,FALSE,alex_telles,alex_telles
2023-24,371,Amad Diallo,amad diallo,amad_diallo,Man Utd,MID,38,385,1,38,FALSE,amad_diallo,amad_diallo
2023-24,372,Antony Matheus dos Santos,antony matheus dos santos,antony_dos_matheus_santos,Man Utd,MID,38,1311,1,38,FALSE,antony_dos_matheus_santos,antony_dos_matheus_santos
2023-24,373,Bruno Borges Fernandes,bruno borges fernandes,borges_bruno_fernandes,Man Utd,MID,38,3118,1,38,FALSE,borges_bruno_fernandes,borges_bruno_fernandes
2023-24,374,Brandon Williams,brandon williams,brandon_williams,Man Utd,DEF,38,0,1,38,FALSE,brandon_williams,brandon_williams
2023-24,375,Eric Bailly,eric bailly,bailly_eric,Man Utd,DEF,38,0,1,38,FALSE,bailly_eric,bailly_eric
2023-24,376,Carlos Henrique Casimiro,carlos henrique casimiro,carlos_casimiro_henrique,Man Utd,MID,38,1981,1,38,FALSE,carlos_casimiro_henrique,carlos_casimiro_henrique
2023-24,377,Diogo Dalot Teixeira,diogo dalot teixeira,dalot_diogo_teixeira,Man Utd,DEF,38,3174,1,38,FALSE,dalot_diogo_teixeira,dalot_diogo_teixeira
2023-24,378,Anthony Elanga,anthony elanga,anthony_elanga,Nott'm Forest,MID,38,2424,1,38,FALSE,anthony_elanga,anthony_elanga
2023-24,379,Christian Eriksen,christian eriksen,christian_eriksen,Man Utd,MID,38,1134,1,38,FALSE,christian_eriksen,christian_eriksen
2023-24,380,Álvaro Fernández Carreras,alvaro fernandez carreras,alvaro_carreras_fernandez,Man Utd,DEF,38,0,1,38,FALSE,alvaro_carreras_fernandez,alvaro_carreras_fernandez
2023-24,381,Frederico Rodrigues de Paula Santos,frederico rodrigues de paula santos,de_frederico_paula_rodrigues_santos,Man Utd,MID,38,0,1,38,FALSE,de_frederico_paula_rodrigues_santos,de_frederico_paula_rodrigues_santos
2023-24,382,Alejandro Garnacho,alejandro garnacho,alejandro_garnacho,Man Utd,MID,38,2564,1,38,FALSE,alejandro_garnacho,alejandro_garnacho
2023-24,383,Hannibal Mejbri,hannibal mejbri,hannibal_mejbri,Man Utd,MID,38,131,1,38,FALSE,hannibal_mejbri,hannibal_mejbri
2023-24,384,Tom Heaton,tom heaton,heaton_tom,Man Utd,GK,38,0,1,38,FALSE,heaton_tom,heaton_tom
2023-24,385,Dean Henderson,dean henderson,dean_henderson,Crystal Palace/Man Utd,GK,38,1620,1,38,FALSE,dean_henderson,dean_henderson
2023-24,386,Victor Lindelöf,victor lindelof,lindelof_victor,Man Utd,DEF,38,1328,1,38,FALSE,lindelof_victor,lindelof_victor
2023-24,387,Harry Maguire,harry maguire,harry_maguire,Man Utd,DEF,38,1650,1,38,FALSE,harry_maguire,harry_maguire
2023-24,388,Kobbie Mainoo,kobbie mainoo,kobbie_mainoo,Man Utd,MID,38,1927,1,38,FALSE,kobbie_mainoo,kobbie_mainoo
2023-24,389,Tyrell Malacia,tyrell malacia,malacia_tyrell,Man Utd,DEF,38,0,1,38,FALSE,malacia_tyrell,malacia_tyrell
2023-24,390,Anthony Martial,anthony martial,anthony_martial,Man Utd,FWD,38,439,1,38,FALSE,anthony_martial,anthony_martial
2023-24,391,Lisandro Martínez,lisandro martinez,lisandro_martinez,Man Utd,DEF,38,643,1,38,FALSE,lisandro_martinez,lisandro_martinez
2023-24,392,Scott McTominay,scott mctominay,mctominay_scott,Man Utd,MID,38,1891,1,38,FALSE,mctominay_scott,mctominay_scott
2023-24,393,Teden Mengi,teden mengi,mengi_teden,Luton/Man Utd,DEF,39,2467,1,38,FALSE,mengi_teden,mengi_teden
2023-24,394,Facundo Pellistri Rebollo,facundo pellistri rebollo,facundo_pellistri_rebollo,Man Utd,MID,38,164,1,38,FALSE,facundo_pellistri_rebollo,facundo_pellistri_rebollo
2023-24,395,Raphaël Varane,raphael varane,raphael_varane,Man Utd,DEF,38,1370,1,38,FALSE,raphael_varane,raphael_varane
2023-24,396,Marcus Rashford,marcus rashford,marcus_rashford,Man Utd,MID,38,2264,1,38,FALSE,marcus_rashford,marcus_rashford
2023-24,397,Jadon Sancho,jadon sancho,jadon_sancho,Man Utd,MID,38,76,1,38,FALSE,jadon_sancho,jadon_sancho
2023-24,398,Luke Shaw,luke shaw,luke_shaw,Man Utd,DEF,38,960,1,38,FALSE,luke_shaw,luke_shaw
2023-24,399,Shola Shoretire,shola shoretire,shola_shoretire,Man Utd,FWD,38,0,1,38,FALSE,shola_shoretire,shola_shoretire
2023-24,400,Donny van de Beek,donny van de beek,beek_de_donny_van,Man Utd,MID,38,2,1,38,FALSE,beek_de_donny_van,beek_de_donny_van
2023-24,401,Aaron Wan-Bissaka,aaron wan bissaka,aaron_bissaka_wan,Man Utd,DEF,38,1778,1,38,FALSE,aaron_bissaka_wan,aaron_bissaka_wan
2023-24,402,Miguel Almirón Rejala,miguel almiron rejala,almiron_miguel_rejala,Newcastle,MID,38,1930,1,38,FALSE,almiron_miguel_rejala,almiron_miguel_rejala
2023-24,403,Elliot Anderson,elliot anderson,anderson_elliot,Newcastle,MID,38,1018,1,38,FALSE,anderson_elliot,anderson_elliot
2023-24,404,Harrison Ashby,harrison ashby,ashby_harrison,Newcastle,DEF,38,0,1,38,FALSE,ashby_harrison,ashby_harrison
2023-24,405,Sven Botman,sven botman,botman_sven,Newcastle,DEF,38,1375,1,38,FALSE,botman_sven,botman_sven
2023-24,406,Bruno Guimarães Rodriguez Moura,bruno guimaraes rodriguez moura,bruno_guimaraes_moura_rodriguez,Newcastle,MID,38,3264,1,38,FALSE,bruno_guimaraes_moura_rodriguez,bruno_guimaraes_moura_rodriguez
2023-24,407,Dan Burn,dan burn,burn_dan,Newcastle,DEF,38,2725,1,38,FALSE,burn_dan,burn_dan
2023-24,408,Karl Darlow,karl darlow,darlow_karl,Newcastle,GK,38,0,1,38,FALSE,darlow_karl,darlow_karl
2023-24,409,Martin Dubravka,martin dubravka,dubravka_martin,Newcastle,GK,38,1984,1,38,FALSE,dubravka_martin,dubravka_martin
2023-24,410,Ryan Fraser,ryan fraser,fraser_ryan,Newcastle,MID,38,0,1,38,FALSE,fraser_ryan,fraser_ryan
2023-24,411,Mark Gillespie,mark gillespie,gillespie_mark,Newcastle,GK,38,0,1,38,FALSE,gillespie_mark,gillespie_mark
2023-24,412,Anthony Gordon,anthony gordon,anthony_gordon,Newcastle,MID,38,2896,1,38,FALSE,anthony_gordon,anthony_gordon
2023-24,413,Isaac Hayden,isaac hayden,hayden_isaac,Newcastle,MID,38,0,1,38,FALSE,hayden_isaac,hayden_isaac
2023-24,414,Jeff Hendrick,jeff hendrick,hendrick_jeff,Newcastle,MID,38,0,1,38,FALSE,hendrick_jeff,hendrick_jeff
2023-24,415,Alexander Isak,alexander isak,alexander_isak,Newcastle,FWD,38,2253,1,38,FALSE,alexander_isak,alexander_isak
2023-24,416,Joelinton Cássio Apolinário de Lira,joelinton cassio apolinario de lira,apolinario_cassio_de_joelinton_lira,Newcastle,MID,38,1276,1,38,FALSE,apolinario_cassio_de_joelinton_lira,apolinario_cassio_de_joelinton_lira
2023-24,417,Emil Krafth,emil krafth,emil_krafth,Newcastle,DEF,38,909,1,38,FALSE,emil_krafth,emil_krafth
2023-24,418,Garang Kuol,garang kuol,garang_kuol,Newcastle,MID,38,0,1,38,FALSE,garang_kuol,garang_kuol
2023-24,419,Jamaal Lascelles,jamaal lascelles,jamaal_lascelles,Newcastle,DEF,38,1077,1,38,FALSE,jamaal_lascelles,jamaal_lascelles
2023-24,420,Jamal Lewis,jamal lewis,jamal_lewis,Newcastle,DEF,38,0,1,38,FALSE,jamal_lewis,jamal_lewis
2023-24,421,Sean Longstaff,sean longstaff,longstaff_sean,Newcastle,MID,38,2742,1,38,FALSE,longstaff_sean,longstaff_sean
2023-24,422,Javier Manquillo Gaitán,javier manquillo gaitan,gaitan_javier_manquillo,Newcastle,DEF,38,0,1,38,FALSE,gaitan_javier_manquillo,gaitan_javier_manquillo
2023-24,423,Jacob Murphy,jacob murphy,jacob_murphy,Newcastle,MID,38,1184,1,38,FALSE,jacob_murphy,jacob_murphy
2023-24,424,Nick Pope,nick pope,nick_pope,Newcastle,GK,38,1345,1,38,FALSE,nick_pope,nick_pope
2023-24,425,Matt Ritchie,matt ritchie,matt_ritchie,Newcastle,MID,38,120,1,38,FALSE,matt_ritchie,matt_ritchie
2023-24,426,Allan Saint-Maximin,allan saint maximin,allan_maximin_saint,Newcastle,MID,38,0,1,38,FALSE,allan_maximin_saint,allan_maximin_saint
2023-24,427,Fabian Schär,fabian schar,fabian_schar,Newcastle,DEF,38,3055,1,38,FALSE,fabian_schar,fabian_schar
2023-24,428,Matt Targett,matt targett,matt_targett,Newcastle,DEF,38,77,1,38,FALSE,matt_targett,matt_targett
2023-24,429,Sandro Tonali,sandro tonali,sandro_tonali,Newcastle,MID,38,437,1,38,FALSE,sandro_tonali,sandro_tonali
2023-24,430,Kieran Trippier,kieran trippier,kieran_trippier,Newcastle,DEF,38,2235,1,38,FALSE,kieran_trippier,kieran_trippier
2023-24,431,Kell Watts,kell watts,kell_watts,Newcastle,DEF,38,0,1,38,FALSE,kell_watts,kell_watts
2023-24,432,Joe Willock,joe willock,joe_willock,Newcastle,MID,38,415,1,38,FALSE,joe_willock,joe_willock
2023-24,433,Callum Wilson,callum wilson,callum_wilson,Newcastle,FWD,38,981,1,38,FALSE,callum_wilson,callum_wilson
2023-24,434,Brandon Aguilera Zamora,brandon aguilera zamora,aguilera_brandon_zamora,Nott'm Forest,MID,38,4,1,38,FALSE,aguilera_brandon_zamora,aguilera_brandon_zamora
2023-24,435,Harry Arter,harry arter,arter_harry,Nott'm Forest,MID,38,0,1,38,FALSE,arter_harry,arter_harry
2023-24,436,Serge Aurier,serge aurier,aurier_serge,Nott'm Forest,DEF,38,831,1,38,FALSE,aurier_serge,aurier_serge
2023-24,437,Taiwo Awoniyi,taiwo awoniyi,awoniyi_taiwo,Nott'm Forest,FWD,38,1036,1,38,FALSE,awoniyi_taiwo,awoniyi_taiwo
2023-24,438,Giulian Biancone,giulian biancone,biancone_giulian,Nott'm Forest,DEF,38,0,1,38,FALSE,biancone_giulian,biancone_giulian
2023-24,439,Willy Boly,willy boly,boly_willy,Nott'm Forest,DEF,38,1437,1,38,FALSE,boly_willy,boly_willy
2023-24,440,Josh Bowler,josh bowler,bowler_josh,Nott'm Forest,MID,38,0,1,38,FALSE,bowler_josh,bowler_josh
2023-24,441,Steve Cook,steve cook,cook_steve,Nott'm Forest,DEF,38,0,1,38,FALSE,cook_steve,cook_steve
2023-24,442,Danilo dos Santos de Oliveira,danilo dos santos de oliveira,danilo_de_dos_oliveira_santos,Nott'm Forest,MID,38,1787,1,38,FALSE,danilo_de_dos_oliveira_santos,danilo_de_dos_oliveira_santos
2023-24,443,Emmanuel Dennis,emmanuel dennis,dennis_emmanuel,Nott'm Forest,FWD,38,0,1,38,FALSE,dennis_emmanuel,dennis_emmanuel
2023-24,444,Mohamed Dräger,mohamed drager,drager_mohamed,Nott'm Forest,DEF,38,0,1,38,FALSE,drager_mohamed,drager_mohamed
2023-24,445,Felipe Augusto de Almeida Monteiro,felipe augusto de almeida monteiro,almeida_augusto_de_felipe_monteiro,Nott'm Forest,DEF,38,372,1,38,FALSE,almeida_augusto_de_felipe_monteiro,almeida_augusto_de_felipe_monteiro
2023-24,446,Remo Freuler,remo freuler,freuler_remo,Nott'm Forest,MID,38,0,1,38,FALSE,freuler_remo,freuler_remo
2023-24,447,Morgan Gibbs-White,morgan gibbs white,gibbs_morgan_white,Nott'm Forest,MID,38,3156,1,38,FALSE,gibbs_morgan_white,gibbs_morgan_white
2023-24,448,Wayne Hennessey,wayne hennessey,hennessey_wayne,Nott'm Forest,GK,38,0,1,38,FALSE,hennessey_wayne,hennessey_wayne
2023-24,449,Ethan Horvath,ethan horvath,ethan_horvath,Nott'm Forest,GK,38,0,1,38,FALSE,ethan_horvath,ethan_horvath
2023-24,450,Brennan Johnson,brennan johnson,brennan_johnson,Nott'm Forest/Spurs,MID,38,2317,1,38,FALSE,brennan_johnson,brennan_johnson
2023-24,451,Cheikhou Kouyaté,cheikhou kouyate,cheikhou_kouyate,Nott'm Forest,MID,38,206,1,38,FALSE,cheikhou_kouyate,cheikhou_kouyate
2023-24,452,Richie Laryea,richie laryea,laryea_richie,Nott'm Forest,DEF,38,0,1,38,FALSE,laryea_richie,laryea_richie
2023-24,453,Orel Mangala,orel mangala,mangala_orel,Nott'm Forest,MID,38,1562,1,38,FALSE,mangala_orel,mangala_orel
2023-24,454,Loïc Mbe Soh,loic mbe soh,loic_mbe_soh,Nott'm Forest,DEF,38,0,1,38,FALSE,loic_mbe_soh,loic_mbe_soh
2023-24,455,Scott McKenna,scott mckenna,mckenna_scott,Nott'm Forest,DEF,38,416,1,38,FALSE,mckenna_scott,mckenna_scott
2023-24,456,Alex Mighten,alex mighten,alex_mighten,Nott'm Forest,MID,38,0,1,38,FALSE,alex_mighten,alex_mighten
2023-24,457,Moussa Niakhaté,moussa niakhate,moussa_niakhate,Nott'm Forest,DEF,38,1456,1,38,FALSE,moussa_niakhate,moussa_niakhate
2023-24,458,Lewis O'Brien,lewis o brien,brien_lewis_o,Nott'm Forest,MID,38,0,1,38,FALSE,brien_lewis_o,brien_lewis_o
2023-24,459,Braian Ojeda Rodríguez,braian ojeda rodriguez,braian_ojeda_rodriguez,Nott'm Forest,MID,38,0,1,38,FALSE,braian_ojeda_rodriguez,braian_ojeda_rodriguez
2023-24,460,Jonathan Panzo,jonathan panzo,jonathan_panzo,Nott'm Forest,DEF,38,0,1,38,FALSE,jonathan_panzo,jonathan_panzo
2023-24,461,Omar Richards,omar richards,omar_richards,Nott'm Forest,DEF,38,0,1,38,FALSE,omar_richards,omar_richards
2023-24,462,Gustavo Henrique Furtado Scarpa,gustavo henrique furtado scarpa,furtado_gustavo_henrique_scarpa,Nott'm Forest,MID,38,0,1,38,FALSE,furtado_gustavo_henrique_scarpa,furtado_gustavo_henrique_scarpa
2023-24,463,Jonjo Shelvey,jonjo shelvey,jonjo_shelvey,Nott'm Forest,MID,38,0,1,38,FALSE,jonjo_shelvey,jonjo_shelvey
2023-24,464,Sam Surridge,sam surridge,sam_surridge,Nott'm Forest,FWD,38,0,1,38,FALSE,sam_surridge,sam_surridge
2023-24,465,Harry Toffolo,harry toffolo,harry_toffolo,Nott'm Forest,DEF,38,1452,1,38,FALSE,harry_toffolo,harry_toffolo
2023-24,466,Hwang Ui-jo,hwang ui jo,hwang_jo_ui,Nott'm Forest,FWD,38,0,1,38,FALSE,hwang_jo_ui,hwang_jo_ui
2023-24,467,Neco Williams,neco williams,neco_williams,Nott'm Forest,DEF,38,1630,1,38,FALSE,neco_williams,neco_williams
2023-24,468,Chris Wood,chris wood,chris_wood,Nott'm Forest,FWD,38,1801,1,38,FALSE,chris_wood,chris_wood
2023-24,469,Joe Worrall,joe worrall,joe_worrall,Nott'm Forest,DEF,38,438,1,38,FALSE,joe_worrall,joe_worrall
2023-24,470,Ryan Yates,ryan yates,ryan_yates,Nott'm Forest,MID,38,1979,1,38,FALSE,ryan_yates,ryan_yates
2023-24,471,Anel Ahmedhodžić,anel ahmedhodzic,ahmedhodzic_anel,Sheffield Utd,DEF,38,2649,1,38,FALSE,ahmedhodzic_anel,ahmedhodzic_anel
2023-24,472,Jordan Amissah,jordan amissah,amissah_jordan,Sheffield Utd,GK,38,0,1,38,FALSE,amissah_jordan,amissah_jordan
2023-24,473,George Baldock,george baldock,baldock_george,Sheffield Utd,DEF,38,968,1,38,FALSE,baldock_george,baldock_george
2023-24,474,Chris Basham,chris basham,basham_chris,Sheffield Utd,DEF,38,316,1,38,FALSE,basham_chris,basham_chris
2023-24,475,Sander Berge,sander berge,berge_sander,Burnley,MID,38,3002,1,38,FALSE,berge_sander,berge_sander
2023-24,476,Jayden Bogle,jayden bogle,bogle_jayden,Sheffield Utd,DEF,38,2787,1,38,FALSE,bogle_jayden,bogle_jayden
2023-24,477,Rhian Brewster,rhian brewster,brewster_rhian,Sheffield Utd,FWD,38,338,1,38,FALSE,brewster_rhian,brewster_rhian
2023-24,478,Ismaila Coulibaly,ismaila coulibaly,coulibaly_ismaila,Sheffield Utd,MID,38,0,1,38,FALSE,coulibaly_ismaila,coulibaly_ismaila
2023-24,479,Adam Davies,adam davies,adam_davies,Sheffield Utd,GK,38,0,1,38,FALSE,adam_davies,adam_davies
2023-24,480,John Egan,john egan,egan_john,Sheffield Utd,DEF,38,482,1,38,FALSE,egan_john,egan_john
2023-24,481,John Fleck,john fleck,fleck_john,Sheffield Utd,MID,38,89,1,38,FALSE,fleck_john,fleck_john
2023-24,482,Wes Foderingham,wes foderingham,foderingham_wes,Sheffield Utd,GK,38,2648,1,38,FALSE,foderingham_wes,foderingham_wes
2023-24,483,Daniel Jebbison,daniel jebbison,daniel_jebbison,Sheffield Utd,FWD,38,20,1,38,FALSE,daniel_jebbison,daniel_jebbison
2023-24,484,Max Lowe,max lowe,lowe_max,Sheffield Utd,DEF,38,498,1,38,FALSE,lowe_max,lowe_max
2023-24,485,Oliver McBurnie,oliver mcburnie,mcburnie_oliver,Sheffield Utd,FWD,38,1279,1,38,FALSE,mcburnie_oliver,mcburnie_oliver
2023-24,486,Iliman Ndiaye,iliman ndiaye,iliman_ndiaye,Sheffield Utd,FWD,38,0,1,38,FALSE,iliman_ndiaye,iliman_ndiaye
2023-24,487,Rhys Norrington-Davies,rhys norrington davies,davies_norrington_rhys,Sheffield Utd,DEF,38,109,1,38,FALSE,davies_norrington_rhys,davies_norrington_rhys
2023-24,488,Oliver Norwood,oliver norwood,norwood_oliver,Sheffield Utd,MID,38,1429,1,38,FALSE,norwood_oliver,norwood_oliver
2023-24,489,Ben Osborn,ben osborn,ben_osborn,Sheffield Utd,MID,38,1359,1,38,FALSE,ben_osborn,ben_osborn
2023-24,490,William Osula,william osula,osula_william,Sheffield Utd,FWD,38,778,1,38,FALSE,osula_william,osula_william
2023-24,491,Brandon Austin,brandon austin,austin_brandon,Spurs,GK,38,0,1,38,FALSE,austin_brandon,austin_brandon
2023-24,492,Rodrigo Bentancur,rodrigo bentancur,bentancur_rodrigo,Spurs,MID,38,997,1,38,FALSE,bentancur_rodrigo,bentancur_rodrigo
2023-24,493,Yves Bissouma,yves bissouma,bissouma_yves,Spurs,MID,38,2070,1,38,FALSE,bissouma_yves,bissouma_yves
2023-24,494,Bryan Gil Salvatierra,bryan gil salvatierra,bryan_gil_salvatierra,Spurs,MID,38,200,1,38,FALSE,bryan_gil_salvatierra,bryan_gil_salvatierra
2023-24,495,Ben Davies,ben davies,ben_davies,Spurs,DEF,38,1085,1,38,TRUE,ben_davies__def__spurs,ben_davies__def__spurs
2023-24,496,Eric Dier,eric dier,dier_eric,Spurs,DEF,38,199,1,38,FALSE,dier_eric,dier_eric
2023-24,497,Emerson Leite de Souza Junior,emerson leite de souza junior,de_emerson_junior_leite_souza,Spurs,DEF,38,1152,1,38,FALSE,de_emerson_junior_leite_souza,de_emerson_junior_leite_souza
2023-24,498,Fraser Forster,fraser forster,forster_fraser,Spurs,GK,38,0,1,38,FALSE,forster_fraser,forster_fraser
2023-24,499,Pierre-Emile Højbjerg,pierre emile hojbjerg,emile_hojbjerg_pierre,Spurs,MID,38,1289,1,38,FALSE,emile_hojbjerg_pierre,emile_hojbjerg_pierre
2023-24,500,Harry Kane,harry kane,harry_kane,Spurs,FWD,38,0,1,38,FALSE,harry_kane,harry_kane
2023-24,501,Dejan Kulusevski,dejan kulusevski,dejan_kulusevski,Spurs,MID,38,2759,1,38,FALSE,dejan_kulusevski,dejan_kulusevski
2023-24,502,Hugo Lloris,hugo lloris,hugo_lloris,Spurs,GK,38,0,1,38,FALSE,hugo_lloris,hugo_lloris
2023-24,503,Giovani Lo Celso,giovani lo celso,celso_giovani_lo,Spurs,MID,38,491,1,38,FALSE,celso_giovani_lo,celso_giovani_lo
2023-24,504,James Maddison,james maddison,james_maddison,Spurs,MID,38,2137,1,38,FALSE,james_maddison,james_maddison
2023-24,505,Tanguy Ndombélé Alvaro,tanguy ndombele alvaro,alvaro_ndombele_tanguy,Spurs,MID,38,0,1,38,FALSE,alvaro_ndombele_tanguy,alvaro_ndombele_tanguy
2023-24,506,Pedro Porro,pedro porro,pedro_porro,Spurs,DEF,38,3090,1,38,FALSE,pedro_porro,pedro_porro
2023-24,507,Ivan Perišić,ivan perisic,ivan_perisic,Spurs,DEF,38,98,1,38,FALSE,ivan_perisic,ivan_perisic
2023-24,508,Sergio Reguilón,sergio reguilon,reguilon_sergio,Brentford/Man Utd/Spurs,DEF,39,1524,1,38,FALSE,reguilon_sergio,reguilon_sergio
2023-24,509,Richarlison de Andrade,richarlison de andrade,andrade_de_richarlison,Spurs,MID,38,1481,1,38,FALSE,andrade_de_richarlison,andrade_de_richarlison
2023-24,510,Joe Rodon,joe rodon,joe_rodon,Spurs,DEF,38,0,1,38,FALSE,joe_rodon,joe_rodon
2023-24,511,Cristian Romero,cristian romero,cristian_romero,Spurs,DEF,38,2790,1,38,FALSE,cristian_romero,cristian_romero
2023-24,512,Davinson Sánchez,davinson sanchez,davinson_sanchez,Spurs,DEF,38,76,1,38,FALSE,davinson_sanchez,davinson_sanchez
2023-24,513,Pape Matar Sarr,pape matar sarr,matar_pape_sarr,Spurs,MID,38,2063,1,38,FALSE,matar_pape_sarr,matar_pape_sarr
2023-24,514,Ryan Sessegnon,ryan sessegnon,ryan_sessegnon,Spurs,DEF,38,0,1,38,FALSE,ryan_sessegnon,ryan_sessegnon
2023-24,515,Oliver Skipp,oliver skipp,oliver_skipp,Spurs,MID,38,691,1,38,FALSE,oliver_skipp,oliver_skipp
2023-24,516,Son Heung-min,son heung min,heung_min_son,Spurs,MID,38,2934,1,38,FALSE,heung_min_son,heung_min_son
2023-24,517,Djed Spence,djed spence,djed_spence,Spurs,DEF,38,0,1,38,FALSE,djed_spence,djed_spence
2023-24,518,Japhet Tanganga,japhet tanganga,japhet_tanganga,Spurs,DEF,38,0,1,38,FALSE,japhet_tanganga,japhet_tanganga
2023-24,519,Destiny Udogie,destiny udogie,destiny_udogie,Spurs,DEF,38,2391,1,38,FALSE,destiny_udogie,destiny_udogie
2023-24,520,Guglielmo Vicario,guglielmo vicario,guglielmo_vicario,Spurs,GK,38,3420,1,38,FALSE,guglielmo_vicario,guglielmo_vicario
2023-24,521,Alfie Whiteman,alfie whiteman,alfie_whiteman,Spurs,GK,38,0,1,38,FALSE,alfie_whiteman,alfie_whiteman
2023-24,522,Nayef Aguerd,nayef aguerd,aguerd_nayef,West Ham,DEF,38,1857,1,38,FALSE,aguerd_nayef,aguerd_nayef
2023-24,523,Michail Antonio,michail antonio,antonio_michail,West Ham,FWD,38,1692,1,38,FALSE,antonio_michail,antonio_michail
2023-24,524,Alphonse Areola,alphonse areola,alphonse_areola,West Ham,GK,38,2700,1,38,FALSE,alphonse_areola,alphonse_areola
2023-24,525,Saïd Benrahma,said benrahma,benrahma_said,West Ham,MID,38,611,1,38,FALSE,benrahma_said,benrahma_said
2023-24,526,Jarrod Bowen,jarrod bowen,bowen_jarrod,West Ham,MID,38,3020,1,38,FALSE,bowen_jarrod,bowen_jarrod
2023-24,527,Maxwel Cornet,maxwel cornet,cornet_maxwel,West Ham,MID,38,109,1,38,FALSE,cornet_maxwel,cornet_maxwel
2023-24,528,Vladimír Coufal,vladimir coufal,coufal_vladimir,West Ham,DEF,38,3135,1,38,FALSE,coufal_vladimir,coufal_vladimir
2023-24,529,Conor Coventry,conor coventry,conor_coventry,West Ham,MID,38,0,1,38,FALSE,conor_coventry,conor_coventry
2023-24,530,Aaron Cresswell,aaron cresswell,aaron_cresswell,West Ham,DEF,38,431,1,38,FALSE,aaron_cresswell,aaron_cresswell
2023-24,531,Flynn Downes,flynn downes,downes_flynn,West Ham,MID,38,0,1,38,FALSE,downes_flynn,downes_flynn
2023-24,532,Emerson Palmieri dos Santos,emerson palmieri dos santos,dos_emerson_palmieri_santos,West Ham,DEF,38,3138,1,38,FALSE,dos_emerson_palmieri_santos,dos_emerson_palmieri_santos
2023-24,533,Lukasz Fabianski,lukasz fabianski,fabianski_lukasz,West Ham,GK,38,721,1,38,FALSE,fabianski_lukasz,fabianski_lukasz
2023-24,534,Pablo Fornals Malla,pablo fornals malla,fornals_malla_pablo,West Ham,MID,38,418,1,38,FALSE,fornals_malla_pablo,fornals_malla_pablo
2023-24,535,Danny Ings,danny ings,danny_ings,West Ham,FWD,38,389,1,38,FALSE,danny_ings,danny_ings
2023-24,536,Ben Johnson,ben johnson,ben_johnson,West Ham,DEF,38,538,1,38,FALSE,ben_johnson,ben_johnson
2023-24,537,Thilo Kehrer,thilo kehrer,kehrer_thilo,West Ham,DEF,38,19,1,38,FALSE,kehrer_thilo,kehrer_thilo
2023-24,538,Divin Mubama,divin mubama,divin_mubama,West Ham,FWD,38,75,1,38,FALSE,divin_mubama,divin_mubama
2023-24,539,Lucas Tolentino Coelho de Lima,lucas tolentino coelho de lima,coelho_de_lima_lucas_tolentino,West Ham,MID,38,2627,1,38,FALSE,coelho_de_lima_lucas_tolentino,coelho_de_lima_lucas_tolentino
2023-24,540,Declan Rice,declan rice,declan_rice,Arsenal,MID,38,3225,1,38,FALSE,declan_rice,declan_rice
2023-24,541,Gianluca Scamacca,gianluca scamacca,gianluca_scamacca,West Ham,FWD,38,0,1,38,FALSE,gianluca_scamacca,gianluca_scamacca
2023-24,542,Tomáš Souček,tomas soucek,soucek_tomas,West Ham,MID,38,2867,1,38,FALSE,soucek_tomas,soucek_tomas
2023-24,543,Nikola Vlašić,nikola vlasic,nikola_vlasic,West Ham,MID,38,0,1,38,FALSE,nikola_vlasic,nikola_vlasic
2023-24,544,Kurt Zouma,kurt zouma,kurt_zouma,West Ham,DEF,38,2838,1,38,FALSE,kurt_zouma,kurt_zouma
2023-24,545,Rayan Aït-Nouri,rayan ait nouri,ait_nouri_rayan,Wolves,DEF,38,2327,1,38,FALSE,ait_nouri_rayan,ait_nouri_rayan
2023-24,546,Daniel Bentley,daniel bentley,bentley_daniel,Wolves,GK,38,382,1,38,FALSE,bentley_daniel,bentley_daniel
2023-24,547,Bendegúz Bolla,bendeguz bolla,bendeguz_bolla,Wolves,DEF,38,0,1,38,FALSE,bendeguz_bolla,bendeguz_bolla
2023-24,548,Hugo Bueno López,hugo bueno lopez,bueno_hugo_lopez,Wolves,DEF,38,727,1,38,FALSE,bueno_hugo_lopez,bueno_hugo_lopez
2023-24,549,Francisco Jorge Tomás Oliveira,francisco jorge tomas oliveira,francisco_jorge_oliveira_tomas,Wolves,MID,38,0,1,38,FALSE,francisco_jorge_oliveira_tomas,francisco_jorge_oliveira_tomas
2023-24,550,Luke Cundle,luke cundle,cundle_luke,Wolves,MID,38,0,1,38,FALSE,cundle_luke,cundle_luke
2023-24,551,Craig Dawson,craig dawson,craig_dawson,Wolves,DEF,38,2209,1,38,FALSE,craig_dawson,craig_dawson
2023-24,552,Fábio Silva,fabio silva,fabio_silva,Wolves,FWD,38,259,1,38,FALSE,fabio_silva,fabio_silva
2023-24,553,Ryan Giles,ryan giles,giles_ryan,Luton,DEF,38,498,1,38,FALSE,giles_ryan,giles_ryan
2023-24,554,Gonçalo Manuel Ganchinho Guedes,goncalo manuel ganchinho guedes,ganchinho_goncalo_guedes_manuel,Wolves,MID,38,0,1,38,FALSE,ganchinho_goncalo_guedes_manuel,ganchinho_goncalo_guedes_manuel
2023-24,555,Joe Hodge,joe hodge,hodge_joe,Wolves,MID,38,0,1,38,FALSE,hodge_joe,hodge_joe
2023-24,556,Ki-Jana Hoever,ki jana hoever,hoever_jana_ki,Wolves,DEF,38,0,1,38,FALSE,hoever_jana_ki,hoever_jana_ki
2023-24,557,Hwang Hee-chan,hwang hee chan,chan_hee_hwang,Wolves,MID,38,2116,1,38,FALSE,chan_hee_hwang,chan_hee_hwang
2023-24,558,Raúl Jiménez,raul jimenez,jimenez_raul,Fulham,FWD,38,1390,1,38,FALSE,jimenez_raul,jimenez_raul
2023-24,559,João Victor Gomes da Silva,joao victor gomes da silva,da_gomes_joao_silva_victor,Wolves,MID,38,2646,1,38,FALSE,da_gomes_joao_silva_victor,da_gomes_joao_silva_victor
2023-24,560,Jonathan Castro Otto,jonathan castro otto,castro_jonathan_otto,Wolves,DEF,38,4,1,38,FALSE,castro_jonathan_otto,castro_jonathan_otto
2023-24,561,Bruno Cavaco Jordão,bruno cavaco jordao,bruno_cavaco_jordao,Wolves,MID,38,0,1,38,FALSE,bruno_cavaco_jordao,bruno_cavaco_jordao
2023-24,562,Sasa Kalajdzic,sasa kalajdzic,kalajdzic_sasa,Wolves,FWD,38,158,1,38,FALSE,kalajdzic_sasa,kalajdzic_sasa
2023-24,563,Max Kilman,max kilman,kilman_max,Wolves,DEF,38,3420,1,38,FALSE,kilman_max,kilman_max
2023-24,564,Tom King,tom king,king_tom,Wolves,GK,38,0,1,38,FALSE,king_tom,king_tom
2023-24,565,Mario Lemina,mario lemina,lemina_mario,Wolves,MID,38,2969,1,38,FALSE,lemina_mario,lemina_mario
2023-24,566,Matheus Luiz Nunes,matheus luiz nunes,luiz_matheus_nunes,Man City/Wolves,MID,38,831,1,38,FALSE,luiz_matheus_nunes,luiz_matheus_nunes
2023-24,567,Pedro Lomba Neto,pedro lomba neto,lomba_neto_pedro,Wolves,MID,38,1516,1,38,FALSE,lomba_neto_pedro,lomba_neto_pedro
2023-24,568,Daniel Castelo Podence,daniel castelo podence,castelo_daniel_podence,Wolves,MID,38,0,1,38,FALSE,castelo_daniel_podence,castelo_daniel_podence
2023-24,569,José Malheiro de Sá,jose malheiro de sa,de_jose_malheiro_sa,Wolves,GK,38,3037,1,38,FALSE,de_jose_malheiro_sa,de_jose_malheiro_sa
2023-24,570,Pablo Sarabia,pablo sarabia,pablo_sarabia,Wolves,MID,38,1737,1,38,FALSE,pablo_sarabia,pablo_sarabia
2023-24,571,Matija Šarkić,matija sarkic,matija_sarkic,Wolves,GK,38,0,1,38,FALSE,matija_sarkic,matija_sarkic
2023-24,572,Nélson Cabral Semedo,nelson cabral semedo,cabral_nelson_semedo,Wolves,DEF,38,3084,1,38,FALSE,cabral_nelson_semedo,cabral_nelson_semedo
2023-24,573,Toti António Gomes,toti antonio gomes,antonio_gomes_toti,Wolves,DEF,38,2771,1,38,FALSE,antonio_gomes_toti,antonio_gomes_toti
2023-24,574,Boubacar Traoré,boubacar traore,boubacar_traore,Wolves,MID,38,802,1,38,FALSE,boubacar_traore,boubacar_traore
2023-24,575,Tom Lockyer,tom lockyer,lockyer_tom,Luton,DEF,38,1169,1,38,FALSE,lockyer_tom,lockyer_tom
2023-24,576,Jack Robinson,jack robinson,jack_robinson,Sheffield Utd,DEF,38,2883,1,38,FALSE,jack_robinson,jack_robinson
2023-24,577,Angelo Ogbonna,angelo ogbonna,angelo_ogbonna,West Ham,DEF,38,634,1,38,FALSE,angelo_ogbonna,angelo_ogbonna
2023-24,578,Reiss Nelson,reiss nelson,nelson_reiss,Arsenal,MID,38,256,1,38,FALSE,nelson_reiss,nelson_reiss
2023-24,579,Andy Lonergan,andy lonergan,andy_lonergan,Everton,GK,38,0,1,38,FALSE,andy_lonergan,andy_lonergan
2023-24,580,Loris Karius,loris karius,karius_loris,Newcastle,GK,38,90,1,38,FALSE,karius_loris,karius_loris
2023-24,581,Paul Dummett,paul dummett,dummett_paul,Newcastle,DEF,38,18,1,38,FALSE,dummett_paul,dummett_paul
2023-24,582,Pelly Ruddock Mpanzu,pelly ruddock mpanzu,mpanzu_pelly_ruddock,Luton,MID,38,1085,1,38,FALSE,mpanzu_pelly_ruddock,mpanzu_pelly_ruddock
2023-24,583,Manor Solomon,manor solomon,manor_solomon,Spurs,MID,38,196,1,38,FALSE,manor_solomon,manor_solomon
2023-24,584,Pau Torres,pau torres,pau_torres,Aston Villa,DEF,38,2462,1,38,FALSE,pau_torres,pau_torres
2023-24,585,Jurriën Timber,jurrien timber,jurrien_timber,Arsenal,DEF,38,70,1,38,FALSE,jurrien_timber,jurrien_timber
2023-24,586,Tahith Chong,tahith chong,chong_tahith,Luton,MID,38,1972,1,38,FALSE,chong_tahith,chong_tahith
2023-24,587,Anis Slimane,anis slimane,anis_slimane,Sheffield Utd,MID,38,409,1,38,FALSE,anis_slimane,anis_slimane
2023-24,588,Ashley Young,ashley young,ashley_young,Everton,DEF,38,2277,1,38,FALSE,ashley_young,ashley_young
2023-24,589,Ângelo Gabriel Borges Damaceno,angelo gabriel borges damaceno,angelo_borges_damaceno_gabriel,Chelsea,MID,38,0,1,38,FALSE,angelo_borges_damaceno_gabriel,angelo_borges_damaceno_gabriel
2023-24,590,Matheus Santos Carneiro Da Cunha,matheus santos carneiro da cunha,carneiro_cunha_da_matheus_santos,Wolves,FWD,38,2438,1,38,FALSE,carneiro_cunha_da_matheus_santos,carneiro_cunha_da_matheus_santos
2023-24,591,Willian Borges da Silva,willian borges da silva,borges_da_silva_willian,Fulham,MID,38,2048,1,38,FALSE,borges_da_silva_willian,borges_da_silva_willian
2023-24,592,Yasser Larouci,yasser larouci,larouci_yasser,Sheffield Utd,DEF,38,527,1,38,FALSE,larouci_yasser,larouci_yasser
2023-24,593,Bénie Traoré,benie traore,benie_traore,Sheffield Utd,FWD,38,383,1,38,FALSE,benie_traore,benie_traore
2023-24,594,Zeki Amdouni,zeki amdouni,amdouni_zeki,Burnley,FWD,38,1953,1,38,FALSE,amdouni_zeki,amdouni_zeki
2023-24,595,Milos Kerkez,milos kerkez,kerkez_milos,Bournemouth,DEF,38,1966,1,38,FALSE,kerkez_milos,kerkez_milos
2023-24,596,James Trafford,james trafford,james_trafford,Burnley,GK,38,2520,1,38,FALSE,james_trafford,james_trafford
2023-24,597,André Onana,andre onana,andre_onana,Man Utd,GK,38,3420,1,38,FALSE,andre_onana,andre_onana
2023-24,598,Matt Doherty,matt doherty,doherty_matt,Wolves,DEF,38,1136,1,38,FALSE,doherty_matt,doherty_matt
2023-24,599,Moussa Diaby,moussa diaby,diaby_moussa,Aston Villa,MID,38,2168,1,38,FALSE,diaby_moussa,diaby_moussa
2023-24,600,Nathan Redmond,nathan redmond,nathan_redmond,Burnley,MID,38,132,1,38,FALSE,nathan_redmond,nathan_redmond
2023-24,601,Arnaut Danjuma Groeneveld,arnaut danjuma groeneveld,arnaut_danjuma_groeneveld,Everton,MID,38,587,1,38,FALSE,arnaut_danjuma_groeneveld,arnaut_danjuma_groeneveld
2023-24,602,Issa Kaboré,issa kabore,issa_kabore,Luton,DEF,38,1727,1,38,FALSE,issa_kabore,issa_kabore
2023-24,603,Harvey Barnes,harvey barnes,barnes_harvey,Newcastle,MID,38,788,1,38,FALSE,barnes_harvey,barnes_harvey
2023-24,604,Olu Aina,olu aina,aina_olu,Nott'm Forest,DEF,38,1690,1,38,FALSE,aina_olu,aina_olu
2023-24,605,Luca Koleosho,luca koleosho,koleosho_luca,Burnley,MID,38,972,1,38,FALSE,koleosho_luca,koleosho_luca
2023-24,606,Igor Julio dos Santos de Paulo,igor julio dos santos de paulo,de_dos_igor_julio_paulo_santos,Brighton,DEF,38,1631,1,38,FALSE,de_dos_igor_julio_paulo_santos,de_dos_igor_julio_paulo_santos
2023-24,607,Ionuț Radu,ionut radu,ionut_radu,Bournemouth,GK,38,180,1,38,FALSE,ionut_radu,ionut_radu
2023-24,608,Jacob Bruun Larsen,jacob bruun larsen,bruun_jacob_larsen,Burnley,MID,38,1235,1,38,FALSE,bruun_jacob_larsen,bruun_jacob_larsen
2023-24,609,Ian Maatsen,ian maatsen,ian_maatsen,Chelsea,MID,38,200,1,38,FALSE,ian_maatsen,ian_maatsen
2023-24,610,Calvin Bassey,calvin bassey,bassey_calvin,Fulham,DEF,38,2299,1,38,FALSE,bassey_calvin,bassey_calvin
2023-24,611,Axel Disasi,axel disasi,axel_disasi,Chelsea,DEF,38,2579,1,38,FALSE,axel_disasi,axel_disasi
2023-24,613,Lesley Ugochukwu,lesley ugochukwu,lesley_ugochukwu,Chelsea,MID,38,296,1,38,FALSE,lesley_ugochukwu,lesley_ugochukwu
2023-24,614,Thomas Kaminski,thomas kaminski,kaminski_thomas,Luton,GK,38,3405,1,38,FALSE,kaminski_thomas,kaminski_thomas
2023-24,615,Matheus França de Oliveira,matheus franca de oliveira,de_franca_matheus_oliveira,Crystal Palace,MID,38,224,1,38,FALSE,de_franca_matheus_oliveira,de_franca_matheus_oliveira
2023-24,616,Joško Gvardiol,josko gvardiol,gvardiol_josko,Man City,DEF,38,2327,1,38,FALSE,gvardiol_josko,gvardiol_josko
2023-24,617,Rasmus Højlund,rasmus hojlund,hojlund_rasmus,Man Utd,FWD,38,2156,1,38,FALSE,hojlund_rasmus,hojlund_rasmus
2023-24,618,Omari Kellyman,omari kellyman,kellyman_omari,Aston Villa,MID,38,35,1,38,FALSE,kellyman_omari,kellyman_omari
2023-24,619,Ben Greenwood,ben greenwood,ben_greenwood,Bournemouth,DEF,38,0,1,38,FALSE,ben_greenwood,ben_greenwood
2023-24,620,Michael Olakigbe,michael olakigbe,michael_olakigbe,Brentford,MID,38,51,1,38,FALSE,michael_olakigbe,michael_olakigbe
2023-24,621,Jack Hinshelwood,jack hinshelwood,hinshelwood_jack,Brighton,MID,38,866,1,38,FALSE,hinshelwood_jack,hinshelwood_jack
2023-24,622,Owen Dodgson,owen dodgson,dodgson_owen,Burnley,DEF,38,0,1,38,FALSE,dodgson_owen,dodgson_owen
2023-24,623,Mason Burstow,mason burstow,burstow_mason,Chelsea,FWD,38,8,1,38,FALSE,burstow_mason,burstow_mason
2023-24,624,Lewis Dobbin,lewis dobbin,dobbin_lewis,Everton,MID,38,226,1,38,FALSE,dobbin_lewis,dobbin_lewis
2023-24,625,Luc De Fougerolles,luc de fougerolles,de_fougerolles_luc,Fulham,DEF,38,0,1,38,FALSE,de_fougerolles_luc,de_fougerolles_luc
2023-24,626,Jarell Quansah,jarell quansah,jarell_quansah,Liverpool,DEF,38,1188,1,38,FALSE,jarell_quansah,jarell_quansah
2023-24,627,Bobby Clark,bobby clark,bobby_clark,Liverpool,MID,38,86,1,38,FALSE,bobby_clark,bobby_clark
2023-24,628,Ben Doak,ben doak,ben_doak,Liverpool,MID,38,13,1,38,FALSE,ben_doak,ben_doak
2023-24,629,James McConnell,james mcconnell,james_mcconnell,Liverpool,MID,38,3,1,38,FALSE,james_mcconnell,james_mcconnell
2023-24,630,Ross Barkley,ross barkley,barkley_ross,Luton,MID,38,2616,1,38,FALSE,barkley_ross,barkley_ross
2023-24,631,Jacob Brown,jacob brown,brown_jacob,Luton,FWD,38,1013,1,38,FALSE,brown_jacob,brown_jacob
2023-24,632,Omari Forson,omari forson,forson_omari,Man Utd,MID,38,67,1,38,FALSE,forson_omari,forson_omari
2023-24,633,Tino Livramento,tino livramento,livramento_tino,Newcastle,DEF,38,1302,1,38,FALSE,livramento_tino,livramento_tino
2023-24,634,Alex Murphy,alex murphy,alex_murphy,Newcastle,DEF,38,11,1,38,FALSE,alex_murphy,alex_murphy
2023-24,635,Lewis Miley,lewis miley,lewis_miley,Newcastle,MID,38,1203,1,38,FALSE,lewis_miley,lewis_miley
2023-24,636,George Shelvey,george shelvey,george_shelvey,Nott'm Forest,GK,38,0,1,38,FALSE,george_shelvey,george_shelvey
2023-24,637,Josh Powell,josh powell,josh_powell,Nott'm Forest,DEF,38,0,1,38,FALSE,josh_powell,josh_powell
2023-24,638,Vini de Souza Costa,vini de souza costa,costa_de_souza_vini,Sheffield Utd,MID,38,2664,1,38,FALSE,costa_de_souza_vini,costa_de_souza_vini
2023-24,639,Micky van de Ven,micky van de ven,de_micky_van_ven,Spurs,DEF,38,2341,1,38,FALSE,de_micky_van_ven,de_micky_van_ven
2023-24,640,Dane Scarlett,dane scarlett,dane_scarlett,Spurs,FWD,38,19,1,38,FALSE,dane_scarlett,dane_scarlett
2023-24,641,Alejo Véliz,alejo veliz,alejo_veliz,Spurs,FWD,38,45,1,38,FALSE,alejo_veliz,alejo_veliz
2023-24,642,Edson Álvarez Velázquez,edson alvarez velazquez,alvarez_edson_velazquez,West Ham,MID,38,2375,1,38,FALSE,alvarez_edson_velazquez,alvarez_edson_velazquez
2023-24,643,Max Aarons,max aarons,aarons_max,Bournemouth,DEF,38,1233,1,38,FALSE,aarons_max,aarons_max
2023-24,644,Alex Scott,alex scott,alex_scott,Bournemouth,MID,38,1003,1,38,FALSE,alex_scott,alex_scott
2023-24,645,Youssef Ramalho Chermiti,youssef ramalho chermiti,chermiti_ramalho_youssef,Everton,FWD,38,196,1,38,FALSE,chermiti_ramalho_youssef,chermiti_ramalho_youssef
2023-24,646,Karl Hein,karl hein,hein_karl,Arsenal,GK,38,0,1,38,FALSE,hein_karl,hein_karl
2023-24,647,Joseph Anang,joseph anang,anang_joseph,West Ham,GK,38,0,1,38,FALSE,anang_joseph,anang_joseph
2023-24,648,Aidan Francis-Clarke,aidan francis clarke,aidan_clarke_francis,Luton,DEF,38,0,1,38,FALSE,aidan_clarke_francis,aidan_clarke_francis
2023-24,649,Thomas Cannon,thomas cannon,cannon_thomas,Everton,FWD,38,1,1,38,FALSE,cannon_thomas,cannon_thomas
2023-24,650,Tyler Onyango,tyler onyango,onyango_tyler,Everton,MID,38,1,1,38,FALSE,onyango_tyler,onyango_tyler
2023-24,651,Jay Stansfield,jay stansfield,jay_stansfield,Fulham,FWD,38,0,1,38,FALSE,jay_stansfield,jay_stansfield
2023-24,652,Matthew Dibley-Dias,matthew dibley dias,dias_dibley_matthew,Fulham,MID,38,0,1,38,FALSE,dias_dibley_matthew,dias_dibley_matthew
2023-24,653,Femi Seriki,femi seriki,femi_seriki,Sheffield Utd,DEF,38,0,1,38,FALSE,femi_seriki,femi_seriki
2023-24,654,Louie Marsh,louie marsh,louie_marsh,Sheffield Utd,FWD,38,0,1,38,FALSE,louie_marsh,louie_marsh
2023-24,655,Andre Brooks,andre brooks,andre_brooks,Sheffield Utd,MID,38,932,1,38,FALSE,andre_brooks,andre_brooks
2023-24,656,Antwoine Hackford,antwoine hackford,antwoine_hackford,Sheffield Utd,FWD,38,11,1,38,FALSE,antwoine_hackford,antwoine_hackford
2023-24,657,Jesurun Rak-Sakyi,jesurun rak sakyi,jesurun_rak_sakyi,Crystal Palace,MID,38,132,1,38,FALSE,jesurun_rak_sakyi,jesurun_rak_sakyi
2023-24,658,John-Kymani Gordon,john kymani gordon,gordon_john_kymani,Crystal Palace,FWD,38,0,1,38,FALSE,gordon_john_kymani,gordon_john_kymani
2023-24,659,Lucas Bergström,lucas bergstrom,bergstrom_lucas,Chelsea,GK,38,0,1,38,FALSE,bergstrom_lucas,bergstrom_lucas
2023-24,660,Wilson Odobert,wilson odobert,odobert_wilson,Burnley,MID,37,2095,3,38,FALSE,odobert_wilson,odobert_wilson
2023-24,661,Jack Harrison,jack harrison,harrison_jack,Everton,MID,37,2212,2,38,FALSE,harrison_jack,harrison_jack
2023-24,662,Adama Traoré,adama traore,adama_traore,Fulham,MID,37,363,2,38,FALSE,adama_traore,adama_traore
2023-24,663,Gustavo Hamer,gustavo hamer,gustavo_hamer,Sheffield Utd,MID,37,2908,2,38,FALSE,gustavo_hamer,gustavo_hamer
2023-24,664,James Ward-Prowse,james ward prowse,james_prowse_ward,West Ham,MID,37,3000,2,38,FALSE,james_prowse_ward,james_prowse_ward
2023-24,665,Tim Krul,tim krul,krul_tim,Luton,GK,37,0,3,38,FALSE,krul_tim,krul_tim
2023-24,666,Tom Davies,tom davies,davies_tom,Sheffield Utd,MID,37,214,2,38,FALSE,davies_tom,davies_tom
2023-24,667,Roméo Lavia,romeo lavia,lavia_romeo,Chelsea,MID,37,32,2,38,FALSE,lavia_romeo,lavia_romeo
2023-24,668,Wataru Endo,wataru endo,endo_wataru,Liverpool,MID,37,1714,2,38,FALSE,endo_wataru,endo_wataru
2023-24,669,Radek Vítek,radek vitek,radek_vitek,Man Utd,GK,37,0,2,38,FALSE,radek_vitek,radek_vitek
2023-24,670,Filip Marschall,filip marschall,filip_marschall,Aston Villa,GK,37,0,2,38,FALSE,filip_marschall,filip_marschall
2023-24,671,Bashir Humphreys,bashir humphreys,bashir_humphreys,Chelsea,DEF,37,0,2,38,FALSE,bashir_humphreys,bashir_humphreys
2023-24,672,Nicolò Zaniolo,nicolo zaniolo,nicolo_zaniolo,Aston Villa,MID,36,824,3,38,FALSE,nicolo_zaniolo,nicolo_zaniolo
2023-24,673,Tyler Adams,tyler adams,adams_tyler,Bournemouth,MID,36,118,3,38,FALSE,adams_tyler,adams_tyler
2023-24,674,Hannes Delcroix,hannes delcroix,delcroix_hannes,Burnley,DEF,37,584,3,38,FALSE,delcroix_hannes,delcroix_hannes
2023-24,675,Aaron Ramsey,aaron ramsey,aaron_ramsey,Burnley,MID,37,522,3,38,FALSE,aaron_ramsey,aaron_ramsey
2023-24,676,Konstantinos Mavropanos,konstantinos mavropanos,konstantinos_mavropanos,West Ham,DEF,36,1500,3,38,FALSE,konstantinos_mavropanos,konstantinos_mavropanos
2023-24,677,Deivid Washington de Souza Eugênio,deivid washington de souza eugenio,de_deivid_eugenio_souza_washington,Chelsea,FWD,36,11,3,38,FALSE,de_deivid_eugenio_souza_washington,de_deivid_eugenio_souza_washington
2023-24,678,Jérémy Doku,jeremy doku,doku_jeremy,Man City,MID,36,1585,3,38,FALSE,doku_jeremy,doku_jeremy
2023-24,679,Gonzalo Montiel,gonzalo montiel,gonzalo_montiel,Nott'm Forest,DEF,36,796,3,38,FALSE,gonzalo_montiel,gonzalo_montiel
2023-24,680,Eddie Beach,eddie beach,beach_eddie,Chelsea,GK,36,0,3,38,FALSE,beach_eddie,beach_eddie
2023-24,681,Diego Manuel Jadon da Silva Moreira,diego manuel jadon da silva moreira,da_diego_jadon_manuel_moreira_silva,Chelsea,MID,36,0,3,38,FALSE,da_diego_jadon_manuel_moreira_silva,da_diego_jadon_manuel_moreira_silva
2023-24,682,Joseph Johnson,joseph johnson,johnson_joseph,Luton,DEF,37,75,3,38,FALSE,johnson_joseph,johnson_joseph
2023-24,683,Luke Harris,luke harris,harris_luke,Fulham,MID,36,74,3,38,FALSE,harris_luke,harris_luke
2023-24,684,Ethan Brierley,ethan brierley,brierley_ethan,Brentford,MID,36,0,3,38,FALSE,brierley_ethan,brierley_ethan
2023-24,685,Daniel Gore,daniel gore,daniel_gore,Man Utd,MID,36,1,3,38,FALSE,daniel_gore,daniel_gore
2023-24,686,Oliwier Zych,oliwier zych,oliwier_zych,Aston Villa,GK,36,0,3,38,FALSE,oliwier_zych,oliwier_zych
2023-24,687,Đorđe Petrović,dorde petrovic,dorde_petrovic,Chelsea,GK,35,1986,4,38,FALSE,dorde_petrovic,dorde_petrovic
2023-24,688,Timothy Castagne,timothy castagne,castagne_timothy,Fulham,DEF,35,2630,4,38,FALSE,castagne_timothy,castagne_timothy
2023-24,689,Mohammed Kudus,mohammed kudus,kudus_mohammed,West Ham,MID,35,2485,4,38,FALSE,kudus_mohammed,kudus_mohammed
2023-24,690,Carlos Baleba,carlos baleba,baleba_carlos,Brighton,MID,35,1314,4,38,FALSE,baleba_carlos,baleba_carlos
2023-24,691,Norberto Bercique Gomes Betuncal,norberto bercique gomes betuncal,bercique_betuncal_gomes_norberto,Everton,FWD,35,943,4,38,FALSE,bercique_betuncal_gomes_norberto,bercique_betuncal_gomes_norberto
2023-24,692,Steven Benda,steven benda,benda_steven,Fulham,GK,35,0,4,38,FALSE,benda_steven,benda_steven
2023-24,693,Luke Thomas,luke thomas,luke_thomas,Sheffield Utd,DEF,35,916,4,38,FALSE,luke_thomas,luke_thomas
2023-24,694,Han-Noah Massengo,han noah massengo,han_massengo_noah,Burnley,MID,36,14,4,38,FALSE,han_massengo_noah,han_massengo_noah
2023-24,695,Altay Bayindir,altay bayindir,altay_bayindir,Man Utd,GK,35,0,4,38,FALSE,altay_bayindir,altay_bayindir
2023-24,696,Murillo Santiago Costa dos Santos,murillo santiago costa dos santos,costa_dos_murillo_santiago_santos,Nott'm Forest,DEF,35,2790,4,38,FALSE,costa_dos_murillo_santiago_santos,costa_dos_murillo_santiago_santos
2023-24,697,Santiago Bueno,santiago bueno,bueno_santiago,Wolves,DEF,35,819,4,38,FALSE,bueno_santiago,bueno_santiago
2023-24,698,Enso González,enso gonzalez,enso_gonzalez,Wolves,MID,35,1,4,38,FALSE,enso_gonzalez,enso_gonzalez
2023-24,699,Clément Lenglet,clement lenglet,clement_lenglet,Aston Villa,DEF,35,1153,4,38,FALSE,clement_lenglet,clement_lenglet
2023-24,700,Anssumane Fati Vieira,anssumane fati vieira,anssumane_fati_vieira,Brighton,MID,35,509,4,38,FALSE,anssumane_fati_vieira,anssumane_fati_vieira
2023-24,701,Saman Ghoddos,saman ghoddos,ghoddos_saman,Brentford,MID,35,728,4,38,FALSE,ghoddos_saman,ghoddos_saman
2023-24,702,Ashley Phillips,ashley phillips,ashley_phillips,Spurs,DEF,35,0,4,38,FALSE,ashley_phillips,ashley_phillips
2023-24,703,Jonny Evans,jonny evans,evans_jonny,Man Utd,DEF,35,1389,4,38,FALSE,evans_jonny,evans_jonny
2023-24,704,Nathan Fraser,nathan fraser,fraser_nathan,Wolves,FWD,35,183,4,38,FALSE,fraser_nathan,fraser_nathan
2023-24,705,Luis Sinisterra,luis sinisterra,luis_sinisterra,Bournemouth,MID,34,685,5,38,FALSE,luis_sinisterra,luis_sinisterra
2023-24,706,Mike Trésor,mike tresor,mike_tresor,Burnley,MID,35,410,5,38,FALSE,mike_tresor,mike_tresor
2023-24,707,Fodé Ballo-Touré,fode ballo toure,ballo_fode_toure,Fulham,DEF,34,65,5,38,FALSE,ballo_fode_toure,ballo_fode_toure
2023-24,708,Ryan Gravenberch,ryan gravenberch,gravenberch_ryan,Liverpool,MID,34,1110,5,38,FALSE,gravenberch_ryan,gravenberch_ryan
2023-24,709,Sofyan Amrabat,sofyan amrabat,amrabat_sofyan,Man Utd,MID,34,929,5,38,FALSE,amrabat_sofyan,amrabat_sofyan
2023-24,710,Odysseas Vlachodimos,odysseas vlachodimos,odysseas_vlachodimos,Nott'm Forest,GK,34,450,5,38,FALSE,odysseas_vlachodimos,odysseas_vlachodimos
2023-24,711,Andrew Omobamidele,andrew omobamidele,andrew_omobamidele,Nott'm Forest,DEF,34,782,5,38,FALSE,andrew_omobamidele,andrew_omobamidele
2023-24,712,Nicolás Domínguez,nicolas dominguez,dominguez_nicolas,Nott'm Forest,MID,34,1489,5,38,FALSE,dominguez_nicolas,dominguez_nicolas
2023-24,713,Ibrahim Sangaré,ibrahim sangare,ibrahim_sangare,Nott'm Forest,MID,34,1031,5,38,FALSE,ibrahim_sangare,ibrahim_sangare
2023-24,714,Divock Origi,divock origi,divock_origi,Nott'm Forest,FWD,34,594,5,38,FALSE,divock_origi,divock_origi
2023-24,715,Jean-Ricner Bellegarde,jean ricner bellegarde,bellegarde_jean_ricner,Wolves,MID,34,948,5,38,FALSE,bellegarde_jean_ricner,bellegarde_jean_ricner
2023-24,716,Alfie Gilchrist,alfie gilchrist,alfie_gilchrist,Chelsea,DEF,34,200,5,38,FALSE,alfie_gilchrist,alfie_gilchrist
2023-24,717,Ronnie Stutter,ronnie stutter,ronnie_stutter,Chelsea,FWD,34,0,5,38,FALSE,ronnie_stutter,ronnie_stutter
2023-24,718,Alex Matos,alex matos,alex_matos,Chelsea,MID,34,1,5,38,FALSE,alex_matos,alex_matos
2023-24,719,Mackenzie Hunt,mackenzie hunt,hunt_mackenzie,Everton,MID,33,0,6,38,FALSE,hunt_mackenzie,hunt_mackenzie
2023-24,720,Ademola Ola-Adebomi,ademola ola adebomi,adebomi_ademola_ola,Crystal Palace,FWD,32,0,7,38,FALSE,adebomi_ademola_ola,adebomi_ademola_ola
2023-24,721,David Ozoh,david ozoh,david_ozoh,Crystal Palace,MID,32,148,7,38,FALSE,david_ozoh,david_ozoh
2023-24,722,Jamie Donley,jamie donley,donley_jamie,Spurs,FWD,32,3,7,38,FALSE,donley_jamie,donley_jamie
2023-24,723,Josh Brooking,josh brooking,brooking_josh,Chelsea,DEF,32,0,7,38,FALSE,brooking_josh,brooking_josh
2023-24,724,Jadan Raymond,jadan raymond,jadan_raymond,Crystal Palace,MID,31,0,8,38,FALSE,jadan_raymond,jadan_raymond
2023-24,725,Ji-Soo Kim,ji soo kim,ji_kim_soo,Brentford,DEF,31,0,8,38,FALSE,ji_kim_soo,ji_kim_soo
2023-24,726,Luke Chambers,luke chambers,chambers_luke,Liverpool,DEF,31,0,8,38,FALSE,chambers_luke,chambers_luke
2023-24,727,Andros Townsend,andros townsend,andros_townsend,Luton,MID,30,1197,9,38,FALSE,andros_townsend,andros_townsend
2023-24,728,Callum Scanlon,callum scanlon,callum_scanlon,Liverpool,DEF,30,0,9,38,FALSE,callum_scanlon,callum_scanlon
2023-24,729,Jayden Luker,jayden luker,jayden_luker,Luton,MID,30,0,9,38,FALSE,jayden_luker,jayden_luker
2023-24,730,Ryan Oné,ryan one,one_ryan,Sheffield Utd,MID,30,7,9,38,FALSE,one_ryan,one_ryan
2023-24,731,Jili Buyabu,jili buyabu,buyabu_jili,Sheffield Utd,DEF,30,0,9,38,FALSE,buyabu_jili,buyabu_jili
2023-24,732,Devan Tanton,devan tanton,devan_tanton,Fulham,DEF,29,0,10,38,FALSE,devan_tanton,devan_tanton
2023-24,733,Valintino Adedokun,valintino adedokun,adedokun_valintino,Brentford,DEF,28,0,11,38,FALSE,adedokun_valintino,adedokun_valintino
2023-24,734,Zack Nelson,zack nelson,nelson_zack,Luton,MID,28,4,11,38,FALSE,nelson_zack,nelson_zack
2023-24,735,Charles Sagoe,charles sagoe,charles_sagoe,Arsenal,MID,27,0,12,38,FALSE,charles_sagoe,charles_sagoe
2023-24,736,Reuell Walters,reuell walters,reuell_walters,Arsenal,DEF,27,0,12,38,FALSE,reuell_walters,reuell_walters
2023-24,737,Bradley Ibrahim,bradley ibrahim,bradley_ibrahim,Arsenal,MID,27,0,12,38,FALSE,bradley_ibrahim,bradley_ibrahim
2023-24,738,Amadou Diallo,amadou diallo,amadou_diallo,Newcastle,MID,27,1,12,38,FALSE,amadou_diallo,amadou_diallo
2023-24,739,Ben Parkinson,ben parkinson,ben_parkinson,Newcastle,FWD,27,24,12,38,FALSE,ben_parkinson,ben_parkinson
2023-24,740,Alfie Dorrington,alfie dorrington,alfie_dorrington,Spurs,DEF,27,0,12,38,FALSE,alfie_dorrington,alfie_dorrington
2023-24,741,Mark O’Mahony,mark o mahony,mahony_mark_o,Brighton,FWD,27,61,12,38,FALSE,mahony_mark_o,mahony_mark_o
2023-24,742,Benicio Baker-Boaitey,benicio baker boaitey,baker_benicio_boaitey,Brighton,MID,27,37,12,38,FALSE,baker_benicio_boaitey,baker_benicio_boaitey
2023-24,743,Treymaurice Nyoni,treymaurice nyoni,nyoni_treymaurice,Liverpool,MID,27,0,12,38,FALSE,nyoni_treymaurice,nyoni_treymaurice
2023-24,744,Myles Peart-Harris,myles peart harris,harris_myles_peart,Brentford,MID,27,11,12,38,FALSE,harris_myles_peart,harris_myles_peart
2023-24,745,Michael Ndiweni,michael ndiweni,michael_ndiweni,Newcastle,FWD,26,1,13,38,FALSE,michael_ndiweni,michael_ndiweni
2023-24,746,Ben Jackson,ben jackson,ben_jackson,Brighton,DEF,26,0,13,38,FALSE,ben_jackson,ben_jackson
2023-24,747,Joshua Duffus,joshua duffus,duffus_joshua,Brighton,MID,26,0,13,38,FALSE,duffus_joshua,duffus_joshua
2023-24,748,Joe Hugill,joe hugill,hugill_joe,Man Utd,FWD,26,0,13,38,FALSE,hugill_joe,hugill_joe
2023-24,749,Matthew Whittingham,matthew whittingham,matthew_whittingham,Wolves,MID,25,0,14,38,FALSE,matthew_whittingham,matthew_whittingham
2023-24,750,Tawanda Chirewa,tawanda chirewa,chirewa_tawanda,Wolves,MID,25,138,14,38,FALSE,chirewa_tawanda,chirewa_tawanda
2023-24,751,Justin Hubner,justin hubner,hubner_justin,Wolves,DEF,25,0,14,38,FALSE,hubner_justin,hubner_justin
2023-24,752,Vincent Angelini,vincent angelini,angelini_vincent,Brentford,GK,25,0,14,38,FALSE,angelini_vincent,angelini_vincent
2023-24,753,Leigh Kavanagh,leigh kavanagh,kavanagh_leigh,Brighton,DEF,25,0,14,38,FALSE,kavanagh_leigh,kavanagh_leigh
2023-24,754,Yago de Santiago Alonso,yago de santiago alonso,alonso_de_santiago_yago,Spurs,MID,25,0,14,38,FALSE,alonso_de_santiago_yago,alonso_de_santiago_yago
2023-24,755,Luca Barrington,luca barrington,barrington_luca,Brighton,MID,24,0,15,38,FALSE,barrington_luca,barrington_luca
2023-24,756,Marcelo de Araújo Pitaluga Filho,marcelo de araujo pitaluga filho,araujo_de_filho_marcelo_pitaluga,Liverpool,GK,24,0,15,38,FALSE,araujo_de_filho_marcelo_pitaluga,araujo_de_filho_marcelo_pitaluga
2023-24,757,Conor Bradley,conor bradley,bradley_conor,Liverpool,DEF,24,752,15,38,FALSE,bradley_conor,bradley_conor
2023-24,758,Leo Castledine,leo castledine,castledine_leo,Chelsea,MID,24,0,15,38,FALSE,castledine_leo,castledine_leo
2023-24,759,Sydie Peck,sydie peck,peck_sydie,Sheffield Utd,MID,23,9,16,38,FALSE,peck_sydie,peck_sydie
2023-24,760,Jenson Metcalfe,jenson metcalfe,jenson_metcalfe,Everton,MID,22,0,17,38,FALSE,jenson_metcalfe,jenson_metcalfe
2023-24,761,Elijah Campbell,elijah campbell,campbell_elijah,Everton,DEF,22,0,17,38,FALSE,campbell_elijah,campbell_elijah
2023-24,762,Mahamadou Susoho,mahamadou susoho,mahamadou_susoho,Man City,MID,22,0,17,38,FALSE,mahamadou_susoho,mahamadou_susoho
2023-24,763,Tayo Adaramola,tayo adaramola,adaramola_tayo,Crystal Palace,DEF,22,0,17,38,FALSE,adaramola_tayo,adaramola_tayo
2023-24,764,Myles Lewis-Skelly,myles lewis skelly,lewis_myles_skelly,Arsenal,MID,22,0,17,38,FALSE,lewis_myles_skelly,lewis_myles_skelly
2023-24,765,Sam Proctor,sam proctor,proctor_sam,Aston Villa,GK,22,0,17,38,FALSE,proctor_sam,proctor_sam
2023-24,766,Willy Kambwala,willy kambwala,kambwala_willy,Man Utd,DEF,22,325,17,38,FALSE,kambwala_willy,kambwala_willy
2023-24,767,Tommi O'Reilly,tommi o reilly,o_reilly_tommi,Aston Villa,MID,21,0,18,38,FALSE,o_reilly_tommi,o_reilly_tommi
2023-24,768,Rhys Bennett,rhys bennett,bennett_rhys,Man Utd,DEF,21,0,18,38,FALSE,bennett_rhys,bennett_rhys
2023-24,769,Owen Hesketh,owen hesketh,hesketh_owen,Wolves,MID,21,0,18,38,FALSE,hesketh_owen,hesketh_owen
2023-24,770,Ty Barnett,ty barnett,barnett_ty,Wolves,MID,21,0,18,38,FALSE,barnett_ty,barnett_ty
2023-24,771,Micah Hamilton,micah hamilton,hamilton_micah,Man City,MID,21,0,19,38,FALSE,hamilton_micah,hamilton_micah
2023-24,772,Ethan Nwaneri,ethan nwaneri,ethan_nwaneri,Arsenal,MID,20,13,19,38,FALSE,ethan_nwaneri,ethan_nwaneri
2023-24,773,Lewis Orford,lewis orford,lewis_orford,West Ham,MID,19,0,20,38,FALSE,lewis_orford,lewis_orford
2023-24,774,Kaelan Casey,kaelan casey,casey_kaelan,West Ham,DEF,19,1,20,38,FALSE,casey_kaelan,casey_kaelan
2023-24,775,Ben Brereton,ben brereton,ben_brereton,Sheffield Utd,MID,18,1105,21,38,FALSE,ben_brereton,ben_brereton
2023-24,776,Timo Werner,timo werner,timo_werner,Spurs,FWD,18,808,21,38,FALSE,timo_werner,timo_werner
2023-24,777,Radu Dragusin,radu dragusin,dragusin_radu,Spurs,DEF,18,424,21,38,FALSE,dragusin_radu,dragusin_radu
2023-24,778,James Wright,james wright,james_wright,Aston Villa,GK,18,0,21,38,FALSE,james_wright,james_wright
2023-24,779,Jamie McDonnell,jamie mcdonnell,jamie_mcdonnell,Nott'm Forest,MID,18,0,21,38,FALSE,jamie_mcdonnell,jamie_mcdonnell
2023-24,780,Detlef Esapa Osong,detlef esapa osong,detlef_esapa_osong,Nott'm Forest,FWD,18,0,21,38,FALSE,detlef_esapa_osong,detlef_esapa_osong
2023-24,781,Joe Gardner,joe gardner,gardner_joe,Nott'm Forest,FWD,18,0,21,38,FALSE,gardner_joe,gardner_joe
2023-24,782,Owen Beck,owen beck,beck_owen,Liverpool,DEF,18,7,21,38,FALSE,beck_owen,beck_owen
2023-24,783,Kaide Gordon,kaide gordon,gordon_kaide,Liverpool,MID,18,1,21,38,FALSE,gordon_kaide,gordon_kaide
2023-24,784,Oliver Scarles,oliver scarles,oliver_scarles,West Ham,DEF,18,0,21,38,FALSE,oliver_scarles,oliver_scarles
2023-24,785,Callum Marshall,callum marshall,callum_marshall,West Ham,FWD,18,0,21,38,FALSE,callum_marshall,callum_marshall
2023-24,786,Cameron Peupion,cameron peupion,cameron_peupion,Brighton,MID,18,0,21,38,FALSE,cameron_peupion,cameron_peupion
2023-24,787,Harvey Griffiths,harvey griffiths,griffiths_harvey,Wolves,MID,18,0,21,38,FALSE,griffiths_harvey,griffiths_harvey
2023-24,788,Yerson Mosquera,yerson mosquera,mosquera_yerson,Wolves,DEF,18,0,21,38,FALSE,mosquera_yerson,mosquera_yerson
2023-24,789,Hákon Valdimarsson,hakon valdimarsson,hakon_valdimarsson,Brentford,GK,18,0,22,38,FALSE,hakon_valdimarsson,hakon_valdimarsson
2023-24,790,Ivo Grbic,ivo grbic,grbic_ivo,Sheffield Utd,GK,17,771,22,38,FALSE,grbic_ivo,grbic_ivo
2023-24,791,Cesare Casadei,cesare casadei,casadei_cesare,Chelsea,MID,17,71,22,38,FALSE,casadei_cesare,casadei_cesare
2023-24,792,Daniel Muñoz,daniel munoz,daniel_munoz,Crystal Palace,DEF,17,1440,22,38,FALSE,daniel_munoz,daniel_munoz
2023-24,793,Kaine Kesler-Hayden,kaine kesler hayden,hayden_kaine_kesler,Aston Villa,DEF,17,5,22,38,FALSE,hayden_kaine_kesler,hayden_kaine_kesler
2023-24,794,Joe White,joe white,joe_white,Newcastle,MID,17,12,22,38,FALSE,joe_white,joe_white
2023-24,795,Travis Hernes,travis hernes,hernes_travis,Newcastle,MID,17,0,22,38,FALSE,hernes_travis,hernes_travis
2023-24,796,Kristian Sekularac,kristian sekularac,kristian_sekularac,Fulham,MID,17,0,22,38,FALSE,kristian_sekularac,kristian_sekularac
2023-24,797,Benjamin Fredrick,benjamin fredrick,benjamin_fredrick,Brentford,DEF,18,0,22,38,FALSE,benjamin_fredrick,benjamin_fredrick
2023-24,798,Daiki Hashioka,daiki hashioka,daiki_hashioka,Luton,DEF,17,592,23,38,FALSE,daiki_hashioka,daiki_hashioka
2023-24,799,Romain Faivre,romain faivre,faivre_romain,Bournemouth,MID,18,37,22,38,FALSE,faivre_romain,faivre_romain
2023-24,800,Noha Lemina,noha lemina,lemina_noha,Wolves,MID,17,0,22,38,FALSE,lemina_noha,lemina_noha
2023-24,801,Giovanni Reyna,giovanni reyna,giovanni_reyna,Nott'm Forest,MID,16,228,23,38,FALSE,giovanni_reyna,giovanni_reyna
2023-24,802,Max Kinsey,max kinsey,kinsey_max,Bournemouth,DEF,18,0,22,38,FALSE,kinsey_max,kinsey_max
2023-24,803,Morgan Rogers,morgan rogers,morgan_rogers,Aston Villa,MID,16,636,23,38,FALSE,morgan_rogers,morgan_rogers
2023-24,804,Enes Ünal,enes unal,enes_unal,Bournemouth,FWD,17,317,23,38,FALSE,enes_unal,enes_unal
2023-24,805,Lorenz Assignon,lorenz assignon,assignon_lorenz,Burnley,DEF,16,1235,23,38,FALSE,assignon_lorenz,assignon_lorenz
2023-24,806,Maxime Esteve,maxime esteve,esteve_maxime,Burnley,DEF,16,1310,23,38,FALSE,esteve_maxime,esteve_maxime
2023-24,807,Adam Wharton,adam wharton,adam_wharton,Crystal Palace,MID,16,1296,23,38,FALSE,adam_wharton,adam_wharton
2023-24,808,Matz Sels,matz sels,matz_sels,Nott'm Forest,GK,16,1440,23,38,FALSE,matz_sels,matz_sels
2023-24,809,Rodrigo Duarte Ribeiro,rodrigo duarte ribeiro,duarte_ribeiro_rodrigo,Nott'm Forest,FWD,16,14,23,38,FALSE,duarte_ribeiro_rodrigo,duarte_ribeiro_rodrigo
2023-24,810,Joshua King,joshua king,joshua_king,Fulham,MID,16,0,23,38,FALSE,joshua_king,joshua_king
2023-24,811,Dominic Sadi,dominic sadi,dominic_sadi,Bournemouth,MID,16,1,24,38,FALSE,dominic_sadi,dominic_sadi
2023-24,812,Lewis Koumas,lewis koumas,koumas_lewis,Liverpool,FWD,15,0,24,38,FALSE,koumas_lewis,koumas_lewis
2023-24,813,Fabian Mrozek,fabian mrozek,fabian_mrozek,Liverpool,GK,15,0,24,38,FALSE,fabian_mrozek,fabian_mrozek
2023-24,814,Jacob Wright,jacob wright,jacob_wright,Man City,MID,16,0,24,38,FALSE,jacob_wright,jacob_wright
2023-24,815,Mauro Bandeira,mauro bandeira,bandeira_mauro,Arsenal,MID,15,0,24,38,FALSE,bandeira_mauro,bandeira_mauro
2023-24,816,Valentín Barco,valentin barco,barco_valentin,Brighton,DEF,14,307,25,38,FALSE,barco_valentin,barco_valentin
2023-24,817,James Sweet,james sweet,james_sweet,Arsenal,DEF,14,0,25,38,FALSE,james_sweet,james_sweet
2023-24,818,Joe Gauci,joe gauci,gauci_joe,Aston Villa,GK,14,0,25,38,FALSE,gauci_joe,gauci_joe
2023-24,819,Ishé Samuels-Smith,ishe samuels smith,ishe_samuels_smith,Chelsea,DEF,14,0,25,38,FALSE,ishe_samuels_smith,ishe_samuels_smith
2023-24,820,Ollie Harrison,ollie harrison,harrison_ollie,Chelsea,MID,14,0,25,38,FALSE,harrison_ollie,harrison_ollie
2023-24,821,Franco Umeh-Chibueze,franco umeh chibueze,chibueze_franco_umeh,Crystal Palace,FWD,14,0,25,38,FALSE,chibueze_franco_umeh,chibueze_franco_umeh
2023-24,822,Billy Blacker,billy blacker,billy_blacker,Sheffield Utd,FWD,14,0,25,38,FALSE,billy_blacker,billy_blacker
2023-24,823,Oliver Arblaster,oliver arblaster,arblaster_oliver,Sheffield Utd,MID,14,942,25,38,FALSE,arblaster_oliver,arblaster_oliver
2023-24,824,Jayden Danns,jayden danns,danns_jayden,Liverpool,FWD,14,7,25,38,FALSE,danns_jayden,danns_jayden
2023-24,825,Kaden Rodney,kaden rodney,kaden_rodney,Crystal Palace,MID,13,0,26,38,FALSE,kaden_rodney,kaden_rodney
2023-24,826,Toby Collyer,toby collyer,collyer_toby,Man Utd,MID,13,0,26,38,FALSE,collyer_toby,collyer_toby
2023-24,827,Dovydas Sasnauskas,dovydas sasnauskas,dovydas_sasnauskas,Sheffield Utd,DEF,13,0,26,38,FALSE,dovydas_sasnauskas,dovydas_sasnauskas
2023-24,828,Sam Curtis,sam curtis,curtis_sam,Sheffield Utd,DEF,13,27,26,38,FALSE,curtis_sam,curtis_sam
2023-24,829,George Earthy,george earthy,earthy_george,West Ham,MID,13,33,26,38,FALSE,earthy_george,earthy_george
2023-24,830,Jimi Tauriainen,jimi tauriainen,jimi_tauriainen,Chelsea,MID,13,1,27,38,FALSE,jimi_tauriainen,jimi_tauriainen
2023-24,831,Axel Piesold,axel piesold,axel_piesold,Luton,MID,13,0,27,38,FALSE,axel_piesold,axel_piesold
2023-24,832,Wesley Okoduwa,wesley okoduwa,okoduwa_wesley,Wolves,DEF,12,0,27,38,FALSE,okoduwa_wesley,okoduwa_wesley
2023-24,833,Habeeb Ogunneye,habeeb ogunneye,habeeb_ogunneye,Man Utd,DEF,12,0,27,38,FALSE,habeeb_ogunneye,habeeb_ogunneye
2023-24,834,Benjamin Arthur,benjamin arthur,arthur_benjamin,Brentford,DEF,11,0,28,38,FALSE,arthur_benjamin,arthur_benjamin
2023-24,835,Dermot Mee,dermot mee,dermot_mee,Man Utd,GK,11,0,28,38,FALSE,dermot_mee,dermot_mee
2023-24,836,Leon Chiwome,leon chiwome,chiwome_leon,Wolves,FWD,11,173,28,38,FALSE,chiwome_leon,chiwome_leon
2023-24,837,Amara Nallo,amara nallo,amara_nallo,Liverpool,DEF,11,0,28,38,FALSE,amara_nallo,amara_nallo
2023-24,838,Josh Acheampong,josh acheampong,acheampong_josh,Chelsea,DEF,12,5,28,38,FALSE,acheampong_josh,acheampong_josh
2023-24,839,Dominic Dos Santos Martins,dominic dos santos martins,dominic_dos_martins_santos,Luton,MID,12,0,28,38,FALSE,dominic_dos_martins_santos,dominic_dos_martins_santos
2023-24,840,Fletcher Holman,fletcher holman,fletcher_holman,Wolves,FWD,10,0,30,38,FALSE,fletcher_holman,fletcher_holman
2023-24,841,Lewis Warrington,lewis warrington,lewis_warrington,Everton,MID,10,1,30,38,FALSE,lewis_warrington,lewis_warrington
2023-24,842,Roshaun Mathurin,roshaun mathurin,mathurin_roshaun,Crystal Palace,MID,10,0,30,38,FALSE,mathurin_roshaun,mathurin_roshaun
2023-24,843,Samy Chouchane,samy chouchane,chouchane_samy,Brighton,MID,10,0,30,38,FALSE,chouchane_samy,chouchane_samy
2023-24,844,Christian Chigozie,christian chigozie,chigozie_christian,Luton,DEF,8,0,31,38,FALSE,chigozie_christian,chigozie_christian
2023-24,845,Odeluga Offiah,odeluga offiah,odeluga_offiah,Brighton,DEF,9,126,31,38,FALSE,odeluga_offiah,odeluga_offiah
2023-24,846,Harry Amass,harry amass,amass_harry,Man Utd,DEF,8,0,32,38,FALSE,amass_harry,amass_harry
2023-24,847,Teddy Sharman-Lowe,teddy sharman lowe,lowe_sharman_teddy,Chelsea,GK,9,0,32,38,FALSE,lowe_sharman_teddy,lowe_sharman_teddy
2023-24,848,Taylan Harris,taylan harris,harris_taylan,Luton,FWD,6,0,33,38,FALSE,harris_taylan,harris_taylan
2023-24,849,Michael Dacosta Gonzalez,michael dacosta gonzalez,dacosta_gonzalez_michael,Bournemouth,MID,7,0,33,38,FALSE,dacosta_gonzalez_michael,dacosta_gonzalez_michael
2023-24,850,Ethan Wheatley,ethan wheatley,ethan_wheatley,Man Utd,FWD,7,13,33,38,FALSE,ethan_wheatley,ethan_wheatley
2023-24,851,Tyrique George,tyrique george,george_tyrique,Chelsea,FWD,8,0,33,38,FALSE,george_tyrique,george_tyrique
2023-24,852,Kiano Dyer,kiano dyer,dyer_kiano,Chelsea,MID,8,0,33,38,FALSE,dyer_kiano,dyer_kiano
2023-24,853,Temple Ojinnaka,temple ojinnaka,ojinnaka_temple,Wolves,MID,6,0,34,38,FALSE,ojinnaka_temple,ojinnaka_temple
2023-24,854,Finley Munroe,finley munroe,finley_munroe,Aston Villa,DEF,5,3,34,38,FALSE,finley_munroe,finley_munroe
2023-24,855,Callan McKenna,callan mckenna,callan_mckenna,Bournemouth,GK,6,0,34,38,FALSE,callan_mckenna,callan_mckenna
2023-24,856,Louis Jackson,louis jackson,jackson_louis,Man Utd,DEF,6,0,34,38,FALSE,jackson_louis,jackson_louis
2023-24,857,Owen Hampson,owen hampson,hampson_owen,Sheffield Utd,MID,6,0,34,38,FALSE,hampson_owen,hampson_owen
2023-24,858,Ted Curd,ted curd,curd_ted,Chelsea,GK,6,0,35,38,FALSE,curd_ted,curd_ted
2023-24,859,Zak Sturge,zak sturge,sturge_zak,Chelsea,DEF,6,0,35,38,FALSE,sturge_zak,sturge_zak
2023-24,860,Mikey Moore,mikey moore,mikey_moore,Spurs,MID,6,3,35,38,FALSE,mikey_moore,mikey_moore
2023-24,861,Noël Atom,noel atom,atom_noel,Brighton,DEF,3,0,37,38,FALSE,atom_noel,atom_noel
2023-24,862,Tyrese Hall,tyrese hall,hall_tyrese,Spurs,MID,3,0,37,38,FALSE,hall_tyrese,hall_tyrese
2023-24,863,Billy Crellin,billy crellin,billy_crellin,Everton,GK,1,0,38,38,FALSE,billy_crellin,billy_crellin
2023-24,864,Yunus Konak,yunus konak,konak_yunus,Brentford,MID,1,0,38,38,FALSE,konak_yunus,konak_yunus
2023-24,865,Kadan Young,kadan young,kadan_young,Aston Villa,MID,1,0,38,38,FALSE,kadan_young,kadan_young
2023-24,866,Lander Emery,lander emery,emery_lander,Aston Villa,GK,1,0,38,38,FALSE,emery_lander,emery_lander
2024-25,1,Fábio Ferreira Vieira,fabio ferreira vieira,fabio_ferreira_vieira,Arsenal,MID,38,0,1,38,FALSE,fabio_ferreira_vieira,fabio_ferreira_vieira
2024-25,2,Gabriel Fernando de Jesus,gabriel fernando de jesus,de_fernando_gabriel_jesus,Arsenal,FWD,38,600,1,38,FALSE,de_fernando_gabriel_jesus,de_fernando_gabriel_jesus
2024-25,3,Gabriel dos Santos Magalhães,gabriel dos santos magalhaes,dos_gabriel_magalhaes_santos,Arsenal,DEF,38,2363,1,38,FALSE,dos_gabriel_magalhaes_santos,dos_gabriel_magalhaes_santos
2024-25,4,Kai Havertz,kai havertz,havertz_kai,Arsenal,FWD,38,1872,1,38,FALSE,havertz_kai,havertz_kai
2024-25,5,Karl Hein,karl hein,hein_karl,Arsenal,GK,38,0,1,38,FALSE,hein_karl,hein_karl
2024-25,6,Jurriën Timber,jurrien timber,jurrien_timber,Arsenal,DEF,38,2415,1,38,FALSE,jurrien_timber,jurrien_timber
2024-25,7,Jorge Luiz Frello Filho,jorge luiz frello filho,filho_frello_jorge_luiz,Arsenal,MID,38,701,1,38,FALSE,filho_frello_jorge_luiz,filho_frello_jorge_luiz
2024-25,8,Jakub Kiwior,jakub kiwior,jakub_kiwior,Arsenal,DEF,38,1117,1,38,FALSE,jakub_kiwior,jakub_kiwior
2024-25,9,Gabriel Martinelli Silva,gabriel martinelli silva,gabriel_martinelli_silva,Arsenal,MID,38,2284,1,38,FALSE,gabriel_martinelli_silva,gabriel_martinelli_silva
2024-25,10,Reiss Nelson,reiss nelson,nelson_reiss,Arsenal/Fulham,MID,38,483,1,38,FALSE,nelson_reiss,nelson_reiss
2024-25,11,Eddie Nketiah,eddie nketiah,eddie_nketiah,Arsenal/Crystal Palace,FWD,38,1018,1,38,FALSE,eddie_nketiah,eddie_nketiah
2024-25,12,Ethan Nwaneri,ethan nwaneri,ethan_nwaneri,Arsenal,MID,38,882,1,38,FALSE,ethan_nwaneri,ethan_nwaneri
2024-25,13,Martin Ødegaard,martin odegaard,martin_odegaard,Arsenal,MID,38,2321,1,38,FALSE,martin_odegaard,martin_odegaard
2024-25,14,Aaron Ramsdale,aaron ramsdale,aaron_ramsdale,Arsenal/Southampton,GK,38,2700,1,38,FALSE,aaron_ramsdale,aaron_ramsdale
2024-25,15,David Raya Martin,david raya martin,david_martin_raya,Arsenal,GK,38,3420,1,38,FALSE,david_martin_raya,david_martin_raya
2024-25,16,Declan Rice,declan rice,declan_rice,Arsenal,MID,38,2823,1,38,FALSE,declan_rice,declan_rice
2024-25,17,Bukayo Saka,bukayo saka,bukayo_saka,Arsenal,MID,38,1724,1,38,FALSE,bukayo_saka,bukayo_saka
2024-25,18,William Saliba,william saliba,saliba_william,Arsenal,DEF,38,3039,1,38,FALSE,saliba_william,saliba_william
2024-25,19,Emile Smith Rowe,emile smith rowe,emile_rowe_smith,Fulham,MID,38,2036,1,38,FALSE,emile_rowe_smith,emile_rowe_smith
2024-25,20,Thomas Partey,thomas partey,partey_thomas,Arsenal,MID,38,2793,1,38,FALSE,partey_thomas,partey_thomas
2024-25,21,Kieran Tierney,kieran tierney,kieran_tierney,Arsenal,DEF,38,250,1,38,FALSE,kieran_tierney,kieran_tierney
2024-25,22,Tomiyasu Takehiro,tomiyasu takehiro,takehiro_tomiyasu,Arsenal,DEF,38,6,1,38,FALSE,takehiro_tomiyasu,takehiro_tomiyasu
2024-25,23,Leandro Trossard,leandro trossard,leandro_trossard,Arsenal,MID,38,2546,1,38,FALSE,leandro_trossard,leandro_trossard
2024-25,24,Benjamin White,benjamin white,benjamin_white,Arsenal,DEF,38,1195,1,38,FALSE,benjamin_white,benjamin_white
2024-25,25,Oleksandr Zinchenko,oleksandr zinchenko,oleksandr_zinchenko,Arsenal,DEF,38,518,1,38,FALSE,oleksandr_zinchenko,oleksandr_zinchenko
2024-25,26,Álex Moreno Lopera,alex moreno lopera,alex_lopera_moreno,Aston Villa/Nott'm Forest,DEF,38,952,1,38,FALSE,alex_lopera_moreno,alex_lopera_moreno
2024-25,27,Cameron Archer,cameron archer,archer_cameron,Southampton,FWD,38,1421,1,38,FALSE,archer_cameron,archer_cameron
2024-25,28,Leon Bailey,leon bailey,bailey_leon,Aston Villa,MID,38,1132,1,38,FALSE,bailey_leon,bailey_leon
2024-25,29,Ross Barkley,ross barkley,barkley_ross,Aston Villa,MID,38,567,1,38,FALSE,barkley_ross,barkley_ross
2024-25,30,Enzo Barrenechea,enzo barrenechea,barrenechea_enzo,Aston Villa,MID,38,0,1,38,FALSE,barrenechea_enzo,barrenechea_enzo
2024-25,31,Emiliano Buendía Stati,emiliano buendia stati,buendia_emiliano_stati,Aston Villa,MID,38,89,1,38,FALSE,buendia_emiliano_stati,buendia_emiliano_stati
2024-25,32,Matty Cash,matty cash,cash_matty,Aston Villa,DEF,38,2069,1,38,FALSE,cash_matty,cash_matty
2024-25,33,Leander Dendoncker,leander dendoncker,dendoncker_leander,Aston Villa,MID,38,0,1,38,FALSE,dendoncker_leander,dendoncker_leander
2024-25,34,Moussa Diaby,moussa diaby,diaby_moussa,Aston Villa,MID,38,0,1,38,FALSE,diaby_moussa,diaby_moussa
2024-25,35,Diego Carlos Santos Silva,diego carlos santos silva,carlos_diego_santos_silva,Aston Villa,DEF,38,828,1,38,FALSE,carlos_diego_santos_silva,carlos_diego_santos_silva
2024-25,36,Lucas Digne,lucas digne,digne_lucas,Aston Villa,DEF,38,2348,1,38,FALSE,digne_lucas,digne_lucas
2024-25,37,Lewis Dobbin,lewis dobbin,dobbin_lewis,Aston Villa,MID,38,0,1,38,FALSE,dobbin_lewis,dobbin_lewis
2024-25,38,Jhon Durán,jhon duran,duran_jhon,Aston Villa,FWD,38,622,1,38,FALSE,duran_jhon,duran_jhon
2024-25,39,Joe Gauci,joe gauci,gauci_joe,Aston Villa,GK,38,0,1,38,FALSE,gauci_joe,gauci_joe
2024-25,40,Kortney Hause,kortney hause,hause_kortney,Aston Villa,DEF,38,0,1,38,FALSE,hause_kortney,hause_kortney
2024-25,41,Samuel Iling-Junior,samuel iling junior,iling_junior_samuel,Aston Villa,MID,38,0,1,38,FALSE,iling_junior_samuel,iling_junior_samuel
2024-25,42,Boubacar Kamara,boubacar kamara,boubacar_kamara,Aston Villa,MID,38,1720,1,38,FALSE,boubacar_kamara,boubacar_kamara
2024-25,43,Kaine Kesler-Hayden,kaine kesler hayden,hayden_kaine_kesler,Aston Villa,DEF,38,0,1,38,FALSE,hayden_kaine_kesler,hayden_kaine_kesler
2024-25,44,Ezri Konsa Ngoyo,ezri konsa ngoyo,ezri_konsa_ngoyo,Aston Villa,DEF,38,2936,1,38,FALSE,ezri_konsa_ngoyo,ezri_konsa_ngoyo
2024-25,45,Ian Maatsen,ian maatsen,ian_maatsen,Aston Villa,DEF,38,1125,1,38,FALSE,ian_maatsen,ian_maatsen
2024-25,46,Filip Marschall,filip marschall,filip_marschall,Aston Villa,GK,38,0,1,38,FALSE,filip_marschall,filip_marschall
2024-25,47,Emiliano Martínez Romero,emiliano martinez romero,emiliano_martinez_romero,Aston Villa,GK,38,3195,1,38,FALSE,emiliano_martinez_romero,emiliano_martinez_romero
2024-25,48,John McGinn,john mcginn,john_mcginn,Aston Villa,MID,38,2217,1,38,FALSE,john_mcginn,john_mcginn
2024-25,49,Tyrone Mings,tyrone mings,mings_tyrone,Aston Villa,DEF,38,1119,1,38,FALSE,mings_tyrone,mings_tyrone
2024-25,50,Kosta Nedeljković,kosta nedeljkovic,kosta_nedeljkovic,Aston Villa,DEF,38,121,1,38,FALSE,kosta_nedeljkovic,kosta_nedeljkovic
2024-25,51,Robin Olsen,robin olsen,olsen_robin,Aston Villa,GK,38,225,1,38,FALSE,olsen_robin,olsen_robin
2024-25,52,Pau Torres,pau torres,pau_torres,Aston Villa,DEF,38,2019,1,38,FALSE,pau_torres,pau_torres
2024-25,53,Jacob Ramsey,jacob ramsey,jacob_ramsey,Aston Villa,MID,38,1616,1,38,FALSE,jacob_ramsey,jacob_ramsey
2024-25,54,Morgan Rogers,morgan rogers,morgan_rogers,Aston Villa,MID,38,3115,1,38,FALSE,morgan_rogers,morgan_rogers
2024-25,55,Viljami Sinisalo,viljami sinisalo,sinisalo_viljami,Aston Villa,GK,38,0,1,38,FALSE,sinisalo_viljami,sinisalo_viljami
2024-25,56,Lino da Cruz Sousa,lino da cruz sousa,cruz_da_lino_sousa,Aston Villa,DEF,38,0,1,38,FALSE,cruz_da_lino_sousa,cruz_da_lino_sousa
2024-25,57,Youri Tielemans,youri tielemans,tielemans_youri,Aston Villa,MID,38,3025,1,38,FALSE,tielemans_youri,tielemans_youri
2024-25,58,Ollie Watkins,ollie watkins,ollie_watkins,Aston Villa,FWD,38,2593,1,38,FALSE,ollie_watkins,ollie_watkins
2024-25,59,Max Aarons,max aarons,aarons_max,Bournemouth,DEF,38,84,1,38,FALSE,aarons_max,aarons_max
2024-25,60,Tyler Adams,tyler adams,adams_tyler,Bournemouth,MID,38,1959,1,38,FALSE,adams_tyler,adams_tyler
2024-25,61,Jaidon Anthony,jaidon anthony,anthony_jaidon,Bournemouth,MID,38,0,1,38,FALSE,anthony_jaidon,anthony_jaidon
2024-25,62,David Brooks,david brooks,brooks_david,Bournemouth,MID,38,941,1,38,FALSE,brooks_david,brooks_david
2024-25,63,Ryan Christie,ryan christie,christie_ryan,Bournemouth,MID,38,2114,1,38,FALSE,christie_ryan,christie_ryan
2024-25,64,Lewis Cook,lewis cook,cook_lewis,Bournemouth,MID,38,2976,1,38,FALSE,cook_lewis,cook_lewis
2024-25,65,Enes Ünal,enes unal,enes_unal,Bournemouth,FWD,38,330,1,38,FALSE,enes_unal,enes_unal
2024-25,66,Romain Faivre,romain faivre,faivre_romain,Bournemouth,MID,38,0,1,38,FALSE,faivre_romain,faivre_romain
2024-25,67,Hamed Traorè,hamed traore,hamed_traore,Bournemouth,MID,38,0,1,38,FALSE,hamed_traore,hamed_traore
2024-25,68,James Hill,james hill,hill_james,Bournemouth,DEF,38,443,1,38,FALSE,hill_james,hill_james
2024-25,69,Daniel Jebbison,daniel jebbison,daniel_jebbison,Bournemouth,FWD,38,105,1,38,FALSE,daniel_jebbison,daniel_jebbison
2024-25,70,Milos Kerkez,milos kerkez,kerkez_milos,Bournemouth,DEF,38,3336,1,38,FALSE,kerkez_milos,kerkez_milos
2024-25,71,Justin Kluivert,justin kluivert,justin_kluivert,Bournemouth,MID,38,2339,1,38,FALSE,justin_kluivert,justin_kluivert
2024-25,72,Chris Mepham,chris mepham,chris_mepham,Bournemouth,DEF,38,0,1,38,FALSE,chris_mepham,chris_mepham
2024-25,73,Norberto Murara Neto,norberto murara neto,murara_neto_norberto,Arsenal/Bournemouth,GK,38,180,1,38,FALSE,murara_neto_norberto,murara_neto_norberto
2024-25,74,Dango Ouattara,dango ouattara,dango_ouattara,Bournemouth,MID,38,1998,1,38,FALSE,dango_ouattara,dango_ouattara
2024-25,75,Alex Paulsen,alex paulsen,alex_paulsen,Bournemouth,GK,38,0,1,38,FALSE,alex_paulsen,alex_paulsen
2024-25,76,Philip Billing,philip billing,billing_philip,Bournemouth,MID,38,176,1,38,FALSE,billing_philip,billing_philip
2024-25,77,Alex Scott,alex scott,alex_scott,Bournemouth,MID,38,745,1,38,FALSE,alex_scott,alex_scott
2024-25,78,Antoine Semenyo,antoine semenyo,antoine_semenyo,Bournemouth,MID,38,3202,1,38,FALSE,antoine_semenyo,antoine_semenyo
2024-25,79,Marcos Senesi,marcos senesi,marcos_senesi,Bournemouth,DEF,38,1103,1,38,FALSE,marcos_senesi,marcos_senesi
2024-25,80,Luis Sinisterra,luis sinisterra,luis_sinisterra,Bournemouth,MID,38,229,1,38,FALSE,luis_sinisterra,luis_sinisterra
2024-25,81,Adam Smith,adam smith,adam_smith,Bournemouth,DEF,38,1586,1,38,FALSE,adam_smith,adam_smith
2024-25,82,Dominic Solanke-Mitchell,dominic solanke mitchell,dominic_mitchell_solanke,Spurs,FWD,38,2199,1,38,FALSE,dominic_mitchell_solanke,dominic_mitchell_solanke
2024-25,83,Marcus Tavernier,marcus tavernier,marcus_tavernier,Bournemouth,MID,38,1932,1,38,FALSE,marcus_tavernier,marcus_tavernier
2024-25,84,Mark Travers,mark travers,mark_travers,Bournemouth,GK,38,450,1,38,FALSE,mark_travers,mark_travers
2024-25,85,Illia Zabarnyi,illia zabarnyi,illia_zabarnyi,Bournemouth,DEF,38,3109,1,38,FALSE,illia_zabarnyi,illia_zabarnyi
2024-25,86,Kristoffer Ajer,kristoffer ajer,ajer_kristoffer,Brentford,DEF,38,1433,1,38,FALSE,ajer_kristoffer,ajer_kristoffer
2024-25,87,Ethan Brierley,ethan brierley,brierley_ethan,Brentford,MID,38,0,1,38,FALSE,brierley_ethan,brierley_ethan
2024-25,88,Nathan Collins,nathan collins,collins_nathan,Brentford,DEF,38,3420,1,38,FALSE,collins_nathan,collins_nathan
2024-25,89,Mikkel Damsgaard,mikkel damsgaard,damsgaard_mikkel,Brentford,MID,38,2911,1,38,FALSE,damsgaard_mikkel,damsgaard_mikkel
2024-25,90,Josh Dasilva,josh dasilva,dasilva_josh,Brentford,MID,38,0,1,38,FALSE,dasilva_josh,dasilva_josh
2024-25,91,Mark Flekken,mark flekken,flekken_mark,Brentford,GK,38,3275,1,38,FALSE,flekken_mark,flekken_mark
2024-25,92,Rico Henry,rico henry,henry_rico,Brentford,DEF,38,94,1,38,FALSE,henry_rico,henry_rico
2024-25,93,Aaron Hickey,aaron hickey,aaron_hickey,Brentford,DEF,38,0,1,38,FALSE,aaron_hickey,aaron_hickey
2024-25,94,Vitaly Janelt,vitaly janelt,janelt_vitaly,Brentford,MID,38,2251,1,38,FALSE,janelt_vitaly,janelt_vitaly
2024-25,95,Mathias Jensen,mathias jensen,jensen_mathias,Brentford,MID,38,846,1,38,FALSE,jensen_mathias,jensen_mathias
2024-25,96,Kim Ji-soo,kim ji soo,ji_kim_soo,Brentford,DEF,38,28,1,38,FALSE,ji_kim_soo,ji_kim_soo
2024-25,97,Yunus Emre Konak,yunus emre konak,emre_konak_yunus,Brentford,MID,38,53,1,38,FALSE,emre_konak_yunus,emre_konak_yunus
2024-25,98,Keane Lewis-Potter,keane lewis potter,keane_lewis_potter,Brentford,MID,38,3092,1,38,FALSE,keane_lewis_potter,keane_lewis_potter
2024-25,99,Bryan Mbeumo,bryan mbeumo,bryan_mbeumo,Brentford,MID,38,3415,1,38,FALSE,bryan_mbeumo,bryan_mbeumo
2024-25,100,Ben Mee,ben mee,ben_mee,Brentford,DEF,38,180,1,38,FALSE,ben_mee,ben_mee
2024-25,101,Christian Nørgaard,christian norgaard,christian_norgaard,Brentford,MID,38,2820,1,38,FALSE,christian_norgaard,christian_norgaard
2024-25,102,Frank Onyeka,frank onyeka,frank_onyeka,Brentford,MID,38,23,1,38,FALSE,frank_onyeka,frank_onyeka
2024-25,103,Myles Peart-Harris,myles peart harris,harris_myles_peart,Brentford,MID,38,0,1,38,FALSE,harris_myles_peart,harris_myles_peart
2024-25,104,Ethan Pinnock,ethan pinnock,ethan_pinnock,Brentford,DEF,38,1912,1,38,FALSE,ethan_pinnock,ethan_pinnock
2024-25,105,Mads Roerslev Rasmussen,mads roerslev rasmussen,mads_rasmussen_roerslev,Brentford,DEF,38,1100,1,38,FALSE,mads_rasmussen_roerslev,mads_rasmussen_roerslev
2024-25,106,Kevin Schade,kevin schade,kevin_schade,Brentford,MID,38,2281,1,38,FALSE,kevin_schade,kevin_schade
2024-25,107,Igor Thiago Nascimento Rodrigues,igor thiago nascimento rodrigues,igor_nascimento_rodrigues_thiago,Brentford,FWD,38,167,1,38,FALSE,igor_nascimento_rodrigues_thiago,igor_nascimento_rodrigues_thiago
2024-25,108,Ivan Toney,ivan toney,ivan_toney,Brentford,FWD,38,0,1,38,FALSE,ivan_toney,ivan_toney
2024-25,109,Hákon Valdimarsson,hakon valdimarsson,hakon_valdimarsson,Brentford,GK,38,144,1,38,FALSE,hakon_valdimarsson,hakon_valdimarsson
2024-25,110,Yoane Wissa,yoane wissa,wissa_yoane,Brentford,FWD,38,2921,1,38,FALSE,wissa_yoane,wissa_yoane
2024-25,111,Yehor Yarmoliuk,yehor yarmoliuk,yarmoliuk_yehor,Brentford,MID,38,1435,1,38,FALSE,yarmoliuk_yehor,yarmoliuk_yehor
2024-25,112,Mathias Jorgensen,mathias jorgensen,jorgensen_mathias,Brentford,DEF,38,0,1,38,FALSE,jorgensen_mathias,jorgensen_mathias
2024-25,113,Simon Adingra,simon adingra,adingra_simon,Brighton,MID,38,1081,1,38,FALSE,adingra_simon,adingra_simon
2024-25,114,Benicio Baker-Boaitey,benicio baker boaitey,baker_benicio_boaitey,Brighton,MID,38,0,1,38,FALSE,baker_benicio_boaitey,baker_benicio_boaitey
2024-25,115,Carlos Baleba,carlos baleba,baleba_carlos,Brighton,MID,38,2660,1,38,FALSE,baleba_carlos,baleba_carlos
2024-25,116,Valentín Barco,valentin barco,barco_valentin,Brighton,DEF,38,0,1,38,FALSE,barco_valentin,barco_valentin
2024-25,117,Facundo Buonanotte,facundo buonanotte,buonanotte_facundo,Leicester,MID,38,1508,1,38,FALSE,buonanotte_facundo,buonanotte_facundo
2024-25,118,Amario Cozier-Duberry,amario cozier duberry,amario_cozier_duberry,Brighton,MID,38,0,1,38,FALSE,amario_cozier_duberry,amario_cozier_duberry
2024-25,119,Mahmoud Dahoud,mahmoud dahoud,dahoud_mahmoud,Brighton,MID,38,0,1,38,FALSE,dahoud_mahmoud,dahoud_mahmoud
2024-25,120,Lewis Dunk,lewis dunk,dunk_lewis,Brighton,DEF,38,2081,1,38,FALSE,dunk_lewis,dunk_lewis
2024-25,121,Julio Enciso,julio enciso,enciso_julio,Brighton/Ipswich,MID,38,1155,1,38,FALSE,enciso_julio,enciso_julio
2024-25,122,Pervis Estupiñán,pervis estupinan,estupinan_pervis,Brighton,DEF,38,2399,1,38,FALSE,estupinan_pervis,estupinan_pervis
2024-25,123,Evan Ferguson,evan ferguson,evan_ferguson,Brighton/West Ham,FWD,38,368,1,38,FALSE,evan_ferguson,evan_ferguson
2024-25,124,Billy Gilmour,billy gilmour,billy_gilmour,Brighton,MID,38,97,1,38,FALSE,billy_gilmour,billy_gilmour
2024-25,125,Pascal Groß,pascal gross,gross_pascal,Brighton,MID,38,0,1,38,FALSE,gross_pascal,gross_pascal
2024-25,126,Jack Hinshelwood,jack hinshelwood,hinshelwood_jack,Brighton,MID,38,1839,1,38,FALSE,hinshelwood_jack,hinshelwood_jack
2024-25,127,Ibrahim Osman,ibrahim osman,ibrahim_osman,Brighton,MID,38,0,1,38,FALSE,ibrahim_osman,ibrahim_osman
2024-25,128,Igor Julio dos Santos de Paulo,igor julio dos santos de paulo,de_dos_igor_julio_paulo_santos,Brighton,DEF,38,959,1,38,FALSE,de_dos_igor_julio_paulo_santos,de_dos_igor_julio_paulo_santos
2024-25,129,João Pedro Junqueira de Jesus,joao pedro junqueira de jesus,de_jesus_joao_junqueira_pedro,Brighton,FWD,38,1946,1,38,FALSE,de_jesus_joao_junqueira_pedro,de_jesus_joao_junqueira_pedro
2024-25,130,Kacper Kozłowski,kacper kozlowski,kacper_kozlowski,Brighton,MID,38,0,1,38,FALSE,kacper_kozlowski,kacper_kozlowski
2024-25,131,Tariq Lamptey,tariq lamptey,lamptey_tariq,Brighton,DEF,38,856,1,38,FALSE,lamptey_tariq,lamptey_tariq
2024-25,132,Solly March,solly march,march_solly,Brighton,MID,38,161,1,38,FALSE,march_solly,march_solly
2024-25,133,Adrian Mazilu,adrian mazilu,adrian_mazilu,Brighton,MID,38,0,1,38,FALSE,adrian_mazilu,adrian_mazilu
2024-25,134,James Milner,james milner,james_milner,Brighton,MID,38,170,1,38,FALSE,james_milner,james_milner
2024-25,135,Yankuba Minteh,yankuba minteh,minteh_yankuba,Brighton,MID,38,1831,1,38,FALSE,minteh_yankuba,minteh_yankuba
2024-25,136,Mitoma Kaoru,mitoma kaoru,kaoru_mitoma,Brighton,MID,38,2597,1,38,FALSE,kaoru_mitoma,kaoru_mitoma
2024-25,137,Jakub Moder,jakub moder,jakub_moder,Brighton,MID,38,9,1,38,FALSE,jakub_moder,jakub_moder
2024-25,138,Mark O’Mahony,mark o mahony,mahony_mark_o,Brighton,FWD,38,0,1,38,FALSE,mahony_mark_o,mahony_mark_o
2024-25,139,Odeluga Offiah,odeluga offiah,odeluga_offiah,Brighton,DEF,38,0,1,38,FALSE,odeluga_offiah,odeluga_offiah
2024-25,140,Cameron Peupion,cameron peupion,cameron_peupion,Brighton,MID,38,0,1,38,FALSE,cameron_peupion,cameron_peupion
2024-25,141,Jeremy Sarmiento Morante,jeremy sarmiento morante,jeremy_morante_sarmiento,Brighton,MID,38,8,1,38,FALSE,jeremy_morante_sarmiento,jeremy_morante_sarmiento
2024-25,142,Jason Steele,jason steele,jason_steele,Brighton,GK,38,180,1,38,FALSE,jason_steele,jason_steele
2024-25,143,Deniz Undav,deniz undav,deniz_undav,Brighton,FWD,38,0,1,38,FALSE,deniz_undav,deniz_undav
2024-25,144,Jan Paul van Hecke,jan paul van hecke,hecke_jan_paul_van,Brighton,DEF,38,2960,1,38,FALSE,hecke_jan_paul_van,hecke_jan_paul_van
2024-25,145,Joël Veltman,joel veltman,joel_veltman,Brighton,DEF,38,1694,1,38,FALSE,joel_veltman,joel_veltman
2024-25,146,Bart Verbruggen,bart verbruggen,bart_verbruggen,Brighton,GK,38,3240,1,38,FALSE,bart_verbruggen,bart_verbruggen
2024-25,147,Adam Webster,adam webster,adam_webster,Brighton,DEF,38,885,1,38,FALSE,adam_webster,adam_webster
2024-25,148,Danny Welbeck,danny welbeck,danny_welbeck,Brighton,FWD,38,2109,1,38,FALSE,danny_welbeck,danny_welbeck
2024-25,149,Mats Wieffer,mats wieffer,mats_wieffer,Brighton,MID,38,1003,1,38,FALSE,mats_wieffer,mats_wieffer
2024-25,150,Andrey Nascimento dos Santos,andrey nascimento dos santos,andrey_dos_nascimento_santos,Chelsea,MID,38,0,1,38,FALSE,andrey_dos_nascimento_santos,andrey_dos_nascimento_santos
2024-25,151,Ângelo Gabriel Borges Damaceno,angelo gabriel borges damaceno,angelo_borges_damaceno_gabriel,Chelsea,MID,38,0,1,38,FALSE,angelo_borges_damaceno_gabriel,angelo_borges_damaceno_gabriel
2024-25,152,Kepa Arrizabalaga,kepa arrizabalaga,arrizabalaga_kepa,Bournemouth/Chelsea,GK,38,2790,1,38,FALSE,arrizabalaga_kepa,arrizabalaga_kepa
2024-25,153,Benoît Badiashile,benoit badiashile,badiashile_benoit,Chelsea,DEF,38,332,1,38,FALSE,badiashile_benoit,badiashile_benoit
2024-25,154,Lucas Bergström,lucas bergstrom,bergstrom_lucas,Chelsea,GK,38,0,1,38,FALSE,bergstrom_lucas,bergstrom_lucas
2024-25,155,Marcus Bettinelli,marcus bettinelli,bettinelli_marcus,Chelsea,GK,38,0,1,38,FALSE,bettinelli_marcus,bettinelli_marcus
2024-25,156,Armando Broja,armando broja,armando_broja,Chelsea/Everton,FWD,38,327,1,38,FALSE,armando_broja,armando_broja
2024-25,157,Moisés Caicedo Corozo,moises caicedo corozo,caicedo_corozo_moises,Chelsea,MID,38,3351,1,38,FALSE,caicedo_corozo_moises,caicedo_corozo_moises
2024-25,158,Cesare Casadei,cesare casadei,casadei_cesare,Chelsea,MID,38,0,1,38,FALSE,casadei_cesare,casadei_cesare
2024-25,159,Trevoh Chalobah,trevoh chalobah,chalobah_trevoh,Chelsea/Crystal Palace,DEF,38,1969,1,38,FALSE,chalobah_trevoh,chalobah_trevoh
2024-25,160,Ben Chilwell,ben chilwell,ben_chilwell,Chelsea/Crystal Palace,DEF,38,254,1,38,FALSE,ben_chilwell,ben_chilwell
2024-25,161,Carney Chukwuemeka,carney chukwuemeka,carney_chukwuemeka,Chelsea,MID,38,0,1,38,FALSE,carney_chukwuemeka,carney_chukwuemeka
2024-25,162,Levi Colwill,levi colwill,colwill_levi,Chelsea,DEF,38,3150,1,38,FALSE,colwill_levi,colwill_levi
2024-25,163,Marc Cucurella Saseta,marc cucurella saseta,cucurella_marc_saseta,Chelsea,DEF,38,2988,1,38,FALSE,cucurella_marc_saseta,cucurella_marc_saseta
2024-25,164,David Datro Fofana,david datro fofana,datro_david_fofana,Chelsea,FWD,38,0,1,38,FALSE,datro_david_fofana,datro_david_fofana
2024-25,165,Deivid Washington de Souza Eugênio,deivid washington de souza eugenio,de_deivid_eugenio_souza_washington,Chelsea,FWD,38,0,1,38,FALSE,de_deivid_eugenio_souza_washington,de_deivid_eugenio_souza_washington
2024-25,166,Kiernan Dewsbury-Hall,kiernan dewsbury hall,dewsbury_hall_kiernan,Chelsea,MID,38,257,1,38,FALSE,dewsbury_hall_kiernan,dewsbury_hall_kiernan
2024-25,167,Axel Disasi,axel disasi,axel_disasi,Aston Villa/Chelsea,DEF,38,851,1,38,FALSE,axel_disasi,axel_disasi
2024-25,168,Enzo Fernández,enzo fernandez,enzo_fernandez,Chelsea,MID,38,2943,1,38,FALSE,enzo_fernandez,enzo_fernandez
2024-25,169,Conor Gallagher,conor gallagher,conor_gallagher,Chelsea,MID,38,0,1,38,FALSE,conor_gallagher,conor_gallagher
2024-25,170,Alfie Gilchrist,alfie gilchrist,alfie_gilchrist,Chelsea,DEF,38,0,1,38,FALSE,alfie_gilchrist,alfie_gilchrist
2024-25,171,Malo Gusto,malo gusto,gusto_malo,Chelsea,DEF,38,1853,1,38,FALSE,gusto_malo,gusto_malo
2024-25,172,Reece James,reece james,james_reece,Chelsea,DEF,38,1057,1,38,FALSE,james_reece,james_reece
2024-25,173,Omari Kellyman,omari kellyman,kellyman_omari,Chelsea,MID,38,0,1,38,FALSE,kellyman_omari,kellyman_omari
2024-25,174,Roméo Lavia,romeo lavia,lavia_romeo,Chelsea,MID,38,792,1,38,FALSE,lavia_romeo,lavia_romeo
2024-25,175,Romelu Lukaku Bolingoli,romelu lukaku bolingoli,bolingoli_lukaku_romelu,Chelsea,FWD,38,0,1,38,FALSE,bolingoli_lukaku_romelu,bolingoli_lukaku_romelu
2024-25,176,Malang Sarr,malang sarr,malang_sarr,Chelsea,DEF,38,0,1,38,FALSE,malang_sarr,malang_sarr
2024-25,177,Noni Madueke,noni madueke,madueke_noni,Chelsea,MID,38,2028,1,38,FALSE,madueke_noni,madueke_noni
2024-25,178,Marc Guiu Paz,marc guiu paz,guiu_marc_paz,Chelsea,FWD,38,71,1,38,FALSE,guiu_marc_paz,guiu_marc_paz
2024-25,179,Mykhailo Mudryk,mykhailo mudryk,mudryk_mykhailo,Chelsea,MID,38,145,1,38,FALSE,mudryk_mykhailo,mudryk_mykhailo
2024-25,180,Nicolas Jackson,nicolas jackson,jackson_nicolas,Chelsea,FWD,38,2220,1,38,FALSE,jackson_nicolas,jackson_nicolas
2024-25,181,Christopher Nkunku,christopher nkunku,christopher_nkunku,Chelsea,MID,38,904,1,38,FALSE,christopher_nkunku,christopher_nkunku
2024-25,182,Cole Palmer,cole palmer,cole_palmer,Chelsea,MID,38,3193,1,38,FALSE,cole_palmer,cole_palmer
2024-25,183,Đorđe Petrović,dorde petrovic,dorde_petrovic,Chelsea,GK,38,0,1,38,FALSE,dorde_petrovic,dorde_petrovic
2024-25,184,Renato Palma Veiga,renato palma veiga,palma_renato_veiga,Chelsea,MID,38,176,1,38,FALSE,palma_renato_veiga,palma_renato_veiga
2024-25,185,Robert Sánchez,robert sanchez,robert_sanchez,Chelsea,GK,38,2880,1,38,FALSE,robert_sanchez,robert_sanchez
2024-25,186,Raheem Sterling,raheem sterling,raheem_sterling,Arsenal/Chelsea,MID,38,490,1,38,FALSE,raheem_sterling,raheem_sterling
2024-25,187,Tosin Adarabioyo,tosin adarabioyo,adarabioyo_tosin,Chelsea,DEF,38,1403,1,38,FALSE,adarabioyo_tosin,adarabioyo_tosin
2024-25,188,Lesley Ugochukwu,lesley ugochukwu,lesley_ugochukwu,Chelsea/Southampton,MID,38,1652,1,38,FALSE,lesley_ugochukwu,lesley_ugochukwu
2024-25,189,Wesley Fofana,wesley fofana,fofana_wesley,Chelsea,DEF,38,1172,1,38,FALSE,fofana_wesley,fofana_wesley
2024-25,190,Naouirou Ahamada,naouirou ahamada,ahamada_naouirou,Crystal Palace,MID,38,0,1,38,FALSE,ahamada_naouirou,ahamada_naouirou
2024-25,191,Joachim Andersen,joachim andersen,andersen_joachim,Crystal Palace/Fulham,DEF,38,2673,1,38,FALSE,andersen_joachim,andersen_joachim
2024-25,192,Jordan Ayew,jordan ayew,ayew_jordan,Crystal Palace/Leicester,MID,38,1649,1,38,FALSE,ayew_jordan,ayew_jordan
2024-25,193,Cheick Doucouré,cheick doucoure,cheick_doucoure,Crystal Palace,MID,38,443,1,38,FALSE,cheick_doucoure,cheick_doucoure
2024-25,194,Chris Richards,chris richards,chris_richards,Crystal Palace,DEF,38,1921,1,38,FALSE,chris_richards,chris_richards
2024-25,195,Chadi Riad Dnanou,chadi riad dnanou,chadi_dnanou_riad,Crystal Palace,DEF,38,90,1,38,FALSE,chadi_dnanou_riad,chadi_dnanou_riad
2024-25,196,Nathaniel Clyne,nathaniel clyne,clyne_nathaniel,Crystal Palace,DEF,38,477,1,38,FALSE,clyne_nathaniel,clyne_nathaniel
2024-25,197,Malcolm Ebiowei,malcolm ebiowei,ebiowei_malcolm,Crystal Palace,MID,38,0,1,38,FALSE,ebiowei_malcolm,ebiowei_malcolm
2024-25,198,Odsonne Edouard,odsonne edouard,edouard_odsonne,Crystal Palace/Leicester,FWD,38,141,1,38,FALSE,edouard_odsonne,edouard_odsonne
2024-25,199,Eberechi Eze,eberechi eze,eberechi_eze,Crystal Palace,MID,38,2588,1,38,FALSE,eberechi_eze,eberechi_eze
2024-25,200,Marc Guéhi,marc guehi,guehi_marc,Crystal Palace,DEF,38,3059,1,38,FALSE,guehi_marc,guehi_marc
2024-25,201,Dean Henderson,dean henderson,dean_henderson,Crystal Palace,GK,38,3420,1,38,FALSE,dean_henderson,dean_henderson
2024-25,202,Rob Holding,rob holding,holding_rob,Crystal Palace,DEF,38,0,1,38,FALSE,holding_rob,holding_rob
2024-25,203,Will Hughes,will hughes,hughes_will,Crystal Palace,MID,38,2100,1,38,FALSE,hughes_will,hughes_will
2024-25,204,Sam Johnstone,sam johnstone,johnstone_sam,Crystal Palace/Wolves,GK,38,630,1,38,FALSE,johnstone_sam,johnstone_sam
2024-25,205,Daichi Kamada,daichi kamada,daichi_kamada,Crystal Palace,MID,38,1545,1,38,FALSE,daichi_kamada,daichi_kamada
2024-25,206,Jefferson Lerma Solís,jefferson lerma solis,jefferson_lerma_solis,Crystal Palace,MID,38,2270,1,38,FALSE,jefferson_lerma_solis,jefferson_lerma_solis
2024-25,207,Jean-Philippe Mateta,jean philippe mateta,jean_mateta_philippe,Crystal Palace,FWD,38,2642,1,38,FALSE,jean_mateta_philippe,jean_mateta_philippe
2024-25,208,Matheus França de Oliveira,matheus franca de oliveira,de_franca_matheus_oliveira,Crystal Palace,MID,38,52,1,38,FALSE,de_franca_matheus_oliveira,de_franca_matheus_oliveira
2024-25,209,Remi Matthews,remi matthews,matthews_remi,Crystal Palace,GK,38,0,1,38,FALSE,matthews_remi,matthews_remi
2024-25,210,Tyrick Mitchell,tyrick mitchell,mitchell_tyrick,Crystal Palace,DEF,38,3090,1,38,FALSE,mitchell_tyrick,mitchell_tyrick
2024-25,211,Daniel Muñoz,daniel munoz,daniel_munoz,Crystal Palace,DEF,38,3229,1,38,FALSE,daniel_munoz,daniel_munoz
2024-25,212,David Ozoh,david ozoh,david_ozoh,Crystal Palace,MID,38,0,1,38,FALSE,david_ozoh,david_ozoh
2024-25,213,Jesurun Rak-Sakyi,jesurun rak sakyi,jesurun_rak_sakyi,Crystal Palace,MID,38,0,1,38,FALSE,jesurun_rak_sakyi,jesurun_rak_sakyi
2024-25,214,Jeffrey Schlupp,jeffrey schlupp,jeffrey_schlupp,Crystal Palace,MID,38,95,1,38,FALSE,jeffrey_schlupp,jeffrey_schlupp
2024-25,215,Joel Ward,joel ward,joel_ward,Crystal Palace,DEF,38,71,1,38,FALSE,joel_ward,joel_ward
2024-25,216,Adam Wharton,adam wharton,adam_wharton,Crystal Palace,MID,38,1314,1,38,FALSE,adam_wharton,adam_wharton
2024-25,217,Abdoulaye Doucouré,abdoulaye doucoure,abdoulaye_doucoure,Everton,MID,38,2563,1,38,FALSE,abdoulaye_doucoure,abdoulaye_doucoure
2024-25,218,Norberto Bercique Gomes Betuncal,norberto bercique gomes betuncal,bercique_betuncal_gomes_norberto,Everton,FWD,38,1521,1,38,FALSE,bercique_betuncal_gomes_norberto,bercique_betuncal_gomes_norberto
2024-25,219,Jarrad Branthwaite,jarrad branthwaite,branthwaite_jarrad,Everton,DEF,38,2509,1,38,FALSE,branthwaite_jarrad,branthwaite_jarrad
2024-25,220,Dominic Calvert-Lewin,dominic calvert lewin,calvert_dominic_lewin,Everton,FWD,38,1602,1,38,FALSE,calvert_dominic_lewin,calvert_dominic_lewin
2024-25,221,Séamus Coleman,seamus coleman,coleman_seamus,Everton,DEF,38,214,1,38,FALSE,coleman_seamus,coleman_seamus
2024-25,222,Idrissa Gueye,idrissa gueye,gueye_idrissa,Everton,MID,38,3063,1,38,FALSE,gueye_idrissa,gueye_idrissa
2024-25,223,James Garner,james garner,garner_james,Everton,MID,38,1590,1,38,FALSE,garner_james,garner_james
2024-25,224,Jack Harrison,jack harrison,harrison_jack,Everton,MID,38,2068,1,38,FALSE,harrison_jack,harrison_jack
2024-25,225,Mason Holgate,mason holgate,holgate_mason,Everton,DEF,38,5,1,38,FALSE,holgate_mason,holgate_mason
2024-25,226,Tim Iroegbunam,tim iroegbunam,iroegbunam_tim,Everton,MID,38,562,1,38,FALSE,iroegbunam_tim,iroegbunam_tim
2024-25,227,João Neves Virgínia,joao neves virginia,joao_neves_virginia,Everton,GK,38,0,1,38,FALSE,joao_neves_virginia,joao_neves_virginia
2024-25,228,Michael Keane,michael keane,keane_michael,Everton,DEF,38,1046,1,38,FALSE,keane_michael,keane_michael
2024-25,229,Neal Maupay,neal maupay,maupay_neal,Everton,FWD,38,0,1,38,FALSE,maupay_neal,maupay_neal
2024-25,230,Dwight McNeil,dwight mcneil,dwight_mcneil,Everton,MID,38,1366,1,38,FALSE,dwight_mcneil,dwight_mcneil
2024-25,231,Vitalii Mykolenko,vitalii mykolenko,mykolenko_vitalii,Everton,DEF,38,3082,1,38,FALSE,mykolenko_vitalii,mykolenko_vitalii
2024-25,232,Iliman Ndiaye,iliman ndiaye,iliman_ndiaye,Everton,FWD,38,2426,1,38,FALSE,iliman_ndiaye,iliman_ndiaye
2024-25,233,Amadou Onana,amadou onana,amadou_onana,Aston Villa,MID,38,1613,1,38,FALSE,amadou_onana,amadou_onana
2024-25,234,Nathan Patterson,nathan patterson,nathan_patterson,Everton,DEF,38,342,1,38,FALSE,nathan_patterson,nathan_patterson
2024-25,235,Jordan Pickford,jordan pickford,jordan_pickford,Everton,GK,38,3420,1,38,FALSE,jordan_pickford,jordan_pickford
2024-25,236,James Tarkowski,james tarkowski,james_tarkowski,Everton,DEF,38,2922,1,38,FALSE,james_tarkowski,james_tarkowski
2024-25,237,Youssef Ramalho Chermiti,youssef ramalho chermiti,chermiti_ramalho_youssef,Everton,FWD,38,42,1,38,FALSE,chermiti_ramalho_youssef,chermiti_ramalho_youssef
2024-25,238,Ashley Young,ashley young,ashley_young,Everton,DEF,38,1864,1,38,FALSE,ashley_young,ashley_young
2024-25,239,Adama Traoré,adama traore,adama_traore,Fulham,MID,38,1756,1,38,FALSE,adama_traore,adama_traore
2024-25,240,Andreas Hoelgebaum Pereira,andreas hoelgebaum pereira,andreas_hoelgebaum_pereira,Fulham,MID,38,2004,1,38,FALSE,andreas_hoelgebaum_pereira,andreas_hoelgebaum_pereira
2024-25,241,Calvin Bassey,calvin bassey,bassey_calvin,Fulham,DEF,38,3074,1,38,FALSE,bassey_calvin,bassey_calvin
2024-25,242,Steven Benda,steven benda,benda_steven,Fulham,GK,38,0,1,38,FALSE,benda_steven,benda_steven
2024-25,243,Tom Cairney,tom cairney,cairney_tom,Fulham,MID,38,610,1,38,FALSE,cairney_tom,cairney_tom
2024-25,244,Timothy Castagne,timothy castagne,castagne_timothy,Fulham,DEF,38,1642,1,38,FALSE,castagne_timothy,castagne_timothy
2024-25,245,Issa Diop,issa diop,diop_issa,Fulham,DEF,38,1334,1,38,FALSE,diop_issa,diop_issa
2024-25,246,Luke Harris,luke harris,harris_luke,Fulham,MID,38,0,1,38,FALSE,harris_luke,harris_luke
2024-25,247,Alex Iwobi,alex iwobi,alex_iwobi,Fulham,MID,38,2981,1,38,FALSE,alex_iwobi,alex_iwobi
2024-25,248,Bernd Leno,bernd leno,bernd_leno,Fulham,GK,38,3420,1,38,FALSE,bernd_leno,bernd_leno
2024-25,249,Saša Lukić,sasa lukic,lukic_sasa,Fulham,MID,38,2348,1,38,FALSE,lukic_sasa,lukic_sasa
2024-25,250,Kevin Mbabu,kevin mbabu,kevin_mbabu,Fulham,DEF,38,0,1,38,FALSE,kevin_mbabu,kevin_mbabu
2024-25,251,Rodrigo Muniz Carvalho,rodrigo muniz carvalho,carvalho_muniz_rodrigo,Fulham,FWD,38,943,1,38,FALSE,carvalho_muniz_rodrigo,carvalho_muniz_rodrigo
2024-25,252,Raúl Jiménez,raul jimenez,jimenez_raul,Fulham,FWD,38,2486,1,38,FALSE,jimenez_raul,jimenez_raul
2024-25,253,Tim Ream,tim ream,ream_tim,Fulham,DEF,38,0,1,38,FALSE,ream_tim,ream_tim
2024-25,254,Harrison Reed,harrison reed,harrison_reed,Fulham,MID,38,100,1,38,FALSE,harrison_reed,harrison_reed
2024-25,255,Antonee Robinson,antonee robinson,antonee_robinson,Fulham,DEF,38,3166,1,38,FALSE,antonee_robinson,antonee_robinson
2024-25,256,Jay Stansfield,jay stansfield,jay_stansfield,Fulham,FWD,38,1,1,38,FALSE,jay_stansfield,jay_stansfield
2024-25,257,Kenny Tete,kenny tete,kenny_tete,Fulham,DEF,38,1773,1,38,FALSE,kenny_tete,kenny_tete
2024-25,258,Carlos Vinícius Alves Morais,carlos vinicius alves morais,alves_carlos_morais_vinicius,Fulham,FWD,38,13,1,38,FALSE,alves_carlos_morais_vinicius,alves_carlos_morais_vinicius
2024-25,259,Harry Wilson,harry wilson,harry_wilson,Fulham,MID,38,1148,1,38,FALSE,harry_wilson,harry_wilson
2024-25,260,Ali Al-Hamadi,ali al hamadi,al_ali_hamadi,Ipswich,FWD,38,125,1,38,FALSE,al_ali_hamadi,al_ali_hamadi
2024-25,261,Elkan Baggott,elkan baggott,baggott_elkan,Ipswich,DEF,38,0,1,38,FALSE,baggott_elkan,baggott_elkan
2024-25,262,Nathan Broadhead,nathan broadhead,broadhead_nathan,Ipswich,MID,38,690,1,38,FALSE,broadhead_nathan,broadhead_nathan
2024-25,263,Cameron Burgess,cameron burgess,burgess_cameron,Ipswich,DEF,38,1540,1,38,FALSE,burgess_cameron,burgess_cameron
2024-25,264,Wes Burns,wes burns,burns_wes,Ipswich,MID,38,922,1,38,FALSE,burns_wes,burns_wes
2024-25,265,Conor Chaplin,conor chaplin,chaplin_conor,Ipswich,MID,38,845,1,38,FALSE,chaplin_conor,chaplin_conor
2024-25,266,Harry Clarke,harry clarke,clarke_harry,Ipswich,DEF,38,377,1,38,FALSE,clarke_harry,clarke_harry
2024-25,267,Leif Davis,leif davis,davis_leif,Ipswich,DEF,38,2742,1,38,FALSE,davis_leif,davis_leif
2024-25,268,Liam Delap,liam delap,delap_liam,Ipswich,FWD,38,2587,1,38,FALSE,delap_liam,delap_liam
2024-25,269,George Edmundson,george edmundson,edmundson_george,Ipswich,DEF,38,1,1,38,FALSE,edmundson_george,edmundson_george
2024-25,270,Jacob Greaves,jacob greaves,greaves_jacob,Ipswich,DEF,38,2205,1,38,FALSE,greaves_jacob,greaves_jacob
2024-25,271,Marcus Myers-Harness,marcus myers harness,harness_marcus_myers,Ipswich,MID,38,43,1,38,FALSE,harness_marcus_myers,harness_marcus_myers
2024-25,272,George Hirst,george hirst,george_hirst,Ipswich,FWD,38,645,1,38,FALSE,george_hirst,george_hirst
2024-25,273,Cameron Humphreys,cameron humphreys,cameron_humphreys,Ipswich,MID,38,0,1,38,FALSE,cameron_humphreys,cameron_humphreys
2024-25,274,Omari Giraud-Hutchinson,omari giraud hutchinson,giraud_hutchinson_omari,Ipswich,MID,38,2585,1,38,FALSE,giraud_hutchinson_omari,giraud_hutchinson_omari
2024-25,275,Ben Johnson,ben johnson,ben_johnson,Ipswich,DEF,38,1346,1,38,FALSE,ben_johnson,ben_johnson
2024-25,276,Freddie Ladapo,freddie ladapo,freddie_ladapo,Ipswich,FWD,38,0,1,38,FALSE,freddie_ladapo,freddie_ladapo
2024-25,277,Massimo Luongo,massimo luongo,luongo_massimo,Ipswich,MID,38,195,1,38,FALSE,luongo_massimo,luongo_massimo
2024-25,278,Sam Morsy,sam morsy,morsy_sam,Ipswich,MID,38,2749,1,38,FALSE,morsy_sam,morsy_sam
2024-25,279,Corrie Ndaba,corrie ndaba,corrie_ndaba,Ipswich,DEF,38,0,1,38,FALSE,corrie_ndaba,corrie_ndaba
2024-25,280,Cieran Slicker,cieran slicker,cieran_slicker,Ipswich,GK,38,0,1,38,FALSE,cieran_slicker,cieran_slicker
2024-25,281,Jack Taylor,jack taylor,jack_taylor,Ipswich,MID,38,837,1,38,FALSE,jack_taylor,jack_taylor
2024-25,282,Axel Tuanzebe,axel tuanzebe,axel_tuanzebe,Ipswich,DEF,38,1710,1,38,FALSE,axel_tuanzebe,axel_tuanzebe
2024-25,283,Christian Walton,christian walton,christian_walton,Ipswich,GK,38,630,1,38,FALSE,christian_walton,christian_walton
2024-25,284,Luke Woolfenden,luke woolfenden,luke_woolfenden,Ipswich,DEF,38,1187,1,38,FALSE,luke_woolfenden,luke_woolfenden
2024-25,285,Boubakary Soumaré,boubakary soumare,boubakary_soumare,Leicester,MID,38,2165,1,38,FALSE,boubakary_soumare,boubakary_soumare
2024-25,286,Tom Cannon,tom cannon,cannon_tom,Leicester,FWD,38,0,1,38,FALSE,cannon_tom,cannon_tom
2024-25,287,Hamza Choudhury,hamza choudhury,choudhury_hamza,Leicester,MID,38,129,1,38,FALSE,choudhury_hamza,choudhury_hamza
2024-25,288,Conor Coady,conor coady,coady_conor,Leicester,DEF,38,1712,1,38,FALSE,coady_conor,coady_conor
2024-25,289,Patson Daka,patson daka,daka_patson,Leicester,FWD,38,717,1,38,FALSE,daka_patson,daka_patson
2024-25,290,Bobby De Cordova-Reid,bobby de cordova reid,bobby_cordova_de_reid,Leicester,MID,38,734,1,38,FALSE,bobby_cordova_de_reid,bobby_cordova_de_reid
2024-25,291,Wout Faes,wout faes,faes_wout,Leicester,DEF,38,2812,1,38,FALSE,faes_wout,faes_wout
2024-25,292,Michael Golding,michael golding,golding_michael,Leicester,MID,38,1,1,38,FALSE,golding_michael,golding_michael
2024-25,293,Mads Hermansen,mads hermansen,hermansen_mads,Leicester,GK,38,2385,1,38,FALSE,hermansen_mads,hermansen_mads
2024-25,294,Daniel Iversen,daniel iversen,daniel_iversen,Leicester,GK,38,0,1,38,FALSE,daniel_iversen,daniel_iversen
2024-25,295,James Justin,james justin,james_justin,Leicester,DEF,38,2912,1,38,FALSE,james_justin,james_justin
2024-25,296,Victor Kristiansen,victor kristiansen,kristiansen_victor,Leicester,DEF,38,2481,1,38,FALSE,kristiansen_victor,kristiansen_victor
2024-25,297,Wanya Marçal-Madivádua,wanya marcal madivadua,madivadua_marcal_wanya,Leicester,MID,38,0,1,38,FALSE,madivadua_marcal_wanya,madivadua_marcal_wanya
2024-25,298,Stephy Mavididi,stephy mavididi,mavididi_stephy,Leicester,MID,38,1606,1,38,FALSE,mavididi_stephy,mavididi_stephy
2024-25,299,Kasey McAteer,kasey mcateer,kasey_mcateer,Leicester,MID,38,846,1,38,FALSE,kasey_mcateer,kasey_mcateer
2024-25,300,Wilfred Ndidi,wilfred ndidi,ndidi_wilfred,Leicester,MID,38,2325,1,38,FALSE,ndidi_wilfred,ndidi_wilfred
2024-25,301,Caleb Okoli,caleb okoli,caleb_okoli,Leicester,DEF,38,1122,1,38,FALSE,caleb_okoli,caleb_okoli
2024-25,302,Ricardo Barbosa Pereira,ricardo barbosa pereira,barbosa_pereira_ricardo,Leicester,DEF,38,382,1,38,FALSE,barbosa_pereira_ricardo,barbosa_pereira_ricardo
2024-25,303,Harry Souttar,harry souttar,harry_souttar,Leicester,DEF,38,0,1,38,FALSE,harry_souttar,harry_souttar
2024-25,304,Jakub Stolarczyk,jakub stolarczyk,jakub_stolarczyk,Leicester,GK,38,900,1,38,FALSE,jakub_stolarczyk,jakub_stolarczyk
2024-25,305,Luke Thomas,luke thomas,luke_thomas,Leicester,DEF,38,1109,1,38,FALSE,luke_thomas,luke_thomas
2024-25,306,Jamie Vardy,jamie vardy,jamie_vardy,Leicester,FWD,38,2825,1,38,FALSE,jamie_vardy,jamie_vardy
2024-25,307,Jannik Vestergaard,jannik vestergaard,jannik_vestergaard,Leicester,DEF,38,1390,1,38,FALSE,jannik_vestergaard,jannik_vestergaard
2024-25,308,Danny Ward,danny ward,danny_ward,Leicester,GK,38,135,1,38,FALSE,danny_ward,danny_ward
2024-25,309,Harry Winks,harry winks,harry_winks,Leicester,MID,38,1536,1,38,FALSE,harry_winks,harry_winks
2024-25,310,Alisson Ramses Becker,alisson ramses becker,alisson_becker_ramses,Liverpool,GK,38,2508,1,38,FALSE,alisson_becker_ramses,alisson_becker_ramses
2024-25,311,Trent Alexander-Arnold,trent alexander arnold,alexander_arnold_trent,Liverpool,DEF,38,2362,1,38,FALSE,alexander_arnold_trent,alexander_arnold_trent
2024-25,312,Stefan Bajčetić Maquieira,stefan bajcetic maquieira,bajcetic_maquieira_stefan,Liverpool,MID,38,0,1,38,FALSE,bajcetic_maquieira_stefan,bajcetic_maquieira_stefan
2024-25,313,Conor Bradley,conor bradley,bradley_conor,Liverpool,DEF,38,744,1,38,FALSE,bradley_conor,bradley_conor
2024-25,314,Fábio Freitas Gouveia Carvalho,fabio freitas gouveia carvalho,carvalho_fabio_freitas_gouveia,Brentford,MID,38,443,1,38,FALSE,carvalho_fabio_freitas_gouveia,carvalho_fabio_freitas_gouveia
2024-25,315,Bobby Clark,bobby clark,bobby_clark,Liverpool,MID,38,0,1,38,FALSE,bobby_clark,bobby_clark
2024-25,316,Darwin Núñez Ribeiro,darwin nunez ribeiro,darwin_nunez_ribeiro,Liverpool,FWD,38,1113,1,38,FALSE,darwin_nunez_ribeiro,darwin_nunez_ribeiro
2024-25,317,Diogo Teixeira da Silva,diogo teixeira da silva,da_diogo_silva_teixeira,Liverpool,MID,38,1182,1,38,FALSE,da_diogo_silva_teixeira,da_diogo_silva_teixeira
2024-25,318,Ben Doak,ben doak,ben_doak,Liverpool,MID,38,0,1,38,FALSE,ben_doak,ben_doak
2024-25,319,Harvey Elliott,harvey elliott,elliott_harvey,Liverpool,MID,38,359,1,38,FALSE,elliott_harvey,elliott_harvey
2024-25,320,Endo Wataru,endo wataru,endo_wataru,Liverpool,MID,38,259,1,38,FALSE,endo_wataru,endo_wataru
2024-25,321,Cody Gakpo,cody gakpo,cody_gakpo,Liverpool,FWD,38,1921,1,38,FALSE,cody_gakpo,cody_gakpo
2024-25,322,Joe Gomez,joe gomez,gomez_joe,Liverpool,DEF,38,517,1,38,FALSE,gomez_joe,gomez_joe
2024-25,323,Ryan Gravenberch,ryan gravenberch,gravenberch_ryan,Liverpool,MID,38,3160,1,38,FALSE,gravenberch_ryan,gravenberch_ryan
2024-25,324,Curtis Jones,curtis jones,curtis_jones,Liverpool,MID,38,1702,1,38,FALSE,curtis_jones,curtis_jones
2024-25,325,Caoimhin Kelleher,caoimhin kelleher,caoimhin_kelleher,Liverpool,GK,38,900,1,38,FALSE,caoimhin_kelleher,caoimhin_kelleher
2024-25,326,Ibrahima Konaté,ibrahima konate,ibrahima_konate,Liverpool,DEF,38,2561,1,38,FALSE,ibrahima_konate,ibrahima_konate
2024-25,327,Luis Díaz,luis diaz,diaz_luis,Liverpool,MID,38,2393,1,38,FALSE,diaz_luis,diaz_luis
2024-25,328,Mohamed Salah,mohamed salah,mohamed_salah,Liverpool,MID,38,3374,1,38,FALSE,mohamed_salah,mohamed_salah
2024-25,329,Alexis Mac Allister,alexis mac allister,alexis_allister_mac,Liverpool,MID,38,2597,1,38,FALSE,alexis_allister_mac,alexis_allister_mac
2024-25,330,James McConnell,james mcconnell,james_mcconnell,Liverpool,MID,38,0,1,38,FALSE,james_mcconnell,james_mcconnell
2024-25,331,Tyler Morton,tyler morton,morton_tyler,Liverpool,MID,38,0,1,38,FALSE,morton_tyler,morton_tyler
2024-25,332,Nathaniel Phillips,nathaniel phillips,nathaniel_phillips,Liverpool,DEF,38,0,1,38,FALSE,nathaniel_phillips,nathaniel_phillips
2024-25,333,Jarell Quansah,jarell quansah,jarell_quansah,Liverpool,DEF,38,488,1,38,FALSE,jarell_quansah,jarell_quansah
2024-25,334,Rhys Williams,rhys williams,rhys_williams,Liverpool,DEF,38,0,1,38,FALSE,rhys_williams,rhys_williams
2024-25,335,Andrew Robertson,andrew robertson,andrew_robertson,Liverpool,DEF,38,2479,1,38,FALSE,andrew_robertson,andrew_robertson
2024-25,336,Dominik Szoboszlai,dominik szoboszlai,dominik_szoboszlai,Liverpool,MID,38,2485,1,38,FALSE,dominik_szoboszlai,dominik_szoboszlai
2024-25,337,Konstantinos Tsimikas,konstantinos tsimikas,konstantinos_tsimikas,Liverpool,DEF,38,829,1,38,FALSE,konstantinos_tsimikas,konstantinos_tsimikas
2024-25,338,Sepp van den Berg,sepp van den berg,berg_den_sepp_van,Brentford/Liverpool,DEF,38,2584,1,38,FALSE,berg_den_sepp_van,berg_den_sepp_van
2024-25,339,Virgil van Dijk,virgil van dijk,dijk_van_virgil,Liverpool,DEF,38,3330,1,38,FALSE,dijk_van_virgil,dijk_van_virgil
2024-25,340,Manuel Akanji,manuel akanji,akanji_manuel,Man City,DEF,38,2012,1,38,FALSE,akanji_manuel,akanji_manuel
2024-25,341,Nathan Aké,nathan ake,ake_nathan,Man City,DEF,38,677,1,38,FALSE,ake_nathan,ake_nathan
2024-25,342,Bernardo Veiga de Carvalho e Silva,bernardo veiga de carvalho e silva,bernardo_carvalho_de_e_silva_veiga,Man City,MID,38,2667,1,38,FALSE,bernardo_carvalho_de_e_silva_veiga,bernardo_carvalho_de_e_silva_veiga
2024-25,343,Oscar Bobb,oscar bobb,bobb_oscar,Man City,MID,38,14,1,38,FALSE,bobb_oscar,bobb_oscar
2024-25,344,Scott Carson,scott carson,carson_scott,Man City,GK,38,0,1,38,FALSE,carson_scott,carson_scott
2024-25,345,Kevin De Bruyne,kevin de bruyne,bruyne_de_kevin,Man City,MID,38,1694,1,38,FALSE,bruyne_de_kevin,bruyne_de_kevin
2024-25,346,Jérémy Doku,jeremy doku,doku_jeremy,Man City,MID,38,1506,1,38,FALSE,doku_jeremy,doku_jeremy
2024-25,347,Ederson Santana de Moraes,ederson santana de moraes,de_ederson_moraes_santana,Man City,GK,38,2320,1,38,FALSE,de_ederson_moraes_santana,de_ederson_moraes_santana
2024-25,348,Phil Foden,phil foden,foden_phil,Man City,MID,38,1771,1,38,FALSE,foden_phil,foden_phil
2024-25,349,Jack Grealish,jack grealish,grealish_jack,Man City,MID,38,710,1,38,FALSE,grealish_jack,grealish_jack
2024-25,350,Joško Gvardiol,josko gvardiol,gvardiol_josko,Man City,DEF,38,3278,1,38,FALSE,gvardiol_josko,gvardiol_josko
2024-25,351,Erling Haaland,erling haaland,erling_haaland,Man City,FWD,38,2736,1,38,FALSE,erling_haaland,erling_haaland
2024-25,352,Julián Álvarez,julian alvarez,alvarez_julian,Man City,FWD,38,0,1,38,FALSE,alvarez_julian,alvarez_julian
2024-25,353,João Cavaco Cancelo,joao cavaco cancelo,cancelo_cavaco_joao,Man City,DEF,38,0,1,38,FALSE,cancelo_cavaco_joao,cancelo_cavaco_joao
2024-25,354,Mateo Kovačić,mateo kovacic,kovacic_mateo,Man City,MID,38,2194,1,38,FALSE,kovacic_mateo,kovacic_mateo
2024-25,355,Rico Lewis,rico lewis,lewis_rico,Man City,DEF,38,1888,1,38,FALSE,lewis_rico,lewis_rico
2024-25,356,Matheus Luiz Nunes,matheus luiz nunes,luiz_matheus_nunes,Man City,MID,38,1670,1,38,FALSE,luiz_matheus_nunes,luiz_matheus_nunes
2024-25,357,James McAtee,james mcatee,james_mcatee,Man City,MID,38,340,1,38,FALSE,james_mcatee,james_mcatee
2024-25,358,Stefan Ortega Moreno,stefan ortega moreno,moreno_ortega_stefan,Man City,GK,38,1099,1,38,FALSE,moreno_ortega_stefan,moreno_ortega_stefan
2024-25,359,Kalvin Phillips,kalvin phillips,kalvin_phillips,Ipswich,MID,38,1231,1,38,FALSE,kalvin_phillips,kalvin_phillips
2024-25,360,Rodrigo 'Rodri' Hernandez,rodrigo rodri hernandez,hernandez_rodri_rodrigo,Man City,MID,38,72,1,38,FALSE,hernandez_rodri_rodrigo,hernandez_rodri_rodrigo
2024-25,361,Rúben Gato Alves Dias,ruben gato alves dias,alves_dias_gato_ruben,Man City,DEF,38,2269,1,38,FALSE,alves_dias_gato_ruben,alves_dias_gato_ruben
2024-25,362,John Stones,john stones,john_stones,Man City,DEF,38,544,1,38,FALSE,john_stones,john_stones
2024-25,363,Kyle Walker,kyle walker,kyle_walker,Man City,DEF,38,966,1,38,FALSE,kyle_walker,kyle_walker
2024-25,364,Amad Diallo,amad diallo,amad_diallo,Man Utd,MID,38,1898,1,38,FALSE,amad_diallo,amad_diallo
2024-25,365,Antony Matheus dos Santos,antony matheus dos santos,antony_dos_matheus_santos,Man Utd,MID,38,135,1,38,FALSE,antony_dos_matheus_santos,antony_dos_matheus_santos
2024-25,366,Bruno Borges Fernandes,bruno borges fernandes,borges_bruno_fernandes,Man Utd,MID,38,3017,1,38,FALSE,borges_bruno_fernandes,borges_bruno_fernandes
2024-25,367,Altay Bayindir,altay bayindir,altay_bayindir,Man Utd,GK,38,360,1,38,FALSE,altay_bayindir,altay_bayindir
2024-25,368,Carlos Henrique Casimiro,carlos henrique casimiro,carlos_casimiro_henrique,Man Utd,MID,38,1489,1,38,FALSE,carlos_casimiro_henrique,carlos_casimiro_henrique
2024-25,369,Diogo Dalot Teixeira,diogo dalot teixeira,dalot_diogo_teixeira,Man Utd,DEF,38,2812,1,38,FALSE,dalot_diogo_teixeira,dalot_diogo_teixeira
2024-25,370,Christian Eriksen,christian eriksen,christian_eriksen,Man Utd,MID,38,1052,1,38,FALSE,christian_eriksen,christian_eriksen
2024-25,371,Jonny Evans,jonny evans,evans_jonny,Man Utd,DEF,38,312,1,38,FALSE,evans_jonny,evans_jonny
2024-25,372,Alejandro Garnacho,alejandro garnacho,alejandro_garnacho,Man Utd,MID,38,2188,1,38,FALSE,alejandro_garnacho,alejandro_garnacho
2024-25,373,Hannibal Mejbri,hannibal mejbri,hannibal_mejbri,Man Utd,MID,38,0,1,38,FALSE,hannibal_mejbri,hannibal_mejbri
2024-25,374,Tom Heaton,tom heaton,heaton_tom,Man Utd,GK,38,0,1,38,FALSE,heaton_tom,heaton_tom
2024-25,375,Rasmus Højlund,rasmus hojlund,hojlund_rasmus,Man Utd,FWD,38,1998,1,38,FALSE,hojlund_rasmus,hojlund_rasmus
2024-25,376,Victor Lindelöf,victor lindelof,lindelof_victor,Man Utd,DEF,38,695,1,38,FALSE,lindelof_victor,lindelof_victor
2024-25,377,Harry Maguire,harry maguire,harry_maguire,Man Utd,DEF,38,1751,1,38,FALSE,harry_maguire,harry_maguire
2024-25,378,Kobbie Mainoo,kobbie mainoo,kobbie_mainoo,Man Utd,MID,38,1646,1,38,FALSE,kobbie_mainoo,kobbie_mainoo
2024-25,379,Tyrell Malacia,tyrell malacia,malacia_tyrell,Man Utd,DEF,38,99,1,38,FALSE,malacia_tyrell,malacia_tyrell
2024-25,380,Lisandro Martínez,lisandro martinez,lisandro_martinez,Man Utd,DEF,38,1751,1,38,FALSE,lisandro_martinez,lisandro_martinez
2024-25,381,Scott McTominay,scott mctominay,mctominay_scott,Man Utd,MID,38,17,1,38,FALSE,mctominay_scott,mctominay_scott
2024-25,382,Mason Mount,mason mount,mason_mount,Man Utd,MID,38,613,1,38,FALSE,mason_mount,mason_mount
2024-25,383,André Onana,andre onana,andre_onana,Man Utd,GK,38,3060,1,38,FALSE,andre_onana,andre_onana
2024-25,384,Facundo Pellistri Rebollo,facundo pellistri rebollo,facundo_pellistri_rebollo,Man Utd,MID,38,0,1,38,FALSE,facundo_pellistri_rebollo,facundo_pellistri_rebollo
2024-25,385,Marcus Rashford,marcus rashford,marcus_rashford,Aston Villa/Man Utd,MID,38,1414,1,38,FALSE,marcus_rashford,marcus_rashford
2024-25,386,Jadon Sancho,jadon sancho,jadon_sancho,Chelsea/Man Utd,MID,38,1754,1,38,FALSE,jadon_sancho,jadon_sancho
2024-25,387,Luke Shaw,luke shaw,luke_shaw,Man Utd,DEF,38,346,1,38,FALSE,luke_shaw,luke_shaw
2024-25,388,Aaron Wan-Bissaka,aaron wan bissaka,aaron_bissaka_wan,West Ham,DEF,38,3154,1,38,FALSE,aaron_bissaka_wan,aaron_bissaka_wan
2024-25,389,Joshua Zirkzee,joshua zirkzee,joshua_zirkzee,Man Utd,FWD,38,1385,1,38,FALSE,joshua_zirkzee,joshua_zirkzee
2024-25,390,Alex Murphy,alex murphy,alex_murphy,Newcastle,DEF,38,0,1,38,FALSE,alex_murphy,alex_murphy
2024-25,391,Miguel Almirón Rejala,miguel almiron rejala,almiron_miguel_rejala,Newcastle,MID,38,150,1,38,FALSE,almiron_miguel_rejala,almiron_miguel_rejala
2024-25,392,Harvey Barnes,harvey barnes,barnes_harvey,Newcastle,MID,38,1746,1,38,FALSE,barnes_harvey,barnes_harvey
2024-25,393,Sven Botman,sven botman,botman_sven,Newcastle,DEF,38,412,1,38,FALSE,botman_sven,botman_sven
2024-25,394,Bruno Guimarães Rodriguez Moura,bruno guimaraes rodriguez moura,bruno_guimaraes_moura_rodriguez,Newcastle,MID,38,3273,1,38,FALSE,bruno_guimaraes_moura_rodriguez,bruno_guimaraes_moura_rodriguez
2024-25,395,Dan Burn,dan burn,burn_dan,Newcastle,DEF,38,3330,1,38,FALSE,burn_dan,burn_dan
2024-25,396,Martin Dúbravka,martin dubravka,dubravka_martin,Newcastle,GK,38,900,1,38,FALSE,dubravka_martin,dubravka_martin
2024-25,397,Ryan Fraser,ryan fraser,fraser_ryan,Newcastle/Southampton,MID,38,303,1,38,FALSE,fraser_ryan,fraser_ryan
2024-25,398,Anthony Gordon,anthony gordon,anthony_gordon,Newcastle,MID,38,2428,1,38,FALSE,anthony_gordon,anthony_gordon
2024-25,399,Lewis Hall,lewis hall,hall_lewis,Newcastle,DEF,38,2188,1,38,FALSE,hall_lewis,hall_lewis
2024-25,400,Isaac Hayden,isaac hayden,hayden_isaac,Newcastle,MID,38,0,1,38,FALSE,hayden_isaac,hayden_isaac
2024-25,401,Alexander Isak,alexander isak,alexander_isak,Newcastle,FWD,38,2758,1,38,FALSE,alexander_isak,alexander_isak
2024-25,402,Jacob Murphy,jacob murphy,jacob_murphy,Newcastle,MID,38,2356,1,38,FALSE,jacob_murphy,jacob_murphy
2024-25,403,Joelinton Cássio Apolinário de Lira,joelinton cassio apolinario de lira,apolinario_cassio_de_joelinton_lira,Newcastle,MID,38,2394,1,38,FALSE,apolinario_cassio_de_joelinton_lira,apolinario_cassio_de_joelinton_lira
2024-25,404,Lloyd Kelly,lloyd kelly,kelly_lloyd,Newcastle,DEF,38,299,1,38,FALSE,kelly_lloyd,kelly_lloyd
2024-25,405,Emil Krafth,emil krafth,emil_krafth,Newcastle,DEF,38,334,1,38,FALSE,emil_krafth,emil_krafth
2024-25,406,Garang Kuol,garang kuol,garang_kuol,Newcastle,MID,38,0,1,38,FALSE,garang_kuol,garang_kuol
2024-25,407,Jamaal Lascelles,jamaal lascelles,jamaal_lascelles,Newcastle,DEF,38,0,1,38,FALSE,jamaal_lascelles,jamaal_lascelles
2024-25,408,Jamal Lewis,jamal lewis,jamal_lewis,Newcastle,DEF,38,0,1,38,FALSE,jamal_lewis,jamal_lewis
2024-25,409,Tino Livramento,tino livramento,livramento_tino,Newcastle,DEF,38,2835,1,38,FALSE,livramento_tino,livramento_tino
2024-25,410,Sean Longstaff,sean longstaff,longstaff_sean,Newcastle,MID,38,783,1,38,FALSE,longstaff_sean,longstaff_sean
2024-25,411,Lewis Miley,lewis miley,lewis_miley,Newcastle,MID,38,304,1,38,FALSE,lewis_miley,lewis_miley
2024-25,412,Odysseas Vlachodimos,odysseas vlachodimos,odysseas_vlachodimos,Newcastle,GK,38,0,1,38,FALSE,odysseas_vlachodimos,odysseas_vlachodimos
2024-25,413,Nick Pope,nick pope,nick_pope,Newcastle,GK,38,2520,1,38,FALSE,nick_pope,nick_pope
2024-25,414,John Ruddy,john ruddy,john_ruddy,Newcastle,GK,38,0,1,38,FALSE,john_ruddy,john_ruddy
2024-25,415,Fabian Schär,fabian schar,fabian_schar,Newcastle,DEF,38,2935,1,38,FALSE,fabian_schar,fabian_schar
2024-25,416,Matt Targett,matt targett,matt_targett,Newcastle,DEF,38,20,1,38,FALSE,matt_targett,matt_targett
2024-25,417,Sandro Tonali,sandro tonali,sandro_tonali,Newcastle,MID,38,2625,1,38,FALSE,sandro_tonali,sandro_tonali
2024-25,418,Kieran Trippier,kieran trippier,kieran_trippier,Newcastle,DEF,38,1299,1,38,FALSE,kieran_trippier,kieran_trippier
2024-25,419,Joe White,joe white,joe_white,Newcastle,MID,38,0,1,38,FALSE,joe_white,joe_white
2024-25,420,Joe Willock,joe willock,joe_willock,Newcastle,MID,38,1065,1,38,FALSE,joe_willock,joe_willock
2024-25,421,Callum Wilson,callum wilson,callum_wilson,Newcastle,FWD,38,355,1,38,FALSE,callum_wilson,callum_wilson
2024-25,422,Ola Aina,ola aina,aina_ola,Nott'm Forest,DEF,38,2996,1,38,FALSE,aina_ola,aina_ola
2024-25,423,Elliot Anderson,elliot anderson,anderson_elliot,Nott'm Forest,MID,38,2726,1,38,FALSE,anderson_elliot,anderson_elliot
2024-25,424,Taiwo Awoniyi,taiwo awoniyi,awoniyi_taiwo,Nott'm Forest,FWD,38,398,1,38,FALSE,awoniyi_taiwo,awoniyi_taiwo
2024-25,425,Willy Boly,willy boly,boly_willy,Nott'm Forest,DEF,38,146,1,38,FALSE,boly_willy,boly_willy
2024-25,426,Josh Bowler,josh bowler,bowler_josh,Nott'm Forest,MID,38,0,1,38,FALSE,bowler_josh,bowler_josh
2024-25,427,Carlos Miguel dos Santos Pereira,carlos miguel dos santos pereira,carlos_dos_miguel_pereira_santos,Nott'm Forest,GK,38,0,1,38,FALSE,carlos_dos_miguel_pereira_santos,carlos_dos_miguel_pereira_santos
2024-25,428,Eric da Silva Moreira,eric da silva moreira,da_eric_moreira_silva,Nott'm Forest,MID,38,28,1,38,FALSE,da_eric_moreira_silva,da_eric_moreira_silva
2024-25,429,Danilo dos Santos de Oliveira,danilo dos santos de oliveira,danilo_de_dos_oliveira_santos,Nott'm Forest,MID,38,270,1,38,FALSE,danilo_de_dos_oliveira_santos,danilo_de_dos_oliveira_santos
2024-25,430,Emmanuel Dennis,emmanuel dennis,dennis_emmanuel,Nott'm Forest,FWD,38,0,1,38,FALSE,dennis_emmanuel,dennis_emmanuel
2024-25,431,Nicolás Domínguez,nicolas dominguez,dominguez_nicolas,Nott'm Forest,MID,38,1954,1,38,FALSE,dominguez_nicolas,dominguez_nicolas
2024-25,432,Anthony Elanga,anthony elanga,anthony_elanga,Nott'm Forest,MID,38,2496,1,38,FALSE,anthony_elanga,anthony_elanga
2024-25,433,Morgan Gibbs-White,morgan gibbs white,gibbs_morgan_white,Nott'm Forest,MID,38,2806,1,38,FALSE,gibbs_morgan_white,gibbs_morgan_white
2024-25,434,Callum Hudson-Odoi,callum hudson odoi,callum_hudson_odoi,Nott'm Forest,MID,38,2190,1,38,FALSE,callum_hudson_odoi,callum_hudson_odoi
2024-25,435,Alex Mighten,alex mighten,alex_mighten,Nott'm Forest,MID,38,0,1,38,FALSE,alex_mighten,alex_mighten
2024-25,436,Murillo Santiago Costa dos Santos,murillo santiago costa dos santos,costa_dos_murillo_santiago_santos,Nott'm Forest,DEF,38,3188,1,38,FALSE,costa_dos_murillo_santiago_santos,costa_dos_murillo_santiago_santos
2024-25,437,Neco Williams,neco williams,neco_williams,Nott'm Forest,DEF,38,2588,1,38,FALSE,neco_williams,neco_williams
2024-25,438,Omar Richards,omar richards,omar_richards,Nott'm Forest,DEF,38,0,1,38,FALSE,omar_richards,omar_richards
2024-25,439,Lewis O'Brien,lewis o brien,brien_lewis_o,Nott'm Forest,MID,38,0,1,38,FALSE,brien_lewis_o,brien_lewis_o
2024-25,440,Andrew Omobamidele,andrew omobamidele,andrew_omobamidele,Nott'm Forest,DEF,38,0,1,38,FALSE,andrew_omobamidele,andrew_omobamidele
2024-25,441,Jonathan Panzo,jonathan panzo,jonathan_panzo,Nott'm Forest,DEF,38,0,1,38,FALSE,jonathan_panzo,jonathan_panzo
2024-25,442,Ibrahim Sangaré,ibrahim sangare,ibrahim_sangare,Nott'm Forest,MID,38,584,1,38,FALSE,ibrahim_sangare,ibrahim_sangare
2024-25,443,Matz Sels,matz sels,matz_sels,Nott'm Forest,GK,38,3420,1,38,FALSE,matz_sels,matz_sels
2024-25,444,Harry Toffolo,harry toffolo,harry_toffolo,Nott'm Forest,DEF,38,135,1,38,FALSE,harry_toffolo,harry_toffolo
2024-25,445,Matt Turner,matt turner,matt_turner,Crystal Palace/Nott'm Forest,GK,38,0,1,38,FALSE,matt_turner,matt_turner
2024-25,446,Hwang Ui-jo,hwang ui jo,hwang_jo_ui,Nott'm Forest,FWD,38,0,1,38,FALSE,hwang_jo_ui,hwang_jo_ui
2024-25,447,Chris Wood,chris wood,chris_wood,Nott'm Forest,FWD,38,2958,1,38,FALSE,chris_wood,chris_wood
2024-25,448,Joe Worrall,joe worrall,joe_worrall,Nott'm Forest,DEF,38,0,1,38,FALSE,joe_worrall,joe_worrall
2024-25,449,Ryan Yates,ryan yates,ryan_yates,Nott'm Forest,MID,38,1901,1,38,FALSE,ryan_yates,ryan_yates
2024-25,450,Carlos Alcaraz Durán,carlos alcaraz duran,alcaraz_carlos_duran,Everton/Southampton,MID,39,766,1,38,FALSE,alcaraz_carlos_duran,alcaraz_carlos_duran
2024-25,451,Samuel Amo-Ameyaw,samuel amo ameyaw,ameyaw_amo_samuel,Southampton,MID,38,26,1,38,FALSE,ameyaw_amo_samuel,ameyaw_amo_samuel
2024-25,452,Joe Aribo,joe aribo,aribo_joe,Southampton,MID,38,2007,1,38,FALSE,aribo_joe,aribo_joe
2024-25,453,Adam Armstrong,adam armstrong,adam_armstrong,Southampton,FWD,38,1246,1,38,FALSE,adam_armstrong,adam_armstrong
2024-25,454,Gavin Bazunu,gavin bazunu,bazunu_gavin,Southampton,GK,38,0,1,38,FALSE,bazunu_gavin,bazunu_gavin
2024-25,455,Jan Bednarek,jan bednarek,bednarek_jan,Southampton,DEF,38,2531,1,38,FALSE,bednarek_jan,bednarek_jan
2024-25,456,Armel Bella-Kotchap,armel bella kotchap,armel_bella_kotchap,Southampton,DEF,38,329,1,38,FALSE,armel_bella_kotchap,armel_bella_kotchap
2024-25,457,James Bree,james bree,bree_james,Southampton,DEF,38,1070,1,38,FALSE,bree_james,bree_james
2024-25,458,Shea Charles,shea charles,charles_shea,Southampton,MID,38,0,1,38,FALSE,charles_shea,charles_shea
2024-25,459,Samuel Edozie,samuel edozie,edozie_samuel,Southampton,MID,38,64,1,38,FALSE,edozie_samuel,edozie_samuel
2024-25,460,Ronnie Edwards,ronnie edwards,edwards_ronnie,Southampton,DEF,38,12,1,38,FALSE,edwards_ronnie,edwards_ronnie
2024-25,461,Taylor Harwood-Bellis,taylor harwood bellis,bellis_harwood_taylor,Southampton,DEF,38,2824,1,38,FALSE,bellis_harwood_taylor,bellis_harwood_taylor
2024-25,462,Kamaldeen Sulemana,kamaldeen sulemana,kamaldeen_sulemana,Southampton,MID,38,1394,1,38,FALSE,kamaldeen_sulemana,kamaldeen_sulemana
2024-25,463,Adam Lallana,adam lallana,adam_lallana,Southampton,MID,38,352,1,38,FALSE,adam_lallana,adam_lallana
2024-25,464,Juan Larios López,juan larios lopez,juan_larios_lopez,Southampton,DEF,38,0,1,38,FALSE,juan_larios_lopez,juan_larios_lopez
2024-25,465,Mateusz Lis,mateusz lis,lis_mateusz,Southampton,GK,38,0,1,38,FALSE,lis_mateusz,lis_mateusz
2024-25,466,Joe Lumley,joe lumley,joe_lumley,Southampton,GK,38,270,1,38,FALSE,joe_lumley,joe_lumley
2024-25,467,Ryan Manning,ryan manning,manning_ryan,Southampton,DEF,38,1458,1,38,FALSE,manning_ryan,manning_ryan
2024-25,468,Sékou Mara,sekou mara,mara_sekou,Southampton,FWD,38,0,1,38,FALSE,mara_sekou,mara_sekou
2024-25,469,Alex McCarthy,alex mccarthy,alex_mccarthy,Southampton,GK,38,450,1,38,FALSE,alex_mccarthy,alex_mccarthy
2024-25,470,Paul Onuachu,paul onuachu,onuachu_paul,Southampton,FWD,38,1038,1,38,FALSE,onuachu_paul,onuachu_paul
2024-25,471,Will Smallbone,will smallbone,smallbone_will,Southampton,MID,38,679,1,38,FALSE,smallbone_will,smallbone_will
2024-25,472,Jack Stephens,jack stephens,jack_stephens,Southampton,DEF,38,1389,1,38,FALSE,jack_stephens,jack_stephens
2024-25,473,Ross Stewart,ross stewart,ross_stewart,Southampton,FWD,38,382,1,38,FALSE,ross_stewart,ross_stewart
2024-25,474,Sugawara Yukinari,sugawara yukinari,sugawara_yukinari,Southampton,DEF,38,1548,1,38,FALSE,sugawara_yukinari,sugawara_yukinari
2024-25,475,Charlie Taylor,charlie taylor,charlie_taylor,Southampton,DEF,38,353,1,38,FALSE,charlie_taylor,charlie_taylor
2024-25,476,Kyle Walker-Peters,kyle walker peters,kyle_peters_walker,Southampton,DEF,38,2918,1,38,FALSE,kyle_peters_walker,kyle_peters_walker
2024-25,477,Nathan Wood-Gordon,nathan wood gordon,gordon_nathan_wood,Southampton,DEF,38,771,1,38,FALSE,gordon_nathan_wood,gordon_nathan_wood
2024-25,478,Ashley Phillips,ashley phillips,ashley_phillips,Spurs,DEF,38,0,1,38,FALSE,ashley_phillips,ashley_phillips
2024-25,479,Brandon Austin,brandon austin,austin_brandon,Spurs,GK,38,90,1,38,FALSE,austin_brandon,austin_brandon
2024-25,480,Rodrigo Bentancur,rodrigo bentancur,bentancur_rodrigo,Spurs,MID,38,1640,1,38,FALSE,bentancur_rodrigo,bentancur_rodrigo
2024-25,481,Lucas Bergvall,lucas bergvall,bergvall_lucas,Spurs,MID,38,1200,1,38,FALSE,bergvall_lucas,bergvall_lucas
2024-25,482,Yves Bissouma,yves bissouma,bissouma_yves,Spurs,MID,38,1396,1,38,FALSE,bissouma_yves,bissouma_yves
2024-25,483,Bryan Gil Salvatierra,bryan gil salvatierra,bryan_gil_salvatierra,Spurs,MID,38,0,1,38,FALSE,bryan_gil_salvatierra,bryan_gil_salvatierra
2024-25,484,Ben Davies,ben davies,ben_davies,Spurs,DEF,38,1329,1,38,TRUE,ben_davies__def__spurs,ben_davies__def__spurs
2024-25,485,Alfie Devine,alfie devine,alfie_devine,Spurs,MID,38,0,1,38,FALSE,alfie_devine,alfie_devine
2024-25,486,Radu Drăgușin,radu dragusin,dragusin_radu,Spurs,DEF,38,1250,1,38,FALSE,dragusin_radu,dragusin_radu
2024-25,487,Emerson Leite de Souza Junior,emerson leite de souza junior,de_emerson_junior_leite_souza,Spurs,DEF,38,0,1,38,FALSE,de_emerson_junior_leite_souza,de_emerson_junior_leite_souza
2024-25,488,Fraser Forster,fraser forster,forster_fraser,Spurs,GK,38,630,1,38,FALSE,forster_fraser,forster_fraser
2024-25,489,Archie Gray,archie gray,archie_gray,Spurs,MID,38,1750,1,38,FALSE,archie_gray,archie_gray
2024-25,490,Pierre-Emile Højbjerg,pierre emile hojbjerg,emile_hojbjerg_pierre,Spurs,MID,38,0,1,38,FALSE,emile_hojbjerg_pierre,emile_hojbjerg_pierre
2024-25,491,Brennan Johnson,brennan johnson,brennan_johnson,Spurs,MID,38,2171,1,38,FALSE,brennan_johnson,brennan_johnson
2024-25,492,Dejan Kulusevski,dejan kulusevski,dejan_kulusevski,Spurs,MID,38,2386,1,38,FALSE,dejan_kulusevski,dejan_kulusevski
2024-25,493,Giovani Lo Celso,giovani lo celso,celso_giovani_lo,Spurs,MID,38,0,1,38,FALSE,celso_giovani_lo,celso_giovani_lo
2024-25,494,James Maddison,james maddison,james_maddison,Spurs,MID,38,1799,1,38,FALSE,james_maddison,james_maddison
2024-25,495,Pedro Porro,pedro porro,pedro_porro,Spurs,DEF,38,2606,1,38,FALSE,pedro_porro,pedro_porro
2024-25,496,Sergio Reguilón,sergio reguilon,reguilon_sergio,Spurs,DEF,38,194,1,38,FALSE,reguilon_sergio,reguilon_sergio
2024-25,497,Richarlison de Andrade,richarlison de andrade,andrade_de_richarlison,Spurs,FWD,38,497,1,38,FALSE,andrade_de_richarlison,andrade_de_richarlison
2024-25,498,Cristian Romero,cristian romero,cristian_romero,Spurs,DEF,38,1416,1,38,FALSE,cristian_romero,cristian_romero
2024-25,499,Pape Matar Sarr,pape matar sarr,matar_pape_sarr,Spurs,MID,38,1901,1,38,FALSE,matar_pape_sarr,matar_pape_sarr
2024-25,500,Dane Scarlett,dane scarlett,dane_scarlett,Spurs,FWD,38,31,1,38,FALSE,dane_scarlett,dane_scarlett
2024-25,501,Oliver Skipp,oliver skipp,oliver_skipp,Leicester/Spurs,MID,38,1118,1,38,FALSE,oliver_skipp,oliver_skipp
2024-25,502,Manor Solomon,manor solomon,manor_solomon,Spurs,MID,38,0,1,38,FALSE,manor_solomon,manor_solomon
2024-25,503,Son Heung-min,son heung min,heung_min_son,Spurs,MID,38,2106,1,38,FALSE,heung_min_son,heung_min_son
2024-25,504,Djed Spence,djed spence,djed_spence,Spurs,DEF,38,1790,1,38,FALSE,djed_spence,djed_spence
2024-25,505,Destiny Udogie,destiny udogie,destiny_udogie,Spurs,DEF,38,1923,1,38,FALSE,destiny_udogie,destiny_udogie
2024-25,506,Micky van de Ven,micky van de ven,de_micky_van_ven,Spurs,DEF,38,1014,1,38,FALSE,de_micky_van_ven,de_micky_van_ven
2024-25,507,Alejo Véliz,alejo veliz,alejo_veliz,Spurs,FWD,38,0,1,38,FALSE,alejo_veliz,alejo_veliz
2024-25,508,Guglielmo Vicario,guglielmo vicario,guglielmo_vicario,Spurs,GK,38,2160,1,38,FALSE,guglielmo_vicario,guglielmo_vicario
2024-25,509,Timo Werner,timo werner,timo_werner,Spurs,MID,38,504,1,38,FALSE,timo_werner,timo_werner
2024-25,510,Alfie Whiteman,alfie whiteman,alfie_whiteman,Spurs,GK,38,0,1,38,FALSE,alfie_whiteman,alfie_whiteman
2024-25,511,Edson Álvarez Velázquez,edson alvarez velazquez,alvarez_edson_velazquez,West Ham,MID,38,1769,1,38,FALSE,alvarez_edson_velazquez,alvarez_edson_velazquez
2024-25,512,Michail Antonio,michail antonio,antonio_michail,West Ham,FWD,38,834,1,38,FALSE,antonio_michail,antonio_michail
2024-25,513,Alphonse Areola,alphonse areola,alphonse_areola,West Ham,GK,38,2259,1,38,FALSE,alphonse_areola,alphonse_areola
2024-25,514,Jarrod Bowen,jarrod bowen,bowen_jarrod,West Ham,MID,38,2974,1,38,FALSE,bowen_jarrod,bowen_jarrod
2024-25,515,Maxwel Cornet,maxwel cornet,cornet_maxwel,Southampton/West Ham,MID,38,71,1,38,FALSE,cornet_maxwel,cornet_maxwel
2024-25,516,Vladimír Coufal,vladimir coufal,coufal_vladimir,West Ham,DEF,38,1056,1,38,FALSE,coufal_vladimir,coufal_vladimir
2024-25,517,Aaron Cresswell,aaron cresswell,aaron_cresswell,West Ham,DEF,38,818,1,38,FALSE,aaron_cresswell,aaron_cresswell
2024-25,518,Flynn Downes,flynn downes,downes_flynn,Southampton,MID,38,2149,1,38,FALSE,downes_flynn,downes_flynn
2024-25,519,George Earthy,george earthy,earthy_george,West Ham,MID,38,0,1,38,FALSE,earthy_george,earthy_george
2024-25,520,Emerson Palmieri dos Santos,emerson palmieri dos santos,dos_emerson_palmieri_santos,West Ham,DEF,38,2108,1,38,FALSE,dos_emerson_palmieri_santos,dos_emerson_palmieri_santos
2024-25,521,Łukasz Fabiański,lukasz fabianski,fabianski_lukasz,West Ham,GK,38,1160,1,38,FALSE,fabianski_lukasz,fabianski_lukasz
2024-25,522,Wes Foderingham,wes foderingham,foderingham_wes,West Ham,GK,38,0,1,38,FALSE,foderingham_wes,foderingham_wes
2024-25,523,Danny Ings,danny ings,danny_ings,West Ham,FWD,38,270,1,38,FALSE,danny_ings,danny_ings
2024-25,524,Max Kilman,max kilman,kilman_max,West Ham,DEF,38,3348,1,38,FALSE,kilman_max,kilman_max
2024-25,525,Mohammed Kudus,mohammed kudus,kudus_mohammed,West Ham,MID,38,2589,1,38,FALSE,kudus_mohammed,kudus_mohammed
2024-25,526,Luis Guilherme Lira dos Santos,luis guilherme lira dos santos,dos_guilherme_lira_luis_santos,West Ham,MID,38,139,1,38,FALSE,dos_guilherme_lira_luis_santos,dos_guilherme_lira_luis_santos
2024-25,527,Lucas Tolentino Coelho de Lima,lucas tolentino coelho de lima,coelho_de_lima_lucas_tolentino,West Ham,MID,38,2374,1,38,FALSE,coelho_de_lima_lucas_tolentino,coelho_de_lima_lucas_tolentino
2024-25,528,Konstantinos Mavropanos,konstantinos mavropanos,konstantinos_mavropanos,West Ham,DEF,38,2035,1,38,FALSE,konstantinos_mavropanos,konstantinos_mavropanos
2024-25,529,Nayef Aguerd,nayef aguerd,aguerd_nayef,West Ham,DEF,38,0,1,38,FALSE,aguerd_nayef,aguerd_nayef
2024-25,530,Tomáš Souček,tomas soucek,soucek_tomas,West Ham,MID,38,2563,1,38,FALSE,soucek_tomas,soucek_tomas
2024-25,531,James Ward-Prowse,james ward prowse,james_prowse_ward,Nott'm Forest/West Ham,MID,38,1433,1,38,FALSE,james_prowse_ward,james_prowse_ward
2024-25,532,Kurt Zouma,kurt zouma,kurt_zouma,West Ham,DEF,38,0,1,38,FALSE,kurt_zouma,kurt_zouma
2024-25,533,Rayan Aït-Nouri,rayan ait nouri,ait_nouri_rayan,Wolves,DEF,38,3112,1,38,FALSE,ait_nouri_rayan,ait_nouri_rayan
2024-25,534,Boubacar Traoré,boubacar traore,boubacar_traore,Wolves,MID,38,1,1,38,FALSE,boubacar_traore,boubacar_traore
2024-25,535,Jean-Ricner Bellegarde,jean ricner bellegarde,bellegarde_jean_ricner,Wolves,MID,38,1666,1,38,FALSE,bellegarde_jean_ricner,bellegarde_jean_ricner
2024-25,536,Daniel Bentley,daniel bentley,bentley_daniel,Wolves,GK,38,180,1,38,FALSE,bentley_daniel,bentley_daniel
2024-25,537,Francisco Jorge Tomás Oliveira,francisco jorge tomas oliveira,francisco_jorge_oliveira_tomas,Wolves,MID,38,6,1,38,FALSE,francisco_jorge_oliveira_tomas,francisco_jorge_oliveira_tomas
2024-25,538,Tawanda Chirewa,tawanda chirewa,chirewa_tawanda,Wolves,MID,38,0,1,38,FALSE,chirewa_tawanda,chirewa_tawanda
2024-25,539,Leon Chiwome,leon chiwome,chiwome_leon,Wolves,FWD,38,0,1,38,FALSE,chiwome_leon,chiwome_leon
2024-25,540,Luke Cundle,luke cundle,cundle_luke,Wolves,MID,38,0,1,38,FALSE,cundle_luke,cundle_luke
2024-25,541,Matheus Santos Carneiro Da Cunha,matheus santos carneiro da cunha,carneiro_cunha_da_matheus_santos,Wolves,FWD,38,2596,1,38,FALSE,carneiro_cunha_da_matheus_santos,carneiro_cunha_da_matheus_santos
2024-25,542,Craig Dawson,craig dawson,craig_dawson,Wolves,DEF,38,969,1,38,FALSE,craig_dawson,craig_dawson
2024-25,543,Matt Doherty,matt doherty,doherty_matt,Wolves,DEF,38,2105,1,38,FALSE,doherty_matt,doherty_matt
2024-25,544,Tommy Doyle,tommy doyle,doyle_tommy,Wolves,MID,38,474,1,38,FALSE,doyle_tommy,doyle_tommy
2024-25,545,Fábio Silva,fabio silva,fabio_silva,Wolves,FWD,38,0,1,38,FALSE,fabio_silva,fabio_silva
2024-25,546,Nathan Fraser,nathan fraser,fraser_nathan,Wolves,FWD,38,0,1,38,FALSE,fraser_nathan,fraser_nathan
2024-25,547,Enso González,enso gonzalez,enso_gonzalez,Wolves,MID,38,0,1,38,FALSE,enso_gonzalez,enso_gonzalez
2024-25,548,Gonçalo Manuel Ganchinho Guedes,goncalo manuel ganchinho guedes,ganchinho_goncalo_guedes_manuel,Wolves,MID,38,979,1,38,FALSE,ganchinho_goncalo_guedes_manuel,ganchinho_goncalo_guedes_manuel
2024-25,549,Hugo Bueno López,hugo bueno lopez,bueno_hugo_lopez,Wolves,DEF,38,0,1,38,FALSE,bueno_hugo_lopez,bueno_hugo_lopez
2024-25,550,Hwang Hee-chan,hwang hee chan,chan_hee_hwang,Wolves,MID,38,646,1,38,FALSE,chan_hee_hwang,chan_hee_hwang
2024-25,551,Joe Hodge,joe hodge,hodge_joe,Wolves,MID,38,0,1,38,FALSE,hodge_joe,hodge_joe
2024-25,552,Ki-Jana Hoever,ki jana hoever,hoever_jana_ki,Wolves,DEF,38,0,1,38,FALSE,hoever_jana_ki,hoever_jana_ki
2024-25,553,João Victor Gomes da Silva,joao victor gomes da silva,da_gomes_joao_silva_victor,Wolves,MID,38,2975,1,38,FALSE,da_gomes_joao_silva_victor,da_gomes_joao_silva_victor
2024-25,554,José Malheiro de Sá,jose malheiro de sa,de_jose_malheiro_sa,Wolves,GK,38,2610,1,38,FALSE,de_jose_malheiro_sa,de_jose_malheiro_sa
2024-25,555,Saša Kalajdžić,sasa kalajdzic,kalajdzic_sasa,Wolves,FWD,38,0,1,38,FALSE,kalajdzic_sasa,kalajdzic_sasa
2024-25,556,Tom King,tom king,king_tom,Wolves,GK,38,1,1,38,FALSE,king_tom,king_tom
2024-25,557,Mario Lemina,mario lemina,lemina_mario,Wolves,MID,38,1363,1,38,FALSE,lemina_mario,lemina_mario
2024-25,558,Yerson Mosquera,yerson mosquera,mosquera_yerson,Wolves,DEF,38,441,1,38,FALSE,mosquera_yerson,mosquera_yerson
2024-25,559,Nélson Cabral Semedo,nelson cabral semedo,cabral_nelson_semedo,Wolves,DEF,38,2889,1,38,FALSE,cabral_nelson_semedo,cabral_nelson_semedo
2024-25,560,Pedro Lomba Neto,pedro lomba neto,lomba_neto_pedro,Chelsea,MID,38,2262,1,38,FALSE,lomba_neto_pedro,lomba_neto_pedro
2024-25,561,Pedro Cardoso de Lima,pedro cardoso de lima,cardoso_de_lima_pedro,Wolves,DEF,38,69,1,38,FALSE,cardoso_de_lima_pedro,cardoso_de_lima_pedro
2024-25,562,Daniel Castelo Podence,daniel castelo podence,castelo_daniel_podence,Wolves,MID,38,46,1,38,FALSE,castelo_daniel_podence,castelo_daniel_podence
2024-25,563,Rodrigo Martins Gomes,rodrigo martins gomes,gomes_martins_rodrigo,Wolves,MID,38,794,1,38,FALSE,gomes_martins_rodrigo,gomes_martins_rodrigo
2024-25,564,Santiago Bueno,santiago bueno,bueno_santiago,Wolves,DEF,38,1678,1,38,FALSE,bueno_santiago,bueno_santiago
2024-25,565,Pablo Sarabia,pablo sarabia,pablo_sarabia,Wolves,MID,38,800,1,38,FALSE,pablo_sarabia,pablo_sarabia
2024-25,566,Jørgen Strand Larsen,jorgen strand larsen,jorgen_larsen_strand,Wolves,FWD,38,2587,1,38,FALSE,jorgen_larsen_strand,jorgen_larsen_strand
2024-25,567,Toti António Gomes,toti antonio gomes,antonio_gomes_toti,Wolves,DEF,38,2613,1,38,FALSE,antonio_gomes_toti,antonio_gomes_toti
2024-25,568,Arijanet Muric,arijanet muric,arijanet_muric,Ipswich,GK,38,1620,1,38,FALSE,arijanet_muric,arijanet_muric
2024-25,569,Jaden Philogene,jaden philogene,jaden_philogene,Aston Villa/Ipswich,MID,38,796,1,38,FALSE,jaden_philogene,jaden_philogene
2024-25,570,Abdul Fatawu,abdul fatawu,abdul_fatawu,Leicester,MID,38,576,1,38,FALSE,abdul_fatawu,abdul_fatawu
2024-25,571,Sávio 'Savinho' Moreira de Oliveira,savio savinho moreira de oliveira,de_moreira_oliveira_savinho_savio,Man City,MID,38,1760,1,38,FALSE,de_moreira_oliveira_savinho_savio,de_moreira_oliveira_savinho_savio
2024-25,572,Leny Yoro,leny yoro,leny_yoro,Man Utd,DEF,38,1160,1,38,FALSE,leny_yoro,leny_yoro
2024-25,573,Nikola Milenković,nikola milenkovic,milenkovic_nikola,Nott'm Forest,DEF,38,3330,1,38,FALSE,milenkovic_nikola,milenkovic_nikola
2024-25,574,Miodrag Pivaš,miodrag pivas,miodrag_pivas,Newcastle,DEF,38,0,1,38,FALSE,miodrag_pivas,miodrag_pivas
2024-25,575,Caleb Wiley,caleb wiley,caleb_wiley,Chelsea,DEF,38,0,1,38,FALSE,caleb_wiley,caleb_wiley
2024-25,576,Andy Irving,andy irving,andy_irving,West Ham,MID,38,161,1,38,FALSE,andy_irving,andy_irving
2024-25,577,Jesper Lindstrøm,jesper lindstrom,jesper_lindstrom,Everton,MID,38,1229,1,38,FALSE,jesper_lindstrom,jesper_lindstrom
2024-25,578,Riccardo Calafiori,riccardo calafiori,calafiori_riccardo,Arsenal,DEF,38,978,1,38,FALSE,calafiori_riccardo,calafiori_riccardo
2024-25,579,Ryan Sessegnon,ryan sessegnon,ryan_sessegnon,Fulham,DEF,38,574,1,38,FALSE,ryan_sessegnon,ryan_sessegnon
2024-25,580,Dean Huijsen,dean huijsen,dean_huijsen,Bournemouth,DEF,38,2422,1,38,FALSE,dean_huijsen,dean_huijsen
2024-25,581,Filip Jørgensen,filip jorgensen,filip_jorgensen,Chelsea,GK,38,540,1,38,FALSE,filip_jorgensen,filip_jorgensen
2024-25,582,Jake O'Brien,jake o brien,brien_jake_o,Everton,DEF,38,1568,1,38,FALSE,brien_jake_o,brien_jake_o
2024-25,583,Conor Townsend,conor townsend,conor_townsend,Ipswich,DEF,38,334,1,38,FALSE,conor_townsend,conor_townsend
2024-25,584,Ben Brereton Díaz,ben brereton diaz,ben_brereton_diaz,Southampton,MID,38,446,1,38,FALSE,ben_brereton_diaz,ben_brereton_diaz
2024-25,585,Ismaïla Sarr,ismaila sarr,ismaila_sarr,Crystal Palace,MID,38,2708,1,38,FALSE,ismaila_sarr,ismaila_sarr
2024-25,586,Jorge Cuenca Barreno,jorge cuenca barreno,barreno_cuenca_jorge,Fulham,DEF,38,349,1,38,FALSE,barreno_cuenca_jorge,barreno_cuenca_jorge
2024-25,587,Crysencio Summerville,crysencio summerville,crysencio_summerville,West Ham,MID,38,776,1,38,FALSE,crysencio_summerville,crysencio_summerville
2024-25,588,Guido Rodríguez,guido rodriguez,guido_rodriguez,West Ham,MID,38,1147,1,38,FALSE,guido_rodriguez,guido_rodriguez
2024-25,589,Niclas Füllkrug,niclas fullkrug,fullkrug_niclas,West Ham,FWD,38,783,1,38,FALSE,fullkrug_niclas,fullkrug_niclas
2024-25,590,William Osula,william osula,osula_william,Newcastle,FWD,38,124,1,38,FALSE,osula_william,osula_william
2024-25,591,Jean-Clair Todibo,jean clair todibo,clair_jean_todibo,West Ham,DEF,38,1824,1,38,FALSE,clair_jean_todibo,clair_jean_todibo
2024-25,592,Julián Araujo Zúñiga,julian araujo zuniga,araujo_julian_zuniga,Bournemouth,DEF,38,492,1,38,FALSE,araujo_julian_zuniga,araujo_julian_zuniga
2024-25,593,Matthijs de Ligt,matthijs de ligt,de_ligt_matthijs,Man Utd,DEF,38,2119,1,38,FALSE,de_ligt_matthijs,de_ligt_matthijs
2024-25,594,Noussair Mazraoui,noussair mazraoui,mazraoui_noussair,Man Utd,DEF,38,2836,1,38,FALSE,mazraoui_noussair,mazraoui_noussair
2024-25,595,Brajan Gruda,brajan gruda,brajan_gruda,Brighton,MID,38,676,1,38,FALSE,brajan_gruda,brajan_gruda
2024-25,596,João Pedro Ferreira Silva,joao pedro ferreira silva,ferreira_joao_pedro_silva,Nott'm Forest,MID,38,835,1,38,FALSE,ferreira_joao_pedro_silva,ferreira_joao_pedro_silva
2024-25,597,Myles Lewis-Skelly,myles lewis skelly,lewis_myles_skelly,Arsenal,MID,38,1362,1,38,FALSE,lewis_myles_skelly,lewis_myles_skelly
2024-25,598,Lamare Bogarde,lamare bogarde,bogarde_lamare,Aston Villa,DEF,38,473,1,38,FALSE,bogarde_lamare,bogarde_lamare
2024-25,599,Will Dennis,will dennis,dennis_will,Bournemouth,GK,38,0,1,38,FALSE,dennis_will,dennis_will
2024-25,600,Yasin Ayari,yasin ayari,ayari_yasin,Brighton,MID,38,1958,1,38,FALSE,ayari_yasin,ayari_yasin
2024-25,601,Andrew Moran,andrew moran,andrew_moran,Brighton,MID,38,0,1,38,FALSE,andrew_moran,andrew_moran
2024-25,602,Ryan Trevitt,ryan trevitt,ryan_trevitt,Brentford,MID,38,3,1,38,FALSE,ryan_trevitt,ryan_trevitt
2024-25,603,Harrison Armstrong,harrison armstrong,armstrong_harrison,Everton,MID,38,47,1,38,FALSE,armstrong_harrison,armstrong_harrison
2024-25,604,Josh King,josh king,josh_king,Fulham,MID,38,126,1,38,FALSE,josh_king,josh_king
2024-25,605,Martial Godo,martial godo,godo_martial,Fulham,MID,38,21,1,38,FALSE,godo_martial,godo_martial
2024-25,606,Will Alves,will alves,alves_will,Leicester,MID,38,1,1,38,FALSE,alves_will,alves_will
2024-25,607,Nico O'Reilly,nico o reilly,nico_o_reilly,Man City,MID,38,525,1,38,FALSE,nico_o_reilly,nico_o_reilly
2024-25,608,Tyler Dibling,tyler dibling,dibling_tyler,Southampton,MID,38,1863,1,38,FALSE,dibling_tyler,dibling_tyler
2024-25,609,Will Lankshear,will lankshear,lankshear_will,Spurs,FWD,38,10,1,38,FALSE,lankshear_will,lankshear_will
2024-25,610,Mikey Moore,mikey moore,mikey_moore,Spurs,MID,38,359,1,38,FALSE,mikey_moore,mikey_moore
2024-25,611,Sam Szmodics,sam szmodics,sam_szmodics,Ipswich,MID,38,988,1,38,FALSE,sam_szmodics,sam_szmodics
2024-25,612,Wilson Odobert,wilson odobert,odobert_wilson,Spurs,MID,38,843,1,38,FALSE,odobert_wilson,odobert_wilson
2024-25,613,Toby Collyer,toby collyer,collyer_toby,Man Utd,MID,38,174,1,38,FALSE,collyer_toby,collyer_toby
2024-25,614,Jenson Metcalfe,jenson metcalfe,jenson_metcalfe,Everton,MID,38,0,1,38,FALSE,jenson_metcalfe,jenson_metcalfe
2024-25,615,Carl Rushworth,carl rushworth,carl_rushworth,Brighton,GK,38,0,1,38,FALSE,carl_rushworth,carl_rushworth
2024-25,616,Ben Nelson,ben nelson,ben_nelson,Leicester,DEF,38,0,1,38,FALSE,ben_nelson,ben_nelson
2024-25,617,Francisco Evanilson de Lima Barbosa,francisco evanilson de lima barbosa,barbosa_de_evanilson_francisco_lima,Bournemouth,FWD,37,2317,2,38,FALSE,barbosa_de_evanilson_francisco_lima,barbosa_de_evanilson_francisco_lima
2024-25,618,Georginio Rutter,georginio rutter,georginio_rutter,Brighton,MID,37,1651,2,38,FALSE,georginio_rutter,georginio_rutter
2024-25,619,Jens Cajuste,jens cajuste,cajuste_jens,Ipswich,MID,37,1960,2,38,FALSE,cajuste_jens,cajuste_jens
2024-25,620,Ramón Sosa,ramon sosa,ramon_sosa,Nott'm Forest,MID,37,280,2,38,FALSE,ramon_sosa,ramon_sosa
2024-25,621,João Félix Sequeira,joao felix sequeira,felix_joao_sequeira,Chelsea,MID,37,362,2,38,FALSE,felix_joao_sequeira,felix_joao_sequeira
2024-25,622,Sander Berge,sander berge,berge_sander,Fulham,MID,37,2221,2,38,FALSE,berge_sander,berge_sander
2024-25,623,Mateus Gonçalo Espanha Fernandes,mateus goncalo espanha fernandes,espanha_fernandes_goncalo_mateus,Southampton,MID,37,2911,2,38,FALSE,espanha_fernandes_goncalo_mateus,espanha_fernandes_goncalo_mateus
2024-25,624,Asmir Begovic,asmir begovic,asmir_begovic,Everton,GK,37,0,2,38,FALSE,asmir_begovic,asmir_begovic
2024-25,625,Ilkay Gündogan,ilkay gundogan,gundogan_ilkay,Man City,MID,37,2218,2,38,FALSE,gundogan_ilkay,gundogan_ilkay
2024-25,626,Issa Kaboré,issa kabore,issa_kabore,Man City,DEF,37,0,2,38,FALSE,issa_kabore,issa_kabore
2024-25,627,Roman Dixon,roman dixon,dixon_roman,Everton,DEF,37,90,2,38,FALSE,dixon_roman,dixon_roman
2024-25,628,Ferdi Kadioglu,ferdi kadioglu,ferdi_kadioglu,Brighton,DEF,36,385,3,38,FALSE,ferdi_kadioglu,ferdi_kadioglu
2024-25,629,Matt O'Riley,matt o riley,matt_o_riley,Brighton,MID,36,929,3,38,FALSE,matt_o_riley,matt_o_riley
2024-25,630,Dara O'Shea,dara o shea,dara_o_shea,Ipswich,DEF,36,3122,3,38,FALSE,dara_o_shea,dara_o_shea
2024-25,631,Jack Clarke,jack clarke,clarke_jack,Ipswich,MID,36,1161,3,38,FALSE,clarke_jack,clarke_jack
2024-25,632,Chiedozie Ogbene,chiedozie ogbene,chiedozie_ogbene,Ipswich,MID,36,237,3,38,FALSE,chiedozie_ogbene,chiedozie_ogbene
2024-25,633,Mikel Merino,mikel merino,merino_mikel,Arsenal,MID,36,1575,3,38,FALSE,merino_mikel,merino_mikel
2024-25,634,Gustavo Nunes Fernandes Gomes,gustavo nunes fernandes gomes,fernandes_gomes_gustavo_nunes,Brentford,MID,36,11,3,38,FALSE,fernandes_gomes_gustavo_nunes,fernandes_gomes_gustavo_nunes
2024-25,635,Bilal El Khannouss,bilal el khannouss,bilal_el_khannouss,Leicester,MID,36,2179,3,38,FALSE,bilal_el_khannouss,bilal_el_khannouss
2024-25,636,Federico Chiesa,federico chiesa,chiesa_federico,Liverpool,MID,36,103,3,38,FALSE,chiesa_federico,chiesa_federico
2024-25,637,Bastien Meupiyou,bastien meupiyou,bastien_meupiyou,Wolves,DEF,36,0,3,38,FALSE,bastien_meupiyou,bastien_meupiyou
2024-25,638,Salah-Eddine Oulad M'hand,salah eddine oulad m hand,eddine_hand_m_oulad_salah,Arsenal,MID,36,0,3,38,FALSE,eddine_hand_m_oulad_salah,eddine_hand_m_oulad_salah
2024-25,639,Tommy Setford,tommy setford,setford_tommy,Arsenal,GK,36,0,3,38,FALSE,setford_tommy,setford_tommy
2024-25,640,Sil Swinkels,sil swinkels,sil_swinkels,Aston Villa,DEF,36,0,3,38,FALSE,sil_swinkels,sil_swinkels
2024-25,641,Oliwier Zych,oliwier zych,oliwier_zych,Aston Villa,GK,36,0,3,38,FALSE,oliwier_zych,oliwier_zych
2024-25,642,André Trindade da Costa Neto,andre trindade da costa neto,andre_costa_da_neto_trindade,Wolves,MID,36,2472,3,38,FALSE,andre_costa_da_neto_trindade,andre_costa_da_neto_trindade
2024-25,643,Kaelan Casey,kaelan casey,casey_kaelan,West Ham,DEF,36,1,3,38,FALSE,casey_kaelan,casey_kaelan
2024-25,644,Franco Umeh-Chibueze,franco umeh chibueze,chibueze_franco_umeh,Crystal Palace,MID,36,0,3,38,FALSE,chibueze_franco_umeh,chibueze_franco_umeh
2024-25,645,Justin Devenny,justin devenny,devenny_justin,Crystal Palace,MID,36,494,3,38,FALSE,devenny_justin,devenny_justin
2024-25,646,Asher Agbinone,asher agbinone,agbinone_asher,Crystal Palace,MID,36,4,3,38,FALSE,agbinone_asher,agbinone_asher
2024-25,647,Kaden Rodney,kaden rodney,kaden_rodney,Crystal Palace,MID,36,0,3,38,FALSE,kaden_rodney,kaden_rodney
2024-25,648,Ethan Wheatley,ethan wheatley,ethan_wheatley,Man Utd,FWD,36,0,3,38,FALSE,ethan_wheatley,ethan_wheatley
2024-25,649,Jayden Meghoma,jayden meghoma,jayden_meghoma,Brentford,DEF,35,4,4,38,FALSE,jayden_meghoma,jayden_meghoma
2024-25,650,Maxence Lacroix,maxence lacroix,lacroix_maxence,Crystal Palace,DEF,35,3116,4,38,FALSE,lacroix_maxence,lacroix_maxence
2024-25,651,Orel Mangala,orel mangala,mangala_orel,Everton,MID,35,1257,4,38,FALSE,mangala_orel,mangala_orel
2024-25,652,Manuel Ugarte,manuel ugarte,manuel_ugarte,Man Utd,MID,35,1777,4,38,FALSE,manuel_ugarte,manuel_ugarte
2024-25,653,Felipe Rodrigues da Silva,felipe rodrigues da silva,da_felipe_rodrigues_silva,Nott'm Forest,DEF,35,891,4,38,FALSE,da_felipe_rodrigues_silva,da_felipe_rodrigues_silva
2024-25,654,Carlos Soler,carlos soler,carlos_soler,West Ham,MID,35,1394,4,38,FALSE,carlos_soler,carlos_soler
2024-25,655,Carlos Roberto Forbs Borges,carlos roberto forbs borges,borges_carlos_forbs_roberto,Wolves,MID,35,236,4,38,FALSE,borges_carlos_forbs_roberto,borges_carlos_forbs_roberto
2024-25,656,Kadan Young,kadan young,kadan_young,Aston Villa,MID,35,0,4,38,FALSE,kadan_young,kadan_young
2024-25,657,Maldini Kacurri,maldini kacurri,kacurri_maldini,Arsenal,DEF,35,0,4,38,FALSE,kacurri_maldini,kacurri_maldini
2024-25,658,Ayden Heaven,ayden heaven,ayden_heaven,Arsenal/Man Utd,DEF,35,169,4,38,FALSE,ayden_heaven,ayden_heaven
2024-25,659,Ismeal Kabia,ismeal kabia,ismeal_kabia,Arsenal,MID,35,0,4,38,FALSE,ismeal_kabia,ismeal_kabia
2024-25,660,Vítezslav Jaros,vitezslav jaros,jaros_vitezslav,Liverpool,GK,34,11,5,38,FALSE,jaros_vitezslav,jaros_vitezslav
2024-25,661,Tony Yogane,tony yogane,tony_yogane,Brentford,MID,34,0,5,38,FALSE,tony_yogane,tony_yogane
2024-25,662,Josh Nichols,josh nichols,josh_nichols,Arsenal,DEF,33,0,6,38,FALSE,josh_nichols,josh_nichols
2024-25,663,Imari Samuels,imari samuels,imari_samuels,Brighton,DEF,33,0,6,38,FALSE,imari_samuels,imari_samuels
2024-25,664,Alfie Pond,alfie pond,alfie_pond,Wolves,DEF,33,1,6,38,FALSE,alfie_pond,alfie_pond
2024-25,665,Nathan Butler-Oyedeji,nathan butler oyedeji,butler_nathan_oyedeji,Arsenal,FWD,32,6,7,38,FALSE,butler_nathan_oyedeji,butler_nathan_oyedeji
2024-25,666,Caleb Kporha,caleb kporha,caleb_kporha,Crystal Palace,DEF,32,11,7,38,FALSE,caleb_kporha,caleb_kporha
2024-25,667,Jack Fletcher,jack fletcher,fletcher_jack,Man Utd,MID,31,0,8,38,FALSE,fletcher_jack,fletcher_jack
2024-25,668,Killian Cahill,killian cahill,cahill_killian,Brighton,GK,30,0,9,38,FALSE,cahill_killian,cahill_killian
2024-25,669,Harvey Davies,harvey davies,davies_harvey,Liverpool,GK,30,0,9,38,FALSE,davies_harvey,davies_harvey
2024-25,670,Harry Amass,harry amass,amass_harry,Man Utd,DEF,30,345,9,38,FALSE,amass_harry,amass_harry
2024-25,671,Jacob Wright,jacob wright,jacob_wright,Man City,MID,29,0,10,38,FALSE,jacob_wright,jacob_wright
2024-25,672,Jahmai Simpson-Pusey,jahmai simpson pusey,jahmai_pusey_simpson,Man City,DEF,29,95,10,38,FALSE,jahmai_pusey_simpson,jahmai_pusey_simpson
2024-25,673,Jayce Fitzgerald,jayce fitzgerald,fitzgerald_jayce,Man Utd,MID,29,0,10,38,FALSE,fitzgerald_jayce,fitzgerald_jayce
2024-25,674,Paris Maghoma,paris maghoma,maghoma_paris,Brentford,MID,29,112,10,38,FALSE,maghoma_paris,maghoma_paris
2024-25,675,Josh Wilson-Esbrand,josh wilson esbrand,esbrand_josh_wilson,Man City,DEF,28,0,11,38,FALSE,esbrand_josh_wilson,esbrand_josh_wilson
2024-25,676,Zach Marsh,zach marsh,marsh_zach,Crystal Palace,FWD,28,0,11,38,FALSE,marsh_zach,marsh_zach
2024-25,677,Ollie Scarles,ollie scarles,ollie_scarles,West Ham,DEF,28,659,11,38,FALSE,ollie_scarles,ollie_scarles
2024-25,678,Callum Bates,callum bates,bates_callum,Everton,MID,28,0,11,38,FALSE,bates_callum,bates_callum
2024-25,679,Ben Broggio,ben broggio,ben_broggio,Aston Villa,MID,27,0,12,38,FALSE,ben_broggio,ben_broggio
2024-25,680,Max Kinsey,max kinsey,kinsey_max,Bournemouth,DEF,27,0,12,38,FALSE,kinsey_max,kinsey_max
2024-25,681,Ruairi McConville,ruairi mcconville,mcconville_ruairi,Brighton,DEF,27,0,12,38,FALSE,mcconville_ruairi,mcconville_ruairi
2024-25,682,Tom Edozie,tom edozie,edozie_tom,Wolves,MID,27,0,12,38,FALSE,edozie_tom,edozie_tom
2024-25,683,Callum Olusesi,callum olusesi,callum_olusesi,Spurs,MID,27,0,12,38,FALSE,callum_olusesi,callum_olusesi
2024-25,684,Malachi Hardy,malachi hardy,hardy_malachi,Spurs,DEF,27,0,12,38,FALSE,hardy_malachi,hardy_malachi
2024-25,685,Jacob Slater,jacob slater,jacob_slater,Brighton,DEF,26,0,13,38,FALSE,jacob_slater,jacob_slater
2024-25,686,Ezra Mayers,ezra mayers,ezra_mayers,West Ham,DEF,26,0,13,38,FALSE,ezra_mayers,ezra_mayers
2024-25,687,Ben Winterburn,ben winterburn,ben_winterburn,Bournemouth,MID,26,22,13,38,FALSE,ben_winterburn,ben_winterburn
2024-25,688,Treymaurice Nyoni,treymaurice nyoni,nyoni_treymaurice,Liverpool,MID,26,0,13,38,FALSE,nyoni_treymaurice,nyoni_treymaurice
2024-25,689,Luca Williams-Barnett,luca williams barnett,barnett_luca_williams,Spurs,MID,26,0,13,38,FALSE,barnett_luca_williams,barnett_luca_williams
2024-25,690,Samuel Amissah,samuel amissah,amissah_samuel,Fulham,DEF,26,0,13,38,FALSE,amissah_samuel,amissah_samuel
2024-25,691,Godwill Kukonki,godwill kukonki,godwill_kukonki,Man Utd,DEF,25,0,14,38,FALSE,godwill_kukonki,godwill_kukonki
2024-25,692,Amara Nallo,amara nallo,amara_nallo,Liverpool,DEF,25,0,14,38,FALSE,amara_nallo,amara_nallo
2024-25,693,Joseph O'Brien-Whitmarsh,joseph o brien whitmarsh,brien_joseph_o_whitmarsh,Southampton,MID,25,0,14,38,FALSE,brien_joseph_o_whitmarsh,brien_joseph_o_whitmarsh
2024-25,694,Henry Cartwright,henry cartwright,cartwright_henry,Leicester,MID,23,0,16,38,FALSE,cartwright_henry,cartwright_henry
2024-25,695,Samuel Rak-Sakyi,samuel rak sakyi,rak_sakyi_samuel,Chelsea,MID,23,0,16,38,FALSE,rak_sakyi_samuel,rak_sakyi_samuel
2024-25,696,Tyrique George,tyrique george,george_tyrique,Chelsea,MID,23,177,16,38,FALSE,george_tyrique,george_tyrique
2024-25,697,Josh Acheampong,josh acheampong,acheampong_josh,Chelsea,DEF,23,168,16,38,FALSE,acheampong_josh,acheampong_josh
2024-25,698,Divin Mubama,divin mubama,divin_mubama,Man City,FWD,23,27,16,38,FALSE,divin_mubama,divin_mubama
2024-25,699,Alfie Dorrington,alfie dorrington,alfie_dorrington,Spurs,DEF,23,13,16,38,FALSE,alfie_dorrington,alfie_dorrington
2024-25,700,Maeson King,maeson king,king_maeson,Spurs,DEF,23,0,16,38,FALSE,king_maeson,king_maeson
2024-25,701,Lewis Orford,lewis orford,lewis_orford,West Ham,MID,23,47,16,38,FALSE,lewis_orford,lewis_orford
2024-25,702,Archie Harris,archie harris,archie_harris,Bournemouth,DEF,21,0,18,38,FALSE,archie_harris,archie_harris
2024-25,703,Max Alleyne,max alleyne,alleyne_max,Man City,DEF,21,0,18,38,FALSE,alleyne_max,alleyne_max
2024-25,704,Spike Brits,spike brits,brits_spike,Man City,GK,21,0,18,38,FALSE,brits_spike,brits_spike
2024-25,705,Benjamin Arthur,benjamin arthur,arthur_benjamin,Brentford,DEF,21,0,18,38,FALSE,arthur_benjamin,arthur_benjamin
2024-25,706,Zach Abbott,zach abbott,abbott_zach,Nott'm Forest,DEF,20,0,19,38,FALSE,abbott_zach,abbott_zach
2024-25,707,Remy Rees-Dottin,remy rees dottin,dottin_rees_remy,Bournemouth,FWD,20,1,19,38,FALSE,dottin_rees_remy,dottin_rees_remy
2024-25,708,Thomas Wilson-Brown,thomas wilson brown,brown_thomas_wilson,Leicester,DEF,20,0,19,38,FALSE,brown_thomas_wilson,brown_thomas_wilson
2024-25,709,Jayden Danns,jayden danns,danns_jayden,Liverpool,FWD,21,10,19,38,FALSE,danns_jayden,danns_jayden
2024-25,710,Jamaldeen Jimoh,jamaldeen jimoh,jamaldeen_jimoh,Aston Villa,MID,19,0,20,38,FALSE,jamaldeen_jimoh,jamaldeen_jimoh
2024-25,711,Wes Okoduwa,wes okoduwa,okoduwa_wes,Wolves,DEF,19,0,20,38,FALSE,okoduwa_wes,okoduwa_wes
2024-25,712,Matai Akinmboni,matai akinmboni,akinmboni_matai,Bournemouth,DEF,18,0,21,38,FALSE,akinmboni_matai,akinmboni_matai
2024-25,713,Julio Soler,julio soler,julio_soler,Bournemouth,DEF,18,9,21,38,FALSE,julio_soler,julio_soler
2024-25,714,Diego Gómez,diego gomez,diego_gomez,Brighton,MID,18,507,21,38,FALSE,diego_gomez,diego_gomez
2024-25,715,Ben Godfrey,ben godfrey,ben_godfrey,Ipswich,DEF,18,158,21,38,FALSE,ben_godfrey,ben_godfrey
2024-25,716,Antonín Kinsky,antonin kinsky,antonin_kinsky,Spurs,GK,18,540,21,38,FALSE,antonin_kinsky,antonin_kinsky
2024-25,717,Min-Hyeok Yang,min hyeok yang,hyeok_min_yang,Spurs,MID,18,0,21,38,FALSE,hyeok_min_yang,hyeok_min_yang
2024-25,718,Welington Damascena Santos,welington damascena santos,damascena_santos_welington,Southampton,DEF,18,478,21,38,FALSE,damascena_santos_welington,damascena_santos_welington
2024-25,719,Joachim Kayi-Sanda,joachim kayi sanda,joachim_kayi_sanda,Southampton,DEF,18,12,21,38,FALSE,joachim_kayi_sanda,joachim_kayi_sanda
2024-25,720,Emmanuel Agbadou,emmanuel agbadou,agbadou_emmanuel,Wolves,DEF,18,1410,21,38,FALSE,agbadou_emmanuel,agbadou_emmanuel
2024-25,721,Wayne Hennessey,wayne hennessey,hennessey_wayne,Nott'm Forest,GK,18,0,21,38,FALSE,hennessey_wayne,hennessey_wayne
2024-25,722,Daniel Adu-Adjei,daniel adu adjei,adjei_adu_daniel,Bournemouth,FWD,18,0,21,38,FALSE,adjei_adu_daniel,adjei_adu_daniel
2024-25,723,Dominic Sadi,dominic sadi,dominic_sadi,Bournemouth,MID,18,0,21,38,FALSE,dominic_sadi,dominic_sadi
2024-25,724,Martin Sherif,martin sherif,martin_sherif,Everton,FWD,19,0,21,38,FALSE,martin_sherif,martin_sherif
2024-25,725,Donyell Malen,donyell malen,donyell_malen,Aston Villa,MID,17,296,22,38,FALSE,donyell_malen,donyell_malen
2024-25,726,Woyo Coulibaly,woyo coulibaly,coulibaly_woyo,Leicester,DEF,17,107,22,38,FALSE,coulibaly_woyo,coulibaly_woyo
2024-25,727,Callan McKenna,callan mckenna,callan_mckenna,Bournemouth,GK,17,0,22,38,FALSE,callan_mckenna,callan_mckenna
2024-25,728,Zain Silcott-Duberry,zain silcott duberry,duberry_silcott_zain,Bournemouth,MID,17,1,22,38,FALSE,duberry_silcott_zain,duberry_silcott_zain
2024-25,729,Damola Ajayi,damola ajayi,ajayi_damola,Spurs,MID,17,0,22,38,FALSE,ajayi_damola,ajayi_damola
2024-25,730,Romain Esse,romain esse,esse_romain,Crystal Palace,MID,16,138,23,38,FALSE,esse_romain,esse_romain
2024-25,731,Andrés García,andres garcia,andres_garcia,Aston Villa,DEF,16,316,23,38,FALSE,andres_garcia,andres_garcia
2024-25,732,Abdukodir Khusanov,abdukodir khusanov,abdukodir_khusanov,Man City,DEF,16,503,23,38,FALSE,abdukodir_khusanov,abdukodir_khusanov
2024-25,733,Vitor de Oliveira Nunes dos Reis,vitor de oliveira nunes dos reis,de_dos_nunes_oliveira_reis_vitor,Man City,DEF,16,1,23,38,FALSE,de_dos_nunes_oliveira_reis_vitor,de_dos_nunes_oliveira_reis_vitor
2024-25,734,Albert Grønbæk,albert gronbaek,albert_gronbaek,Southampton,MID,16,141,23,38,FALSE,albert_gronbaek,albert_gronbaek
2024-25,755,Omar Marmoush,omar marmoush,marmoush_omar,Man City,FWD,16,1174,23,38,FALSE,marmoush_omar,marmoush_omar
2024-25,756,Jack Porter,jack porter,jack_porter,Arsenal,GK,16,0,23,38,FALSE,jack_porter,jack_porter
2024-25,757,Michael Kayode,michael kayode,kayode_michael,Brentford,DEF,15,523,24,38,FALSE,kayode_michael,kayode_michael
2024-25,758,Joe Knight,joe knight,joe_knight,Brighton,MID,15,0,24,38,FALSE,joe_knight,joe_knight
2024-25,759,Julian Eyestone,julian eyestone,eyestone_julian,Brentford,GK,15,0,24,38,FALSE,eyestone_julian,eyestone_julian
2024-25,760,Dante Cassanova,dante cassanova,cassanova_dante,Spurs,DEF,15,0,24,38,FALSE,cassanova_dante,cassanova_dante
2024-25,761,Elyh Harrison,elyh harrison,elyh_harrison,Man Utd,GK,15,0,24,38,FALSE,elyh_harrison,elyh_harrison
2024-25,762,Marco Asensio,marco asensio,asensio_marco,Aston Villa,MID,14,740,25,38,FALSE,asensio_marco,asensio_marco
2024-25,763,Eiran Cashin,eiran cashin,cashin_eiran,Brighton,DEF,14,19,25,38,FALSE,cashin_eiran,cashin_eiran
2024-25,764,Alex Palmer,alex palmer,alex_palmer,Ipswich,GK,14,1170,25,38,FALSE,alex_palmer,alex_palmer
2024-25,765,Nico González,nico gonzalez,gonzalez_nico,Man City,MID,14,760,25,38,FALSE,gonzalez_nico,gonzalez_nico
2024-25,766,Patrick Dorgu,patrick dorgu,dorgu_patrick,Man Utd,DEF,14,840,25,38,FALSE,dorgu_patrick,dorgu_patrick
2024-25,767,Kevin Danso,kevin danso,danso_kevin,Spurs,DEF,14,842,25,38,FALSE,danso_kevin,danso_kevin
2024-25,768,Mathys Tel,mathys tel,mathys_tel,Spurs,MID,14,908,25,38,FALSE,mathys_tel,mathys_tel
2024-25,769,Nasser Djiga,nasser djiga,djiga_nasser,Wolves,DEF,14,65,25,38,FALSE,djiga_nasser,djiga_nasser
2024-25,770,Marshall Munetsi,marshall munetsi,marshall_munetsi,Wolves,MID,14,1077,25,38,FALSE,marshall_munetsi,marshall_munetsi
2024-25,771,Mathis Amougou,mathis amougou,amougou_mathis,Chelsea,MID,14,7,25,38,FALSE,amougou_mathis,amougou_mathis
2024-25,772,Willian Borges da Silva,willian borges da silva,borges_da_silva_willian,Fulham,MID,14,251,25,38,FALSE,borges_da_silva_willian,borges_da_silva_willian
2024-25,773,Isaac Heath,isaac heath,heath_isaac,Everton,MID,16,0,24,38,FALSE,heath_isaac,heath_isaac
2024-25,774,Aaron Anselmino,aaron anselmino,aaron_anselmino,Chelsea,DEF,14,0,25,38,FALSE,aaron_anselmino,aaron_anselmino
2024-25,775,Coby Ebere,coby ebere,coby_ebere,Everton,MID,14,0,25,38,FALSE,coby_ebere,coby_ebere
2024-25,776,Chido Obi-Martin,chido obi martin,chido_martin_obi,Man Utd,FWD,14,160,25,38,FALSE,chido_martin_obi,chido_martin_obi
2024-25,777,Tyler Fredricson,tyler fredricson,fredricson_tyler,Man Utd,DEF,14,166,25,38,FALSE,fredricson_tyler,fredricson_tyler
2024-25,778,Jack Moorhouse,jack moorhouse,jack_moorhouse,Man Utd,MID,14,0,25,38,FALSE,jack_moorhouse,jack_moorhouse
2024-25,779,Sékou Koné,sekou kone,kone_sekou,Man Utd,MID,14,0,25,38,FALSE,kone_sekou,kone_sekou
2024-25,780,Iwan Morgan,iwan morgan,iwan_morgan,Brentford,FWD,13,0,26,38,FALSE,iwan_morgan,iwan_morgan
2024-25,781,Shumaira Mheuka,shumaira mheuka,mheuka_shumaira,Chelsea,FWD,13,1,26,38,FALSE,mheuka_shumaira,mheuka_shumaira
2024-25,782,Ishé Samuels-Smith,ishe samuels smith,ishe_samuels_smith,Chelsea,DEF,13,0,26,38,FALSE,ishe_samuels_smith,ishe_samuels_smith
2024-25,783,Hubert Graczyk,hubert graczyk,graczyk_hubert,Man Utd,GK,13,0,26,38,FALSE,graczyk_hubert,graczyk_hubert
2024-25,784,Mateus Mané,mateus mane,mane_mateus,Wolves,FWD,12,1,27,38,FALSE,mane_mateus,mane_mateus
2024-25,785,Claudio Echeverri,claudio echeverri,claudio_echeverri,Man City,MID,11,5,28,38,FALSE,claudio_echeverri,claudio_echeverri
2024-25,786,Benjamin Fredrick,benjamin fredrick,benjamin_fredrick,Brentford,DEF,11,0,28,38,FALSE,benjamin_fredrick,benjamin_fredrick
2024-25,787,Genesis Antwi,genesis antwi,antwi_genesis,Chelsea,DEF,11,0,28,38,FALSE,antwi_genesis,antwi_genesis
2024-25,788,Dermot Mee,dermot mee,dermot_mee,Man Utd,GK,11,0,28,38,FALSE,dermot_mee,dermot_mee
2024-25,789,Sean Neave,sean neave,neave_sean,Newcastle,FWD,11,0,28,38,FALSE,neave_sean,neave_sean
2024-25,790,Jimi Gower,jimi gower,gower_jimi,Arsenal,MID,9,0,30,38,FALSE,gower_jimi,gower_jimi
2024-25,791,Charlie Tasker,charlie tasker,charlie_tasker,Brighton,DEF,9,0,30,38,FALSE,charlie_tasker,charlie_tasker
2024-25,792,Jeremy Monga,jeremy monga,jeremy_monga,Leicester,MID,8,105,31,38,FALSE,jeremy_monga,jeremy_monga
2024-25,793,Jack Henry-Francis,jack henry francis,francis_henry_jack,Arsenal,MID,7,0,32,38,FALSE,francis_henry_jack,francis_henry_jack
2024-25,794,Freddie Simmonds,freddie simmonds,freddie_simmonds,Brighton,DEF,7,0,32,38,FALSE,freddie_simmonds,freddie_simmonds
2024-25,795,Harry Howell,harry howell,harry_howell,Brighton,MID,7,6,32,38,FALSE,harry_howell,harry_howell
2024-25,796,Olabade Aluko,olabade aluko,aluko_olabade,Leicester,DEF,7,1,32,38,FALSE,aluko_olabade,aluko_olabade
2024-25,797,Jake Evans,jake evans,evans_jake,Leicester,MID,7,21,32,38,FALSE,evans_jake,evans_jake
2024-25,798,Jay Robinson,jay robinson,jay_robinson,Southampton,FWD,7,134,32,38,FALSE,jay_robinson,jay_robinson
2024-25,799,Somto Boniface,somto boniface,boniface_somto,Ipswich,DEF,6,0,33,38,FALSE,boniface_somto,boniface_somto
2024-25,800,Tom Taylor,tom taylor,taylor_tom,Ipswich,MID,5,0,34,38,FALSE,taylor_tom,taylor_tom
2024-25,801,Brayden Clarke,brayden clarke,brayden_clarke,Arsenal,DEF,4,0,35,38,FALSE,brayden_clarke,brayden_clarke
2024-25,802,Sammy Braybrooke,sammy braybrooke,braybrooke_sammy,Leicester,MID,1,0,38,38,FALSE,braybrooke_sammy,braybrooke_sammy
2024-25,803,Reece Welch,reece welch,reece_welch,Everton,DEF,1,0,38,38,FALSE,reece_welch,reece_welch
2024-25,804,Jayden Moore,jayden moore,jayden_moore,Southampton,DEF,1,0,38,38,FALSE,jayden_moore,jayden_moore
2025-26,1,David Raya Martín,david raya martin,david_martin_raya,Arsenal,GK,38,3330,1,38,FALSE,david_martin_raya,david_martin_raya
2025-26,2,Kepa Arrizabalaga Revuelta,kepa arrizabalaga revuelta,arrizabalaga_kepa_revuelta,Arsenal,GK,38,90,1,38,FALSE,arrizabalaga_kepa_revuelta,arrizabalaga_kepa_revuelta
2025-26,3,Karl Hein,karl hein,hein_karl,Arsenal,GK,38,0,1,38,FALSE,hein_karl,hein_karl
2025-26,4,Tommy Setford,tommy setford,setford_tommy,Arsenal,GK,38,0,1,38,FALSE,setford_tommy,setford_tommy
2025-26,5,Gabriel dos Santos Magalhães,gabriel dos santos magalhaes,dos_gabriel_magalhaes_santos,Arsenal,DEF,38,2750,1,38,FALSE,dos_gabriel_magalhaes_santos,dos_gabriel_magalhaes_santos
2025-26,6,William Saliba,william saliba,saliba_william,Arsenal,DEF,38,2614,1,38,FALSE,saliba_william,saliba_william
2025-26,7,Riccardo Calafiori,riccardo calafiori,calafiori_riccardo,Arsenal,DEF,38,1697,1,38,FALSE,calafiori_riccardo,calafiori_riccardo
2025-26,8,Jurriën Timber,jurrien timber,jurrien_timber,Arsenal,DEF,38,2452,1,38,FALSE,jurrien_timber,jurrien_timber
2025-26,9,Jakub Kiwior,jakub kiwior,jakub_kiwior,Arsenal,DEF,38,0,1,38,FALSE,jakub_kiwior,jakub_kiwior
2025-26,10,Myles Lewis-Skelly,myles lewis skelly,lewis_myles_skelly,Arsenal,DEF,38,697,1,38,FALSE,lewis_myles_skelly,lewis_myles_skelly
2025-26,11,Benjamin White,benjamin white,benjamin_white,Arsenal,DEF,38,699,1,38,FALSE,benjamin_white,benjamin_white
2025-26,12,Oleksandr Zinchenko,oleksandr zinchenko,oleksandr_zinchenko,Arsenal/Nott'm Forest,DEF,38,352,1,38,FALSE,oleksandr_zinchenko,oleksandr_zinchenko
2025-26,13,Brayden Clarke,brayden clarke,brayden_clarke,Arsenal,DEF,38,0,1,38,FALSE,brayden_clarke,brayden_clarke
2025-26,14,Maldini Kacurri,maldini kacurri,kacurri_maldini,Arsenal,DEF,38,0,1,38,FALSE,kacurri_maldini,kacurri_maldini
2025-26,15,Josh Nichols,josh nichols,josh_nichols,Arsenal,DEF,38,0,1,38,FALSE,josh_nichols,josh_nichols
2025-26,16,Bukayo Saka,bukayo saka,bukayo_saka,Arsenal,MID,38,2218,1,38,FALSE,bukayo_saka,bukayo_saka
2025-26,17,Martin Ødegaard,martin odegaard,martin_odegaard,Arsenal,MID,38,1363,1,38,FALSE,martin_odegaard,martin_odegaard
2025-26,18,Noni Madueke,noni madueke,madueke_noni,Arsenal,MID,38,1205,1,38,FALSE,madueke_noni,madueke_noni
2025-26,19,Gabriel Martinelli Silva,gabriel martinelli silva,gabriel_martinelli_silva,Arsenal,MID,38,1065,1,38,FALSE,gabriel_martinelli_silva,gabriel_martinelli_silva
2025-26,20,Leandro Trossard,leandro trossard,leandro_trossard,Arsenal,MID,38,1997,1,38,FALSE,leandro_trossard,leandro_trossard
2025-26,21,Declan Rice,declan rice,declan_rice,Arsenal,MID,38,3093,1,38,FALSE,declan_rice,declan_rice
2025-26,22,Mikel Merino Zazón,mikel merino zazon,merino_mikel_zazon,Arsenal,MID,38,1024,1,38,FALSE,merino_mikel_zazon,merino_mikel_zazon
2025-26,23,Fábio Ferreira Vieira,fabio ferreira vieira,fabio_ferreira_vieira,Arsenal,MID,38,0,1,38,FALSE,fabio_ferreira_vieira,fabio_ferreira_vieira
2025-26,24,Christian Nørgaard,christian norgaard,christian_norgaard,Arsenal,MID,38,101,1,38,FALSE,christian_norgaard,christian_norgaard
2025-26,25,Ethan Nwaneri,ethan nwaneri,ethan_nwaneri,Arsenal,MID,38,165,1,38,FALSE,ethan_nwaneri,ethan_nwaneri
2025-26,26,Martín Zubimendi Ibáñez,martin zubimendi ibanez,ibanez_martin_zubimendi,Arsenal,MID,38,2991,1,38,FALSE,ibanez_martin_zubimendi,ibanez_martin_zubimendi
2025-26,27,Reiss Nelson,reiss nelson,nelson_reiss,Arsenal/Brentford,MID,38,118,1,38,FALSE,nelson_reiss,nelson_reiss
2025-26,28,Ismeal Kabia,ismeal kabia,ismeal_kabia,Arsenal,MID,38,0,1,38,FALSE,ismeal_kabia,ismeal_kabia
2025-26,29,Albert Sambi Lokonga,albert sambi lokonga,albert_lokonga_sambi,Arsenal,MID,38,0,1,38,FALSE,albert_lokonga_sambi,albert_lokonga_sambi
2025-26,30,Kai Havertz,kai havertz,havertz_kai,Arsenal,FWD,38,577,1,38,FALSE,havertz_kai,havertz_kai
2025-26,31,Gabriel Fernando de Jesus,gabriel fernando de jesus,de_fernando_gabriel_jesus,Arsenal,FWD,38,418,1,38,FALSE,de_fernando_gabriel_jesus,de_fernando_gabriel_jesus
2025-26,32,Emiliano Martínez Romero,emiliano martinez romero,emiliano_martinez_romero,Aston Villa,GK,38,2835,1,38,FALSE,emiliano_martinez_romero,emiliano_martinez_romero
2025-26,33,Marco Bizot,marco bizot,bizot_marco,Aston Villa,GK,38,585,1,38,FALSE,bizot_marco,bizot_marco
2025-26,34,Joe Gauci,joe gauci,gauci_joe,Aston Villa,GK,38,0,1,38,FALSE,gauci_joe,gauci_joe
2025-26,35,Filip Marschall,filip marschall,filip_marschall,Aston Villa,GK,38,0,1,38,FALSE,filip_marschall,filip_marschall
2025-26,36,Matty Cash,matty cash,cash_matty,Aston Villa,DEF,38,3016,1,38,FALSE,cash_matty,cash_matty
2025-26,37,Lucas Digne,lucas digne,digne_lucas,Aston Villa,DEF,38,1842,1,38,FALSE,digne_lucas,digne_lucas
2025-26,38,Ezri Konsa Ngoyo,ezri konsa ngoyo,ezri_konsa_ngoyo,Aston Villa,DEF,38,3035,1,38,FALSE,ezri_konsa_ngoyo,ezri_konsa_ngoyo
2025-26,39,Ian Maatsen,ian maatsen,ian_maatsen,Aston Villa,DEF,38,1590,1,38,FALSE,ian_maatsen,ian_maatsen
2025-26,40,Tyrone Mings,tyrone mings,mings_tyrone,Aston Villa,DEF,38,1322,1,38,FALSE,mings_tyrone,mings_tyrone
2025-26,41,Pau Torres,pau torres,pau_torres,Aston Villa,DEF,38,1673,1,38,FALSE,pau_torres,pau_torres
2025-26,42,Andrés García,andres garcia,andres_garcia,Aston Villa,DEF,38,83,1,38,FALSE,andres_garcia,andres_garcia
2025-26,43,Álex Moreno Lopera,alex moreno lopera,alex_lopera_moreno,Aston Villa,DEF,38,0,1,38,FALSE,alex_lopera_moreno,alex_lopera_moreno
2025-26,44,Lamare Bogarde,lamare bogarde,bogarde_lamare,Aston Villa,DEF,38,1042,1,38,FALSE,bogarde_lamare,bogarde_lamare
2025-26,45,Lino da Cruz Sousa,lino da cruz sousa,cruz_da_lino_sousa,Aston Villa,DEF,38,0,1,38,FALSE,cruz_da_lino_sousa,cruz_da_lino_sousa
2025-26,46,Yasin Özcan,yasin ozcan,ozcan_yasin,Aston Villa,DEF,38,0,1,38,FALSE,ozcan_yasin,ozcan_yasin
2025-26,47,Morgan Rogers,morgan rogers,morgan_rogers,Aston Villa,MID,38,3280,1,38,FALSE,morgan_rogers,morgan_rogers
2025-26,48,Youri Tielemans,youri tielemans,tielemans_youri,Aston Villa,MID,38,1857,1,38,FALSE,tielemans_youri,tielemans_youri
2025-26,49,Leon Bailey,leon bailey,bailey_leon,Aston Villa,MID,38,450,1,38,FALSE,bailey_leon,bailey_leon
2025-26,50,Emiliano Buendía Stati,emiliano buendia stati,buendia_emiliano_stati,Aston Villa,MID,38,1753,1,38,FALSE,buendia_emiliano_stati,buendia_emiliano_stati
2025-26,51,Samuel Iling-Junior,samuel iling junior,iling_junior_samuel,Aston Villa,MID,38,0,1,38,FALSE,iling_junior_samuel,iling_junior_samuel
2025-26,52,Jacob Ramsey,jacob ramsey,jacob_ramsey,Aston Villa/Newcastle,MID,38,1441,1,38,FALSE,jacob_ramsey,jacob_ramsey
2025-26,53,Donyell Malen,donyell malen,donyell_malen,Aston Villa,MID,38,640,1,38,FALSE,donyell_malen,donyell_malen
2025-26,54,John McGinn,john mcginn,john_mcginn,Aston Villa,MID,38,2136,1,38,FALSE,john_mcginn,john_mcginn
2025-26,55,Ross Barkley,ross barkley,barkley_ross,Aston Villa,MID,38,844,1,38,FALSE,barkley_ross,barkley_ross
2025-26,56,Enzo Barrenechea,enzo barrenechea,barrenechea_enzo,Aston Villa,MID,38,0,1,38,FALSE,barrenechea_enzo,barrenechea_enzo
2025-26,57,Lewis Dobbin,lewis dobbin,dobbin_lewis,Aston Villa,MID,38,0,1,38,FALSE,dobbin_lewis,dobbin_lewis
2025-26,58,Boubacar Kamara,boubacar kamara,boubacar_kamara,Aston Villa,MID,38,1410,1,38,FALSE,boubacar_kamara,boubacar_kamara
2025-26,59,Amadou Onana,amadou onana,amadou_onana,Aston Villa,MID,38,1755,1,38,FALSE,amadou_onana,amadou_onana
2025-26,60,Ben Broggio,ben broggio,ben_broggio,Aston Villa,MID,38,0,1,38,FALSE,ben_broggio,ben_broggio
2025-26,61,Leander Dendoncker,leander dendoncker,dendoncker_leander,Aston Villa,MID,38,0,1,38,FALSE,dendoncker_leander,dendoncker_leander
2025-26,62,Jamaldeen Jimoh-Aloba,jamaldeen jimoh aloba,aloba_jamaldeen_jimoh,Aston Villa,MID,38,8,1,38,FALSE,aloba_jamaldeen_jimoh,aloba_jamaldeen_jimoh
2025-26,63,Kadan Young,kadan young,kadan_young,Aston Villa,MID,38,0,1,38,FALSE,kadan_young,kadan_young
2025-26,64,Ollie Watkins,ollie watkins,ollie_watkins,Aston Villa,FWD,38,2833,1,38,FALSE,ollie_watkins,ollie_watkins
2025-26,65,Zépiqueno Redmond,zepiqueno redmond,redmond_zepiqueno,Aston Villa,FWD,38,0,1,38,FALSE,redmond_zepiqueno,redmond_zepiqueno
2025-26,66,Norberto Murara Neto,norberto murara neto,murara_neto_norberto,Bournemouth,GK,38,0,1,38,FALSE,murara_neto_norberto,murara_neto_norberto
2025-26,67,Đorđe Petrović,dorde petrovic,dorde_petrovic,Bournemouth,GK,38,3420,1,38,FALSE,dorde_petrovic,dorde_petrovic
2025-26,68,Will Dennis,will dennis,dennis_will,Bournemouth,GK,38,0,1,38,FALSE,dennis_will,dennis_will
2025-26,69,Callan McKenna,callan mckenna,callan_mckenna,Bournemouth,GK,38,0,1,38,FALSE,callan_mckenna,callan_mckenna
2025-26,70,Alex Paulsen,alex paulsen,alex_paulsen,Bournemouth,GK,38,0,1,38,FALSE,alex_paulsen,alex_paulsen
2025-26,71,Illia Zabarnyi,illia zabarnyi,illia_zabarnyi,Bournemouth,DEF,38,0,1,38,FALSE,illia_zabarnyi,illia_zabarnyi
2025-26,72,Marcos Senesi Barón,marcos senesi baron,baron_marcos_senesi,Bournemouth,DEF,38,3288,1,38,FALSE,baron_marcos_senesi,baron_marcos_senesi
2025-26,73,Adam Smith,adam smith,adam_smith,Bournemouth,DEF,38,1073,1,38,FALSE,adam_smith,adam_smith
2025-26,74,Adrien Truffert,adrien truffert,adrien_truffert,Bournemouth,DEF,38,3378,1,38,FALSE,adrien_truffert,adrien_truffert
2025-26,75,Matai Akinmboni,matai akinmboni,akinmboni_matai,Bournemouth,DEF,38,0,1,38,FALSE,akinmboni_matai,akinmboni_matai
2025-26,76,Owen Bevan,owen bevan,bevan_owen,Bournemouth,DEF,38,0,1,38,FALSE,bevan_owen,bevan_owen
2025-26,77,James Hill,james hill,hill_james,Bournemouth,DEF,38,2102,1,38,FALSE,hill_james,hill_james
2025-26,78,Julián Araujo Zúñiga,julian araujo zuniga,araujo_julian_zuniga,Bournemouth,DEF,38,0,1,38,FALSE,araujo_julian_zuniga,araujo_julian_zuniga
2025-26,79,Chris Mepham,chris mepham,chris_mepham,Bournemouth,DEF,38,0,1,38,FALSE,chris_mepham,chris_mepham
2025-26,80,Julio Soler Barreto,julio soler barreto,barreto_julio_soler,Bournemouth,DEF,38,34,1,38,FALSE,barreto_julio_soler,barreto_julio_soler
2025-26,81,Justin Kluivert,justin kluivert,justin_kluivert,Bournemouth,MID,38,945,1,38,FALSE,justin_kluivert,justin_kluivert
2025-26,82,Antoine Semenyo,antoine semenyo,antoine_semenyo,Bournemouth/Man City,MID,38,3200,1,38,FALSE,antoine_semenyo,antoine_semenyo
2025-26,83,Dango Ouattara,dango ouattara,dango_ouattara,Bournemouth/Brentford,MID,38,2271,1,38,FALSE,dango_ouattara,dango_ouattara
2025-26,84,Marcus Tavernier,marcus tavernier,marcus_tavernier,Bournemouth,MID,38,2732,1,38,FALSE,marcus_tavernier,marcus_tavernier
2025-26,85,Tyler Adams,tyler adams,adams_tyler,Bournemouth,MID,38,1769,1,38,FALSE,adams_tyler,adams_tyler
2025-26,86,David Brooks,david brooks,brooks_david,Bournemouth,MID,38,1188,1,38,FALSE,brooks_david,brooks_david
2025-26,87,Ryan Christie,ryan christie,christie_ryan,Bournemouth,MID,38,978,1,38,FALSE,christie_ryan,christie_ryan
2025-26,88,Lewis Cook,lewis cook,cook_lewis,Bournemouth,MID,38,872,1,38,FALSE,cook_lewis,cook_lewis
2025-26,89,Philip Billing,philip billing,billing_philip,Bournemouth,MID,38,0,1,38,FALSE,billing_philip,billing_philip
2025-26,90,Alex Scott,alex scott,alex_scott,Bournemouth,MID,38,2848,1,38,FALSE,alex_scott,alex_scott
2025-26,91,Luis Sinisterra Lucumí,luis sinisterra lucumi,lucumi_luis_sinisterra,Bournemouth,MID,38,0,1,38,FALSE,lucumi_luis_sinisterra,lucumi_luis_sinisterra
2025-26,92,Romain Faivre,romain faivre,faivre_romain,Bournemouth,MID,38,0,1,38,FALSE,faivre_romain,faivre_romain
2025-26,93,Hamed Traorè,hamed traore,hamed_traore,Bournemouth,MID,38,16,1,38,FALSE,hamed_traore,hamed_traore
2025-26,94,Dominic Sadi,dominic sadi,dominic_sadi,Bournemouth,MID,38,0,1,38,FALSE,dominic_sadi,dominic_sadi
2025-26,95,Zain Silcott-Duberry,zain silcott duberry,duberry_silcott_zain,Bournemouth,MID,38,0,1,38,FALSE,duberry_silcott_zain,duberry_silcott_zain
2025-26,96,Ben Winterburn,ben winterburn,ben_winterburn,Bournemouth,MID,38,6,1,38,FALSE,ben_winterburn,ben_winterburn
2025-26,97,Francisco Evanilson de Lima Barbosa,francisco evanilson de lima barbosa,barbosa_de_evanilson_francisco_lima,Bournemouth,FWD,38,2741,1,38,FALSE,barbosa_de_evanilson_francisco_lima,barbosa_de_evanilson_francisco_lima
2025-26,98,Enes Ünal,enes unal,enes_unal,Bournemouth,FWD,38,214,1,38,FALSE,enes_unal,enes_unal
2025-26,99,Daniel Adu-Adjei,daniel adu adjei,adjei_adu_daniel,Bournemouth,FWD,38,0,1,38,FALSE,adjei_adu_daniel,adjei_adu_daniel
2025-26,100,Junior Kroupi,junior kroupi,junior_kroupi,Bournemouth,FWD,38,1663,1,38,FALSE,junior_kroupi,junior_kroupi
2025-26,101,Caoimhín Kelleher,caoimhin kelleher,caoimhin_kelleher,Brentford,GK,38,3330,1,38,FALSE,caoimhin_kelleher,caoimhin_kelleher
2025-26,102,Ellery Balcombe,ellery balcombe,balcombe_ellery,Brentford,GK,38,0,1,38,FALSE,balcombe_ellery,balcombe_ellery
2025-26,103,Matthew Cox,matthew cox,cox_matthew,Brentford,GK,38,0,1,38,FALSE,cox_matthew,cox_matthew
2025-26,104,Julian Eyestone,julian eyestone,eyestone_julian,Brentford,GK,38,0,1,38,FALSE,eyestone_julian,eyestone_julian
2025-26,105,Hákon Rafn Valdimarsson,hakon rafn valdimarsson,hakon_rafn_valdimarsson,Brentford,GK,38,90,1,38,FALSE,hakon_rafn_valdimarsson,hakon_rafn_valdimarsson
2025-26,106,Nathan Collins,nathan collins,collins_nathan,Brentford,DEF,38,2971,1,38,FALSE,collins_nathan,collins_nathan
2025-26,107,Keane Lewis-Potter,keane lewis potter,keane_lewis_potter,Brentford,DEF,38,1960,1,38,FALSE,keane_lewis_potter,keane_lewis_potter
2025-26,108,Kristoffer Ajer,kristoffer ajer,ajer_kristoffer,Brentford,DEF,38,1805,1,38,FALSE,ajer_kristoffer,ajer_kristoffer
2025-26,109,Rico Henry,rico henry,henry_rico,Brentford,DEF,38,1322,1,38,FALSE,henry_rico,henry_rico
2025-26,110,Michael Kayode,michael kayode,kayode_michael,Brentford,DEF,38,3258,1,38,FALSE,kayode_michael,kayode_michael
2025-26,111,Ethan Pinnock,ethan pinnock,ethan_pinnock,Brentford,DEF,38,318,1,38,FALSE,ethan_pinnock,ethan_pinnock
2025-26,112,Mads Roerslev Rasmussen,mads roerslev rasmussen,mads_rasmussen_roerslev,Brentford,DEF,38,0,1,38,FALSE,mads_rasmussen_roerslev,mads_rasmussen_roerslev
2025-26,113,Sepp van den Berg,sepp van den berg,berg_den_sepp_van,Brentford,DEF,38,2761,1,38,FALSE,berg_den_sepp_van,berg_den_sepp_van
2025-26,114,Benjamin Arthur,benjamin arthur,arthur_benjamin,Brentford,DEF,38,0,1,38,FALSE,arthur_benjamin,arthur_benjamin
2025-26,115,Benjamin Fredrick,benjamin fredrick,benjamin_fredrick,Brentford,DEF,38,0,1,38,FALSE,benjamin_fredrick,benjamin_fredrick
2025-26,116,Aaron Hickey,aaron hickey,aaron_hickey,Brentford,DEF,38,679,1,38,FALSE,aaron_hickey,aaron_hickey
2025-26,117,Kim Ji-soo,kim ji soo,ji_kim_soo,Brentford,DEF,38,0,1,38,FALSE,ji_kim_soo,ji_kim_soo
2025-26,118,Jayden Meghoma,jayden meghoma,jayden_meghoma,Brentford,DEF,38,0,1,38,FALSE,jayden_meghoma,jayden_meghoma
2025-26,119,Bryan Mbeumo,bryan mbeumo,bryan_mbeumo,Man Utd,MID,38,2611,1,38,FALSE,bryan_mbeumo,bryan_mbeumo
2025-26,120,Kevin Schade,kevin schade,kevin_schade,Brentford,MID,38,2744,1,38,FALSE,kevin_schade,kevin_schade
2025-26,121,Mikkel Damsgaard,mikkel damsgaard,damsgaard_mikkel,Brentford,MID,38,2046,1,38,FALSE,damsgaard_mikkel,damsgaard_mikkel
2025-26,122,Antoni Milambo,antoni milambo,antoni_milambo,Brentford,MID,38,45,1,38,FALSE,antoni_milambo,antoni_milambo
2025-26,123,Fábio Freitas Gouveia Carvalho,fabio freitas gouveia carvalho,carvalho_fabio_freitas_gouveia,Brentford,MID,38,100,1,38,FALSE,carvalho_fabio_freitas_gouveia,carvalho_fabio_freitas_gouveia
2025-26,124,Jordan Henderson,jordan henderson,henderson_jordan,Brentford,MID,38,1911,1,38,FALSE,henderson_jordan,henderson_jordan
2025-26,125,Vitaly Janelt,vitaly janelt,janelt_vitaly,Brentford,MID,38,1434,1,38,FALSE,janelt_vitaly,janelt_vitaly
2025-26,126,Mathias Jensen,mathias jensen,jensen_mathias,Brentford,MID,38,2239,1,38,FALSE,jensen_mathias,jensen_mathias
2025-26,127,Gustavo Nunes Fernandes Gomes,gustavo nunes fernandes gomes,fernandes_gomes_gustavo_nunes,Brentford,MID,38,0,1,38,FALSE,fernandes_gomes_gustavo_nunes,fernandes_gomes_gustavo_nunes
2025-26,128,Frank Onyeka,frank onyeka,frank_onyeka,Brentford,MID,38,88,1,38,FALSE,frank_onyeka,frank_onyeka
2025-26,129,Yehor Yarmoliuk,yehor yarmoliuk,yarmoliuk_yehor,Brentford,MID,38,2652,1,38,FALSE,yarmoliuk_yehor,yarmoliuk_yehor
2025-26,130,Romelle Donovan,romelle donovan,donovan_romelle,Brentford,MID,38,38,1,38,FALSE,donovan_romelle,donovan_romelle
2025-26,131,Yunus Emre Konak,yunus emre konak,emre_konak_yunus,Brentford,MID,38,0,1,38,FALSE,emre_konak_yunus,emre_konak_yunus
2025-26,132,Paris Maghoma,paris maghoma,maghoma_paris,Brentford,MID,38,0,1,38,FALSE,maghoma_paris,maghoma_paris
2025-26,133,Myles Peart-Harris,myles peart harris,harris_myles_peart,Brentford,MID,38,1,1,38,FALSE,harris_myles_peart,harris_myles_peart
2025-26,134,Ryan Trevitt,ryan trevitt,ryan_trevitt,Brentford,MID,38,0,1,38,FALSE,ryan_trevitt,ryan_trevitt
2025-26,135,Yoane Wissa,yoane wissa,wissa_yoane,Brentford/Newcastle,FWD,38,517,1,38,FALSE,wissa_yoane,wissa_yoane
2025-26,136,Igor Thiago Nascimento Rodrigues,igor thiago nascimento rodrigues,igor_nascimento_rodrigues_thiago,Brentford,FWD,38,3282,1,38,FALSE,igor_nascimento_rodrigues_thiago,igor_nascimento_rodrigues_thiago
2025-26,137,Iwan Morgan,iwan morgan,iwan_morgan,Brentford,FWD,38,0,1,38,FALSE,iwan_morgan,iwan_morgan
2025-26,138,Jason Steele,jason steele,jason_steele,Brighton,GK,38,0,1,38,FALSE,jason_steele,jason_steele
2025-26,139,Bart Verbruggen,bart verbruggen,bart_verbruggen,Brighton,GK,38,3420,1,38,FALSE,bart_verbruggen,bart_verbruggen
2025-26,140,Tom McGill,tom mcgill,mcgill_tom,Brighton,GK,38,0,1,38,FALSE,mcgill_tom,mcgill_tom
2025-26,141,Carl Rushworth,carl rushworth,carl_rushworth,Brighton,GK,38,0,1,38,FALSE,carl_rushworth,carl_rushworth
2025-26,142,Kjell Scherpen,kjell scherpen,kjell_scherpen,Brighton,GK,38,0,1,38,FALSE,kjell_scherpen,kjell_scherpen
2025-26,143,Olivier Boscagli,olivier boscagli,boscagli_olivier,Brighton,DEF,38,799,1,38,FALSE,boscagli_olivier,boscagli_olivier
2025-26,144,Diego Coppola,diego coppola,coppola_diego,Brighton,DEF,38,193,1,38,FALSE,coppola_diego,coppola_diego
2025-26,145,Maxim De Cuyper,maxim de cuyper,cuyper_de_maxim,Brighton,DEF,38,1404,1,38,FALSE,cuyper_de_maxim,cuyper_de_maxim
2025-26,146,Lewis Dunk,lewis dunk,dunk_lewis,Brighton,DEF,38,2837,1,38,FALSE,dunk_lewis,dunk_lewis
2025-26,147,Pervis Estupiñán Tenorio,pervis estupinan tenorio,estupinan_pervis_tenorio,Brighton,DEF,38,0,1,38,FALSE,estupinan_pervis_tenorio,estupinan_pervis_tenorio
2025-26,148,Ferdi Kadıoğlu,ferdi kadioglu,ferdi_kadioglu,Brighton,DEF,38,3130,1,38,FALSE,ferdi_kadioglu,ferdi_kadioglu
2025-26,149,Igor Julio dos Santos de Paulo,igor julio dos santos de paulo,de_dos_igor_julio_paulo_santos,Brighton/West Ham,DEF,38,103,1,38,FALSE,de_dos_igor_julio_paulo_santos,de_dos_igor_julio_paulo_santos
2025-26,150,Tariq Lamptey,tariq lamptey,lamptey_tariq,Brighton,DEF,38,0,1,38,FALSE,lamptey_tariq,lamptey_tariq
2025-26,151,Jan Paul van Hecke,jan paul van hecke,hecke_jan_paul_van,Brighton,DEF,38,3210,1,38,FALSE,hecke_jan_paul_van,hecke_jan_paul_van
2025-26,152,Joël Veltman,joel veltman,joel_veltman,Brighton,DEF,38,1047,1,38,FALSE,joel_veltman,joel_veltman
2025-26,153,Adam Webster,adam webster,adam_webster,Brighton,DEF,38,0,1,38,FALSE,adam_webster,adam_webster
2025-26,154,Eiran Cashin,eiran cashin,cashin_eiran,Brighton,DEF,38,0,1,38,FALSE,cashin_eiran,cashin_eiran
2025-26,155,Jacob Slater,jacob slater,jacob_slater,Brighton,DEF,38,0,1,38,FALSE,jacob_slater,jacob_slater
2025-26,156,Charlie Tasker,charlie tasker,charlie_tasker,Brighton,DEF,38,0,1,38,FALSE,charlie_tasker,charlie_tasker
2025-26,157,Mitoma Kaoru,mitoma kaoru,kaoru_mitoma,Brighton,MID,38,1714,1,38,FALSE,kaoru_mitoma,kaoru_mitoma
2025-26,158,Georginio Rutter,georginio rutter,georginio_rutter,Brighton,MID,38,1776,1,38,FALSE,georginio_rutter,georginio_rutter
2025-26,159,Solly March,solly march,march_solly,Brighton,MID,38,38,1,38,FALSE,march_solly,march_solly
2025-26,160,Yankuba Minteh,yankuba minteh,minteh_yankuba,Brighton,MID,38,2389,1,38,FALSE,minteh_yankuba,minteh_yankuba
2025-26,161,Julio Enciso Espínola,julio enciso espinola,enciso_espinola_julio,Brighton,MID,38,0,1,38,FALSE,enciso_espinola_julio,enciso_espinola_julio
2025-26,162,Brajan Gruda,brajan gruda,brajan_gruda,Brighton,MID,38,708,1,38,FALSE,brajan_gruda,brajan_gruda
2025-26,163,Jack Hinshelwood,jack hinshelwood,hinshelwood_jack,Brighton,MID,38,1736,1,38,FALSE,hinshelwood_jack,hinshelwood_jack
2025-26,164,Matt O'Riley,matt o riley,matt_o_riley,Brighton,MID,38,202,1,38,FALSE,matt_o_riley,matt_o_riley
2025-26,165,Abdallah Sima,abdallah sima,abdallah_sima,Brighton,MID,38,0,1,38,FALSE,abdallah_sima,abdallah_sima
2025-26,166,Yasin Ayari,yasin ayari,ayari_yasin,Brighton,MID,38,1921,1,38,FALSE,ayari_yasin,ayari_yasin
2025-26,167,Carlos Baleba,carlos baleba,baleba_carlos,Brighton,MID,38,1646,1,38,FALSE,baleba_carlos,baleba_carlos
2025-26,168,Facundo Buonanotte,facundo buonanotte,buonanotte_facundo,Brighton/Chelsea/Leeds,MID,38,81,1,38,FALSE,buonanotte_facundo,buonanotte_facundo
2025-26,169,Diego Gómez Amarilla,diego gomez amarilla,amarilla_diego_gomez,Brighton,MID,38,2117,1,38,FALSE,amarilla_diego_gomez,amarilla_diego_gomez
2025-26,170,James Milner,james milner,james_milner,Brighton,MID,38,772,1,38,FALSE,james_milner,james_milner
2025-26,171,Jeremy Sarmiento Morante,jeremy sarmiento morante,jeremy_morante_sarmiento,Brighton,MID,38,0,1,38,FALSE,jeremy_morante_sarmiento,jeremy_morante_sarmiento
2025-26,172,Tom Watson,tom watson,tom_watson,Brighton,MID,38,57,1,38,FALSE,tom_watson,tom_watson
2025-26,173,Mats Wieffer,mats wieffer,mats_wieffer,Brighton,MID,38,1901,1,38,FALSE,mats_wieffer,mats_wieffer
2025-26,174,Malick Yalcouyé,malick yalcouye,malick_yalcouye,Brighton,MID,38,0,1,38,FALSE,malick_yalcouye,malick_yalcouye
2025-26,175,Joe Knight,joe knight,joe_knight,Brighton,MID,38,1,1,38,FALSE,joe_knight,joe_knight
2025-26,176,Adrian Mazilu,adrian mazilu,adrian_mazilu,Brighton,MID,38,0,1,38,FALSE,adrian_mazilu,adrian_mazilu
2025-26,177,Andrew Moran,andrew moran,andrew_moran,Brighton,MID,38,0,1,38,FALSE,andrew_moran,andrew_moran
2025-26,178,Danny Welbeck,danny welbeck,danny_welbeck,Brighton,FWD,38,2249,1,38,FALSE,danny_welbeck,danny_welbeck
2025-26,179,Evan Ferguson,evan ferguson,evan_ferguson,Brighton,FWD,38,0,1,38,FALSE,evan_ferguson,evan_ferguson
2025-26,180,Stefanos Tzimas,stefanos tzimas,stefanos_tzimas,Brighton,FWD,38,132,1,38,FALSE,stefanos_tzimas,stefanos_tzimas
2025-26,181,Charalampos Kostoulas,charalampos kostoulas,charalampos_kostoulas,Brighton,FWD,38,351,1,38,FALSE,charalampos_kostoulas,charalampos_kostoulas
2025-26,182,James Trafford,james trafford,james_trafford,Man City,GK,38,360,1,38,FALSE,james_trafford,james_trafford
2025-26,183,Max Weiß,max weiss,max_weiss,Burnley,GK,38,270,1,38,FALSE,max_weiss,max_weiss
2025-26,184,Etienne Green,etienne green,etienne_green,Burnley,GK,38,0,1,38,FALSE,etienne_green,etienne_green
2025-26,185,Václav Hladký,vaclav hladky,hladky_vaclav,Burnley,GK,38,0,1,38,FALSE,hladky_vaclav,hladky_vaclav
2025-26,186,Connor Roberts,connor roberts,connor_roberts,Burnley,DEF,38,0,1,38,FALSE,connor_roberts,connor_roberts
2025-26,187,Kyle Walker,kyle walker,kyle_walker,Burnley,DEF,38,3095,1,38,FALSE,kyle_walker,kyle_walker
2025-26,188,Hannes Delcroix,hannes delcroix,delcroix_hannes,Burnley,DEF,38,0,1,38,FALSE,delcroix_hannes,delcroix_hannes
2025-26,189,Owen Dodgson,owen dodgson,dodgson_owen,Burnley,DEF,38,0,1,38,FALSE,dodgson_owen,dodgson_owen
2025-26,190,Hjalmar Ekdal,hjalmar ekdal,ekdal_hjalmar,Burnley,DEF,38,1539,1,38,FALSE,ekdal_hjalmar,ekdal_hjalmar
2025-26,191,Maxime Estève,maxime esteve,esteve_maxime,Burnley,DEF,38,2933,1,38,FALSE,esteve_maxime,esteve_maxime
2025-26,192,Quilindschy Hartman,quilindschy hartman,hartman_quilindschy,Burnley,DEF,38,1825,1,38,FALSE,hartman_quilindschy,hartman_quilindschy
2025-26,193,Bashir Humphreys,bashir humphreys,bashir_humphreys,Burnley,DEF,38,1574,1,38,FALSE,bashir_humphreys,bashir_humphreys
2025-26,194,Jordan Beyer,jordan beyer,beyer_jordan,Burnley,DEF,38,0,1,38,FALSE,beyer_jordan,beyer_jordan
2025-26,195,Lucas Pires Silva,lucas pires silva,lucas_pires_silva,Burnley,DEF,38,1405,1,38,FALSE,lucas_pires_silva,lucas_pires_silva
2025-26,196,Shurandy Sambo,shurandy sambo,sambo_shurandy,Burnley,DEF,38,0,1,38,FALSE,sambo_shurandy,sambo_shurandy
2025-26,197,Oliver Sonne,oliver sonne,oliver_sonne,Burnley,DEF,38,164,1,38,FALSE,oliver_sonne,oliver_sonne
2025-26,198,Axel Tuanzebe,axel tuanzebe,axel_tuanzebe,Burnley,DEF,38,1201,1,38,FALSE,axel_tuanzebe,axel_tuanzebe
2025-26,199,Joe Worrall,joe worrall,joe_worrall,Burnley,DEF,38,496,1,38,FALSE,joe_worrall,joe_worrall
2025-26,200,Jaidon Anthony,jaidon anthony,anthony_jaidon,Burnley,MID,38,2717,1,38,FALSE,anthony_jaidon,anthony_jaidon
2025-26,201,Manuel Benson Hedilazio,manuel benson hedilazio,benson_hedilazio_manuel,Burnley,MID,38,0,1,38,FALSE,benson_hedilazio_manuel,benson_hedilazio_manuel
2025-26,202,Jacob Bruun Larsen,jacob bruun larsen,bruun_jacob_larsen,Burnley,MID,38,1014,1,38,FALSE,bruun_jacob_larsen,bruun_jacob_larsen
2025-26,203,Enock Agyei,enock agyei,agyei_enock,Burnley,MID,38,0,1,38,FALSE,agyei_enock,agyei_enock
2025-26,204,Darko Churlinov,darko churlinov,churlinov_darko,Burnley,MID,38,0,1,38,FALSE,churlinov_darko,churlinov_darko
2025-26,205,Josh Cullen,josh cullen,cullen_josh,Burnley,MID,38,1513,1,38,FALSE,cullen_josh,cullen_josh
2025-26,206,Marcus Edwards,marcus edwards,edwards_marcus,Burnley,MID,38,1058,1,38,FALSE,edwards_marcus,edwards_marcus
2025-26,207,Hannibal Mejbri,hannibal mejbri,hannibal_mejbri,Burnley,MID,38,1219,1,38,FALSE,hannibal_mejbri,hannibal_mejbri
2025-26,208,Luca Koleosho,luca koleosho,koleosho_luca,Burnley,MID,38,0,1,38,FALSE,koleosho_luca,koleosho_luca
2025-26,209,Josh Laurent,josh laurent,josh_laurent,Burnley,MID,38,1752,1,38,FALSE,josh_laurent,josh_laurent
2025-26,210,Loum Tchaouna,loum tchaouna,loum_tchaouna,Burnley,MID,38,1259,1,38,FALSE,loum_tchaouna,loum_tchaouna
2025-26,211,Aaron Ramsey,aaron ramsey,aaron_ramsey,Burnley,MID,38,0,1,38,FALSE,aaron_ramsey,aaron_ramsey
2025-26,212,Oluwaseun Adewumi,oluwaseun adewumi,adewumi_oluwaseun,Burnley,MID,38,0,1,38,FALSE,adewumi_oluwaseun,adewumi_oluwaseun
2025-26,213,Jaydon Banel,jaydon banel,banel_jaydon,Burnley,MID,38,9,1,38,FALSE,banel_jaydon,banel_jaydon
2025-26,214,Mike Trésor Ndayishimiye,mike tresor ndayishimiye,mike_ndayishimiye_tresor,Burnley,MID,38,37,1,38,FALSE,mike_ndayishimiye_tresor,mike_ndayishimiye_tresor
2025-26,215,Zian Flemming,zian flemming,flemming_zian,Burnley,FWD,38,1764,1,38,FALSE,flemming_zian,flemming_zian
2025-26,216,Zeki Amdouni,zeki amdouni,amdouni_zeki,Burnley,FWD,38,69,1,38,FALSE,amdouni_zeki,amdouni_zeki
2025-26,217,Lyle Foster,lyle foster,foster_lyle,Burnley,FWD,38,1361,1,38,FALSE,foster_lyle,foster_lyle
2025-26,218,Ashley Barnes,ashley barnes,ashley_barnes,Burnley,FWD,38,40,1,38,FALSE,ashley_barnes,ashley_barnes
2025-26,219,Michael Obafemi,michael obafemi,michael_obafemi,Burnley,FWD,38,0,1,38,FALSE,michael_obafemi,michael_obafemi
2025-26,220,Robert Lynch Sánchez,robert lynch sanchez,lynch_robert_sanchez,Chelsea,GK,38,3040,1,38,FALSE,lynch_robert_sanchez,lynch_robert_sanchez
2025-26,221,Filip Jörgensen,filip jorgensen,filip_jorgensen,Chelsea,GK,38,378,1,38,FALSE,filip_jorgensen,filip_jorgensen
2025-26,222,Mike Penders,mike penders,mike_penders,Chelsea,GK,38,0,1,38,FALSE,mike_penders,mike_penders
2025-26,223,Gabriel Słonina,gabriel slonina,gabriel_slonina,Chelsea,GK,38,0,1,38,FALSE,gabriel_slonina,gabriel_slonina
2025-26,224,Marc Cucurella Saseta,marc cucurella saseta,cucurella_marc_saseta,Chelsea,DEF,38,2706,1,38,FALSE,cucurella_marc_saseta,cucurella_marc_saseta
2025-26,225,Reece James,reece james,james_reece,Chelsea,DEF,38,1957,1,38,FALSE,james_reece,james_reece
2025-26,226,Trevoh Chalobah,trevoh chalobah,chalobah_trevoh,Chelsea,DEF,38,2780,1,38,FALSE,chalobah_trevoh,chalobah_trevoh
2025-26,227,Levi Samuels Colwill,levi samuels colwill,colwill_levi_samuels,Chelsea,DEF,38,225,1,38,FALSE,colwill_levi_samuels,colwill_levi_samuels
2025-26,228,Malo Gusto,malo gusto,gusto_malo,Chelsea,DEF,38,2255,1,38,FALSE,gusto_malo,gusto_malo
2025-26,229,Benoît Badiashile Mukinayi,benoit badiashile mukinayi,badiashile_benoit_mukinayi,Chelsea,DEF,38,470,1,38,FALSE,badiashile_benoit_mukinayi,badiashile_benoit_mukinayi
2025-26,230,Wesley Fofana,wesley fofana,fofana_wesley,Chelsea,DEF,38,1718,1,38,FALSE,fofana_wesley,fofana_wesley
2025-26,231,Mamadou Sarr,mamadou sarr,mamadou_sarr,Chelsea,DEF,38,100,1,38,FALSE,mamadou_sarr,mamadou_sarr
2025-26,232,Tosin Adarabioyo,tosin adarabioyo,adarabioyo_tosin,Chelsea,DEF,38,788,1,38,FALSE,adarabioyo_tosin,adarabioyo_tosin
2025-26,233,Josh Acheampong,josh acheampong,acheampong_josh,Chelsea,DEF,38,657,1,38,FALSE,acheampong_josh,acheampong_josh
2025-26,234,Aarón Anselmino,aaron anselmino,aaron_anselmino,Chelsea,DEF,38,0,1,38,FALSE,aaron_anselmino,aaron_anselmino
2025-26,235,Cole Palmer,cole palmer,cole_palmer,Chelsea,MID,38,1954,1,38,FALSE,cole_palmer,cole_palmer
2025-26,236,Pedro Lomba Neto,pedro lomba neto,lomba_neto_pedro,Chelsea,MID,38,2629,1,38,FALSE,lomba_neto_pedro,lomba_neto_pedro
2025-26,237,Enzo Fernández,enzo fernandez,enzo_fernandez,Chelsea,MID,38,3114,1,38,FALSE,enzo_fernandez,enzo_fernandez
2025-26,238,Estêvão Almeida de Oliveira Gonçalves,estevao almeida de oliveira goncalves,almeida_de_estevao_goncalves_oliveira,Chelsea,MID,38,839,1,38,FALSE,almeida_de_estevao_goncalves_oliveira,almeida_de_estevao_goncalves_oliveira
2025-26,239,Jamie Bynoe-Gittens,jamie bynoe gittens,bynoe_gittens_jamie,Chelsea,MID,38,486,1,38,FALSE,bynoe_gittens_jamie,bynoe_gittens_jamie
2025-26,240,Christopher Nkunku,christopher nkunku,christopher_nkunku,Chelsea,MID,38,0,1,38,FALSE,christopher_nkunku,christopher_nkunku
2025-26,241,Moisés Caicedo Corozo,moises caicedo corozo,caicedo_corozo_moises,Chelsea,MID,38,2796,1,38,FALSE,caicedo_corozo_moises,caicedo_corozo_moises
2025-26,242,Kiernan Dewsbury-Hall,kiernan dewsbury hall,dewsbury_hall_kiernan,Everton,MID,38,2629,1,38,FALSE,dewsbury_hall_kiernan,dewsbury_hall_kiernan
2025-26,243,Tyrique George,tyrique george,george_tyrique,Chelsea/Everton,MID,38,351,1,38,FALSE,george_tyrique,george_tyrique
2025-26,244,Roméo Lavia,romeo lavia,lavia_romeo,Chelsea,MID,38,374,1,38,FALSE,lavia_romeo,lavia_romeo
2025-26,245,Mykhailo Mudryk,mykhailo mudryk,mudryk_mykhailo,Chelsea,MID,38,0,1,38,FALSE,mudryk_mykhailo,mudryk_mykhailo
2025-26,246,Andrey Nascimento dos Santos,andrey nascimento dos santos,andrey_dos_nascimento_santos,Chelsea,MID,38,1247,1,38,FALSE,andrey_dos_nascimento_santos,andrey_dos_nascimento_santos
2025-26,247,Dário Luís Essugo,dario luis essugo,dario_essugo_luis,Chelsea,MID,38,26,1,38,FALSE,dario_essugo_luis,dario_essugo_luis
2025-26,248,Kendry Páez Andrade,kendry paez andrade,andrade_kendry_paez,Chelsea,MID,38,0,1,38,FALSE,andrade_kendry_paez,andrade_kendry_paez
2025-26,249,João Pedro Junqueira de Jesus,joao pedro junqueira de jesus,de_jesus_joao_junqueira_pedro,Chelsea,FWD,38,2658,1,38,FALSE,de_jesus_joao_junqueira_pedro,de_jesus_joao_junqueira_pedro
2025-26,250,Liam Delap,liam delap,delap_liam,Chelsea,FWD,38,1092,1,38,FALSE,delap_liam,delap_liam
2025-26,251,Nicolas Jackson,nicolas jackson,jackson_nicolas,Chelsea,FWD,38,0,1,38,FALSE,jackson_nicolas,jackson_nicolas
2025-26,252,Marc Guiu Paz,marc guiu paz,guiu_marc_paz,Chelsea/Sunderland,FWD,38,265,1,38,FALSE,guiu_marc_paz,guiu_marc_paz
2025-26,253,Dean Henderson,dean henderson,dean_henderson,Crystal Palace,GK,38,3330,1,38,FALSE,dean_henderson,dean_henderson
2025-26,254,Walter Benítez,walter benitez,benitez_walter,Crystal Palace,GK,38,90,1,38,FALSE,benitez_walter,benitez_walter
2025-26,255,Remi Matthews,remi matthews,matthews_remi,Crystal Palace,GK,38,0,1,38,FALSE,matthews_remi,matthews_remi
2025-26,256,Daniel Muñoz Mejía,daniel munoz mejia,daniel_mejia_munoz,Crystal Palace,DEF,38,2400,1,38,FALSE,daniel_mejia_munoz,daniel_mejia_munoz
2025-26,257,Maxence Lacroix,maxence lacroix,lacroix_maxence,Crystal Palace,DEF,38,3085,1,38,FALSE,lacroix_maxence,lacroix_maxence
2025-26,258,Tyrick Mitchell,tyrick mitchell,mitchell_tyrick,Crystal Palace,DEF,38,3253,1,38,FALSE,mitchell_tyrick,mitchell_tyrick
2025-26,259,Borna Sosa,borna sosa,borna_sosa,Crystal Palace,DEF,38,99,1,38,FALSE,borna_sosa,borna_sosa
2025-26,260,Marc Guéhi,marc guehi,guehi_marc,Crystal Palace/Man City,DEF,38,3150,1,38,FALSE,guehi_marc,guehi_marc
2025-26,261,Chris Richards,chris richards,chris_richards,Crystal Palace,DEF,38,2825,1,38,FALSE,chris_richards,chris_richards
2025-26,262,Chadi Riad Dnanou,chadi riad dnanou,chadi_dnanou_riad,Crystal Palace,DEF,38,550,1,38,FALSE,chadi_dnanou_riad,chadi_dnanou_riad
2025-26,263,Nathaniel Clyne,nathaniel clyne,clyne_nathaniel,Crystal Palace,DEF,38,592,1,38,FALSE,clyne_nathaniel,clyne_nathaniel
2025-26,264,Rob Holding,rob holding,holding_rob,Crystal Palace,DEF,38,0,1,38,FALSE,holding_rob,holding_rob
2025-26,265,Caleb Kporha,caleb kporha,caleb_kporha,Crystal Palace,DEF,38,0,1,38,FALSE,caleb_kporha,caleb_kporha
2025-26,266,Eberechi Eze,eberechi eze,eberechi_eze,Arsenal/Crystal Palace,MID,38,1885,1,38,FALSE,eberechi_eze,eberechi_eze
2025-26,267,Ismaïla Sarr,ismaila sarr,ismaila_sarr,Crystal Palace,MID,38,2173,1,38,FALSE,ismaila_sarr,ismaila_sarr
2025-26,268,Cheick Doucouré,cheick doucoure,cheick_doucoure,Crystal Palace,MID,38,0,1,38,FALSE,cheick_doucoure,cheick_doucoure
2025-26,269,Romain Esse,romain esse,esse_romain,Crystal Palace,MID,38,40,1,38,FALSE,esse_romain,esse_romain
2025-26,270,Will Hughes,will hughes,hughes_will,Crystal Palace,MID,38,1560,1,38,FALSE,hughes_will,hughes_will
2025-26,271,Daichi Kamada,daichi kamada,daichi_kamada,Crystal Palace,MID,38,1899,1,38,FALSE,daichi_kamada,daichi_kamada
2025-26,272,Jefferson Lerma Solís,jefferson lerma solis,jefferson_lerma_solis,Crystal Palace,MID,38,1722,1,38,FALSE,jefferson_lerma_solis,jefferson_lerma_solis
2025-26,273,Adam Wharton,adam wharton,adam_wharton,Crystal Palace,MID,38,2552,1,38,FALSE,adam_wharton,adam_wharton
2025-26,274,Asher Agbinone,asher agbinone,agbinone_asher,Crystal Palace,MID,38,0,1,38,FALSE,agbinone_asher,agbinone_asher
2025-26,275,Naouirou Ahamada,naouirou ahamada,ahamada_naouirou,Crystal Palace,MID,38,0,1,38,FALSE,ahamada_naouirou,ahamada_naouirou
2025-26,276,Justin Devenny,justin devenny,devenny_justin,Crystal Palace,MID,38,785,1,38,FALSE,devenny_justin,devenny_justin
2025-26,277,Malcolm Ebiowei,malcolm ebiowei,ebiowei_malcolm,Crystal Palace,MID,38,0,1,38,FALSE,ebiowei_malcolm,ebiowei_malcolm
2025-26,278,Jesurun Rak-Sakyi,jesurun rak sakyi,jesurun_rak_sakyi,Crystal Palace,MID,38,0,1,38,FALSE,jesurun_rak_sakyi,jesurun_rak_sakyi
2025-26,279,Matheus França de Oliveira,matheus franca de oliveira,de_franca_matheus_oliveira,Crystal Palace,MID,38,0,1,38,FALSE,de_franca_matheus_oliveira,de_franca_matheus_oliveira
2025-26,280,David Ozoh,david ozoh,david_ozoh,Crystal Palace,MID,38,0,1,38,FALSE,david_ozoh,david_ozoh
2025-26,281,Kaden Rodney,kaden rodney,kaden_rodney,Crystal Palace,MID,38,3,1,38,FALSE,kaden_rodney,kaden_rodney
2025-26,282,Franco Umeh-Chibueze,franco umeh chibueze,chibueze_franco_umeh,Crystal Palace,MID,38,0,1,38,FALSE,chibueze_franco_umeh,chibueze_franco_umeh
2025-26,283,Jean-Philippe Mateta,jean philippe mateta,jean_mateta_philippe,Crystal Palace,FWD,38,2210,1,38,FALSE,jean_mateta_philippe,jean_mateta_philippe
2025-26,284,Eddie Nketiah,eddie nketiah,eddie_nketiah,Crystal Palace,FWD,38,414,1,38,FALSE,eddie_nketiah,eddie_nketiah
2025-26,285,Odsonne Édouard,odsonne edouard,edouard_odsonne,Crystal Palace,FWD,38,2,1,38,FALSE,edouard_odsonne,edouard_odsonne
2025-26,286,Zach Marsh,zach marsh,marsh_zach,Crystal Palace,FWD,38,0,1,38,FALSE,marsh_zach,marsh_zach
2025-26,287,Jordan Pickford,jordan pickford,jordan_pickford,Everton,GK,38,3420,1,38,FALSE,jordan_pickford,jordan_pickford
2025-26,288,Mark Travers,mark travers,mark_travers,Everton,GK,38,0,1,38,FALSE,mark_travers,mark_travers
2025-26,289,Harry Tyrer,harry tyrer,harry_tyrer,Everton,GK,38,0,1,38,FALSE,harry_tyrer,harry_tyrer
2025-26,290,Jarrad Branthwaite,jarrad branthwaite,branthwaite_jarrad,Everton,DEF,38,678,1,38,FALSE,branthwaite_jarrad,branthwaite_jarrad
2025-26,291,James Tarkowski,james tarkowski,james_tarkowski,Everton,DEF,38,3330,1,38,FALSE,james_tarkowski,james_tarkowski
2025-26,292,Vitalii Mykolenko,vitalii mykolenko,mykolenko_vitalii,Everton,DEF,38,2959,1,38,FALSE,mykolenko_vitalii,mykolenko_vitalii
2025-26,293,Jake O'Brien,jake o brien,brien_jake_o,Everton,DEF,38,3118,1,38,FALSE,brien_jake_o,brien_jake_o
2025-26,294,Séamus Coleman,seamus coleman,coleman_seamus,Everton,DEF,38,19,1,38,FALSE,coleman_seamus,coleman_seamus
2025-26,295,Michael Keane,michael keane,keane_michael,Everton,DEF,38,2588,1,38,FALSE,keane_michael,keane_michael
2025-26,296,Nathan Patterson,nathan patterson,nathan_patterson,Everton,DEF,38,238,1,38,FALSE,nathan_patterson,nathan_patterson
2025-26,297,Roman Dixon,roman dixon,dixon_roman,Everton,DEF,38,0,1,38,FALSE,dixon_roman,dixon_roman
2025-26,298,Reece Welch,reece welch,reece_welch,Everton,DEF,38,0,1,38,FALSE,reece_welch,reece_welch
2025-26,299,Iliman Ndiaye,iliman ndiaye,iliman_ndiaye,Everton,MID,38,2781,1,38,FALSE,iliman_ndiaye,iliman_ndiaye
2025-26,300,Dwight McNeil,dwight mcneil,dwight_mcneil,Everton,MID,38,1161,1,38,FALSE,dwight_mcneil,dwight_mcneil
2025-26,301,Carlos Alcaraz Durán,carlos alcaraz duran,alcaraz_carlos_duran,Everton,MID,38,679,1,38,FALSE,alcaraz_carlos_duran,alcaraz_carlos_duran
2025-26,302,Idrissa Gana Gueye,idrissa gana gueye,gana_gueye_idrissa,Everton,MID,38,2094,1,38,FALSE,gana_gueye_idrissa,gana_gueye_idrissa
2025-26,303,James Garner,james garner,garner_james,Everton,MID,38,3413,1,38,FALSE,garner_james,garner_james
2025-26,304,Tim Iroegbunam,tim iroegbunam,iroegbunam_tim,Everton,MID,38,1477,1,38,FALSE,iroegbunam_tim,iroegbunam_tim
2025-26,305,Harrison Armstrong,harrison armstrong,armstrong_harrison,Everton,MID,38,524,1,38,FALSE,armstrong_harrison,armstrong_harrison
2025-26,306,Callum Bates,callum bates,bates_callum,Everton,MID,38,0,1,38,FALSE,bates_callum,bates_callum
2025-26,307,Coby Ebere,coby ebere,coby_ebere,Everton,MID,38,0,1,38,FALSE,coby_ebere,coby_ebere
2025-26,308,Isaac Heath,isaac heath,heath_isaac,Everton,MID,38,0,1,38,FALSE,heath_isaac,heath_isaac
2025-26,309,Jenson Metcalfe,jenson metcalfe,jenson_metcalfe,Everton,MID,38,0,1,38,FALSE,jenson_metcalfe,jenson_metcalfe
2025-26,310,Thierno Barry,thierno barry,barry_thierno,Everton,FWD,38,1898,1,38,FALSE,barry_thierno,barry_thierno
2025-26,311,Norberto Bercique Gomes Betuncal,norberto bercique gomes betuncal,bercique_betuncal_gomes_norberto,Everton,FWD,38,1551,1,38,FALSE,bercique_betuncal_gomes_norberto,bercique_betuncal_gomes_norberto
2025-26,312,Youssef Ramalho Chermiti,youssef ramalho chermiti,chermiti_ramalho_youssef,Everton,FWD,38,0,1,38,FALSE,chermiti_ramalho_youssef,chermiti_ramalho_youssef
2025-26,313,Martin Sherif,martin sherif,martin_sherif,Everton,FWD,38,0,1,38,FALSE,martin_sherif,martin_sherif
2025-26,314,Bernd Leno,bernd leno,bernd_leno,Fulham,GK,38,3420,1,38,FALSE,bernd_leno,bernd_leno
2025-26,315,Steven Benda,steven benda,benda_steven,Fulham,GK,38,0,1,38,FALSE,benda_steven,benda_steven
2025-26,316,Antonee Robinson,antonee robinson,antonee_robinson,Fulham,DEF,38,1487,1,38,FALSE,antonee_robinson,antonee_robinson
2025-26,317,Joachim Andersen,joachim andersen,andersen_joachim,Fulham,DEF,38,2882,1,38,FALSE,andersen_joachim,andersen_joachim
2025-26,318,Calvin Bassey,calvin bassey,bassey_calvin,Fulham,DEF,38,2532,1,38,FALSE,bassey_calvin,bassey_calvin
2025-26,319,Timothy Castagne,timothy castagne,castagne_timothy,Fulham,DEF,38,1838,1,38,FALSE,castagne_timothy,castagne_timothy
2025-26,320,Issa Diop,issa diop,diop_issa,Fulham,DEF,38,812,1,38,FALSE,diop_issa,diop_issa
2025-26,321,Jorge Cuenca Barreno,jorge cuenca barreno,barreno_cuenca_jorge,Fulham,DEF,38,935,1,38,FALSE,barreno_cuenca_jorge,barreno_cuenca_jorge
2025-26,322,Kenny Tete,kenny tete,kenny_tete,Fulham,DEF,38,1791,1,38,FALSE,kenny_tete,kenny_tete
2025-26,323,Samuel Amissah,samuel amissah,amissah_samuel,Fulham,DEF,38,0,1,38,FALSE,amissah_samuel,amissah_samuel
2025-26,324,Alex Iwobi,alex iwobi,alex_iwobi,Fulham,MID,38,2420,1,38,FALSE,alex_iwobi,alex_iwobi
2025-26,325,Emile Smith Rowe,emile smith rowe,emile_rowe_smith,Fulham,MID,38,1909,1,38,FALSE,emile_rowe_smith,emile_rowe_smith
2025-26,326,Adama Traoré Diarra,adama traore diarra,adama_diarra_traore,Fulham/West Ham,MID,38,376,1,38,FALSE,adama_diarra_traore,adama_diarra_traore
2025-26,327,Andreas Hoelgebaum Pereira,andreas hoelgebaum pereira,andreas_hoelgebaum_pereira,Fulham,MID,38,0,1,38,FALSE,andreas_hoelgebaum_pereira,andreas_hoelgebaum_pereira
2025-26,328,Ryan Sessegnon,ryan sessegnon,ryan_sessegnon,Fulham,MID,38,1816,1,38,FALSE,ryan_sessegnon,ryan_sessegnon
2025-26,329,Harry Wilson,harry wilson,harry_wilson,Fulham,MID,38,2674,1,38,FALSE,harry_wilson,harry_wilson
2025-26,330,Sander Berge,sander berge,berge_sander,Fulham,MID,38,2904,1,38,FALSE,berge_sander,berge_sander
2025-26,331,Tom Cairney,tom cairney,cairney_tom,Fulham,MID,38,756,1,38,FALSE,cairney_tom,cairney_tom
2025-26,332,Saša Lukić,sasa lukic,lukic_sasa,Fulham,MID,38,1730,1,38,FALSE,lukic_sasa,lukic_sasa
2025-26,333,Martial Godo,martial godo,godo_martial,Fulham,MID,38,0,1,38,FALSE,godo_martial,godo_martial
2025-26,334,Luke Harris,luke harris,harris_luke,Fulham,MID,38,0,1,38,FALSE,harris_luke,harris_luke
2025-26,335,Josh King,josh king,josh_king,Fulham,MID,38,1290,1,38,FALSE,josh_king,josh_king
2025-26,336,Harrison Reed,harrison reed,harrison_reed,Fulham,MID,38,89,1,38,FALSE,harrison_reed,harrison_reed
2025-26,337,Raúl Jiménez Rodríguez,raul jimenez rodriguez,jimenez_raul_rodriguez,Fulham,FWD,38,2183,1,38,FALSE,jimenez_raul_rodriguez,jimenez_raul_rodriguez
2025-26,338,Rodrigo Muniz Carvalho,rodrigo muniz carvalho,carvalho_muniz_rodrigo,Fulham,FWD,38,987,1,38,FALSE,carvalho_muniz_rodrigo,carvalho_muniz_rodrigo
2025-26,339,Illan Meslier,illan meslier,illan_meslier,Leeds,GK,38,0,1,38,FALSE,illan_meslier,illan_meslier
2025-26,340,Alex Cairns,alex cairns,alex_cairns,Leeds,GK,38,0,1,38,FALSE,alex_cairns,alex_cairns
2025-26,341,Karl Darlow,karl darlow,darlow_karl,Leeds,GK,38,1980,1,38,FALSE,darlow_karl,darlow_karl
2025-26,342,Jayden Bogle,jayden bogle,bogle_jayden,Leeds,DEF,38,2795,1,38,FALSE,bogle_jayden,bogle_jayden
2025-26,343,Pascal Struijk,pascal struijk,pascal_struijk,Leeds,DEF,38,2935,1,38,FALSE,pascal_struijk,pascal_struijk
2025-26,344,Jaka Bijol,jaka bijol,bijol_jaka,Leeds,DEF,38,1888,1,38,FALSE,bijol_jaka,bijol_jaka
2025-26,345,Sebastiaan Bornauw,sebastiaan bornauw,bornauw_sebastiaan,Leeds,DEF,38,429,1,38,FALSE,bornauw_sebastiaan,bornauw_sebastiaan
2025-26,346,Sam Byram,sam byram,byram_sam,Leeds,DEF,38,8,1,38,FALSE,byram_sam,byram_sam
2025-26,347,Gabriel Gudmundsson,gabriel gudmundsson,gabriel_gudmundsson,Leeds,DEF,38,2637,1,38,FALSE,gabriel_gudmundsson,gabriel_gudmundsson
2025-26,348,Joe Rodon,joe rodon,joe_rodon,Leeds,DEF,38,2952,1,38,FALSE,joe_rodon,joe_rodon
2025-26,349,Isaac Schmidt,isaac schmidt,isaac_schmidt,Leeds,DEF,38,0,1,38,FALSE,isaac_schmidt,isaac_schmidt
2025-26,350,Brenden Aaronson,brenden aaronson,aaronson_brenden,Leeds,MID,38,2449,1,38,FALSE,aaronson_brenden,aaronson_brenden
2025-26,351,Wilfried Gnonto,wilfried gnonto,gnonto_wilfried,Leeds,MID,38,521,1,38,FALSE,gnonto_wilfried,gnonto_wilfried
2025-26,352,Jack Harrison,jack harrison,harrison_jack,Leeds,MID,38,262,1,38,FALSE,harrison_jack,harrison_jack
2025-26,353,Daniel James,daniel james,daniel_james,Leeds,MID,38,547,1,38,FALSE,daniel_james,daniel_james
2025-26,354,Ethan Ampadu,ethan ampadu,ampadu_ethan,Leeds,MID,38,3119,1,38,FALSE,ampadu_ethan,ampadu_ethan
2025-26,355,Sam Greenwood,sam greenwood,greenwood_sam,Leeds,MID,38,0,1,38,FALSE,greenwood_sam,greenwood_sam
2025-26,356,Ilia Gruev,ilia gruev,gruev_ilia,Leeds,MID,38,1318,1,38,FALSE,gruev_ilia,gruev_ilia
2025-26,357,Largie Ramazani,largie ramazani,largie_ramazani,Leeds,MID,38,0,1,38,FALSE,largie_ramazani,largie_ramazani
2025-26,358,Tanaka Ao,tanaka ao,ao_tanaka,Leeds,MID,38,1307,1,38,FALSE,ao_tanaka,ao_tanaka
2025-26,359,Charlie Crew,charlie crew,charlie_crew,Leeds,MID,38,0,1,38,FALSE,charlie_crew,charlie_crew
2025-26,360,Joe Gelhardt,joe gelhardt,gelhardt_joe,Leeds,MID,38,0,1,38,FALSE,gelhardt_joe,gelhardt_joe
2025-26,361,Darko Gyabi,darko gyabi,darko_gyabi,Leeds,MID,38,0,1,38,FALSE,darko_gyabi,darko_gyabi
2025-26,362,Joël Piroe,joel piroe,joel_piroe,Leeds,FWD,38,244,1,38,FALSE,joel_piroe,joel_piroe
2025-26,363,Patrick Bamford,patrick bamford,bamford_patrick,Leeds,FWD,38,0,1,38,FALSE,bamford_patrick,bamford_patrick
2025-26,364,Mateo Joseph Fernández-Regatillo,mateo joseph fernandez regatillo,fernandez_joseph_mateo_regatillo,Leeds,FWD,38,0,1,38,FALSE,fernandez_joseph_mateo_regatillo,fernandez_joseph_mateo_regatillo
2025-26,365,Lukas Nmecha,lukas nmecha,lukas_nmecha,Leeds,FWD,38,1065,1,38,FALSE,lukas_nmecha,lukas_nmecha
2025-26,366,Alisson Becker,alisson becker,alisson_becker,Liverpool,GK,38,2340,1,38,FALSE,alisson_becker,alisson_becker
2025-26,367,Giorgi Mamardashvili,giorgi mamardashvili,giorgi_mamardashvili,Liverpool,GK,38,867,1,38,FALSE,giorgi_mamardashvili,giorgi_mamardashvili
2025-26,368,Ármin Pécsi,armin pecsi,armin_pecsi,Liverpool,GK,38,0,1,38,FALSE,armin_pecsi,armin_pecsi
2025-26,369,Freddie Woodman,freddie woodman,freddie_woodman,Liverpool,GK,38,212,1,38,FALSE,freddie_woodman,freddie_woodman
2025-26,370,Jeremie Frimpong,jeremie frimpong,frimpong_jeremie,Liverpool,DEF,38,1032,1,38,FALSE,frimpong_jeremie,frimpong_jeremie
2025-26,371,Milos Kerkez,milos kerkez,kerkez_milos,Liverpool,DEF,38,2251,1,38,FALSE,kerkez_milos,kerkez_milos
2025-26,372,Andrew Robertson,andrew robertson,andrew_robertson,Liverpool,DEF,38,1165,1,38,FALSE,andrew_robertson,andrew_robertson
2025-26,373,Virgil van Dijk,virgil van dijk,dijk_van_virgil,Liverpool,DEF,38,3420,1,38,FALSE,dijk_van_virgil,dijk_van_virgil
2025-26,374,Ibrahima Konaté,ibrahima konate,ibrahima_konate,Liverpool,DEF,38,3090,1,38,FALSE,ibrahima_konate,ibrahima_konate
2025-26,375,Conor Bradley,conor bradley,bradley_conor,Liverpool,DEF,38,928,1,38,FALSE,bradley_conor,bradley_conor
2025-26,376,Joe Gomez,joe gomez,gomez_joe,Liverpool,DEF,38,594,1,38,FALSE,gomez_joe,gomez_joe
2025-26,377,Konstantinos Tsimikas,konstantinos tsimikas,konstantinos_tsimikas,Liverpool,DEF,38,0,1,38,FALSE,konstantinos_tsimikas,konstantinos_tsimikas
2025-26,378,Amara Nallo,amara nallo,amara_nallo,Liverpool,DEF,38,0,1,38,FALSE,amara_nallo,amara_nallo
2025-26,379,Rhys Williams,rhys williams,rhys_williams,Liverpool,DEF,38,0,1,38,FALSE,rhys_williams,rhys_williams
2025-26,380,Calvin Ramsay,calvin ramsay,calvin_ramsay,Liverpool,DEF,38,0,1,38,FALSE,calvin_ramsay,calvin_ramsay
2025-26,381,Mohamed Salah,mohamed salah,mohamed_salah,Liverpool,MID,38,2144,1,38,FALSE,mohamed_salah,mohamed_salah
2025-26,382,Florian Wirtz,florian wirtz,florian_wirtz,Liverpool,MID,38,2374,1,38,FALSE,florian_wirtz,florian_wirtz
2025-26,383,Luis Díaz Marulanda,luis diaz marulanda,diaz_luis_marulanda,Liverpool,MID,38,0,1,38,FALSE,diaz_luis_marulanda,diaz_luis_marulanda
2025-26,384,Cody Gakpo,cody gakpo,cody_gakpo,Liverpool,MID,38,2736,1,38,FALSE,cody_gakpo,cody_gakpo
2025-26,385,Federico Chiesa,federico chiesa,chiesa_federico,Liverpool,MID,38,317,1,38,FALSE,chiesa_federico,chiesa_federico
2025-26,386,Alexis Mac Allister,alexis mac allister,alexis_allister_mac,Liverpool,MID,38,2654,1,38,FALSE,alexis_allister_mac,alexis_allister_mac
2025-26,387,Dominik Szoboszlai,dominik szoboszlai,dominik_szoboszlai,Liverpool,MID,38,3232,1,38,FALSE,dominik_szoboszlai,dominik_szoboszlai
2025-26,388,Curtis Jones,curtis jones,curtis_jones,Liverpool,MID,38,1923,1,38,FALSE,curtis_jones,curtis_jones
2025-26,389,Harvey Elliott,harvey elliott,elliott_harvey,Aston Villa/Liverpool,MID,38,110,1,38,FALSE,elliott_harvey,elliott_harvey
2025-26,390,Ryan Gravenberch,ryan gravenberch,gravenberch_ryan,Liverpool,MID,38,2991,1,38,FALSE,gravenberch_ryan,gravenberch_ryan
2025-26,391,Ben Gannon-Doak,ben gannon doak,ben_doak_gannon,Bournemouth/Liverpool,MID,38,105,1,38,FALSE,ben_doak_gannon,ben_doak_gannon
2025-26,392,Endo Wataru,endo wataru,endo_wataru,Liverpool,MID,38,170,1,38,FALSE,endo_wataru,endo_wataru
2025-26,393,Stefan Bajčetić Maquieira,stefan bajcetic maquieira,bajcetic_maquieira_stefan,Liverpool,MID,38,0,1,38,FALSE,bajcetic_maquieira_stefan,bajcetic_maquieira_stefan
2025-26,394,James McConnell,james mcconnell,james_mcconnell,Liverpool,MID,38,0,1,38,FALSE,james_mcconnell,james_mcconnell
2025-26,395,Tyler Morton,tyler morton,morton_tyler,Liverpool,MID,38,0,1,38,FALSE,morton_tyler,morton_tyler
2025-26,396,Trey Nyoni,trey nyoni,nyoni_trey,Liverpool,MID,38,21,1,38,FALSE,nyoni_trey,nyoni_trey
2025-26,397,Darwin Núñez Ribeiro,darwin nunez ribeiro,darwin_nunez_ribeiro,Liverpool,FWD,38,0,1,38,FALSE,darwin_nunez_ribeiro,darwin_nunez_ribeiro
2025-26,398,Jayden Danns,jayden danns,danns_jayden,Liverpool,FWD,38,0,1,38,FALSE,danns_jayden,danns_jayden
2025-26,399,Ederson Santana de Moraes,ederson santana de moraes,de_ederson_moraes_santana,Man City,GK,38,0,1,38,FALSE,de_ederson_moraes_santana,de_ederson_moraes_santana
2025-26,400,Stefan Ortega Moreno,stefan ortega moreno,moreno_ortega_stefan,Man City/Nott'm Forest,GK,38,270,1,38,FALSE,moreno_ortega_stefan,moreno_ortega_stefan
2025-26,401,Marcus Bettinelli,marcus bettinelli,bettinelli_marcus,Man City,GK,38,0,1,38,FALSE,bettinelli_marcus,bettinelli_marcus
2025-26,402,Rayan Aït-Nouri,rayan ait nouri,ait_nouri_rayan,Man City,DEF,38,971,1,38,FALSE,ait_nouri_rayan,ait_nouri_rayan
2025-26,403,Joško Gvardiol,josko gvardiol,gvardiol_josko,Man City,DEF,38,1370,1,38,FALSE,gvardiol_josko,gvardiol_josko
2025-26,404,Manuel Akanji,manuel akanji,akanji_manuel,Man City,DEF,38,0,1,38,FALSE,akanji_manuel,akanji_manuel
2025-26,405,Nathan Aké,nathan ake,ake_nathan,Man City,DEF,38,686,1,38,FALSE,ake_nathan,ake_nathan
2025-26,406,Abdukodir Khusanov,abdukodir khusanov,abdukodir_khusanov,Man City,DEF,38,1427,1,38,FALSE,abdukodir_khusanov,abdukodir_khusanov
2025-26,407,Matheus Nunes,matheus nunes,matheus_nunes,Man City,DEF,38,2861,1,38,FALSE,matheus_nunes,matheus_nunes
2025-26,408,Rúben dos Santos Gato Alves Dias,ruben dos santos gato alves dias,alves_dias_dos_gato_ruben_santos,Man City,DEF,38,2139,1,38,FALSE,alves_dias_dos_gato_ruben_santos,alves_dias_dos_gato_ruben_santos
2025-26,409,John Stones,john stones,john_stones,Man City,DEF,38,436,1,38,FALSE,john_stones,john_stones
2025-26,410,Rico Lewis,rico lewis,lewis_rico,Man City,DEF,38,401,1,38,FALSE,lewis_rico,lewis_rico
2025-26,411,Nico O'Reilly,nico o reilly,nico_o_reilly,Man City,DEF,38,2643,1,38,FALSE,nico_o_reilly,nico_o_reilly
2025-26,412,Vitor de Oliveira Nunes dos Reis,vitor de oliveira nunes dos reis,de_dos_nunes_oliveira_reis_vitor,Man City,DEF,38,0,1,38,FALSE,de_dos_nunes_oliveira_reis_vitor,de_dos_nunes_oliveira_reis_vitor
2025-26,413,Omar Marmoush,omar marmoush,marmoush_omar,Man City,MID,38,691,1,38,FALSE,marmoush_omar,marmoush_omar
2025-26,414,Phil Foden,phil foden,foden_phil,Man City,MID,38,2078,1,38,FALSE,foden_phil,foden_phil
2025-26,415,Sávio Moreira de Oliveira,savio moreira de oliveira,de_moreira_oliveira_savio,Man City,MID,38,817,1,38,FALSE,de_moreira_oliveira_savio,de_moreira_oliveira_savio
2025-26,416,Bernardo Mota Veiga de Carvalho e Silva,bernardo mota veiga de carvalho e silva,bernardo_carvalho_de_e_mota_silva_veiga,Man City,MID,38,2869,1,38,FALSE,bernardo_carvalho_de_e_mota_silva_veiga,bernardo_carvalho_de_e_mota_silva_veiga
2025-26,417,Rayan Cherki,rayan cherki,cherki_rayan,Man City,MID,38,1772,1,38,FALSE,cherki_rayan,cherki_rayan
2025-26,418,Jérémy Doku,jeremy doku,doku_jeremy,Man City,MID,38,1773,1,38,FALSE,doku_jeremy,doku_jeremy
2025-26,419,Jack Grealish,jack grealish,grealish_jack,Everton,MID,38,1627,1,38,FALSE,grealish_jack,grealish_jack
2025-26,420,İlkay Gündoğan,ilkay gundogan,gundogan_ilkay,Man City,MID,38,0,1,38,FALSE,gundogan_ilkay,gundogan_ilkay
2025-26,421,Rodrigo 'Rodri' Hernandez Cascante,rodrigo rodri hernandez cascante,cascante_hernandez_rodri_rodrigo,Man City,MID,38,1510,1,38,FALSE,cascante_hernandez_rodri_rodrigo,cascante_hernandez_rodri_rodrigo
2025-26,422,Mateo Kovačić,mateo kovacic,kovacic_mateo,Man City,MID,38,125,1,38,FALSE,kovacic_mateo,kovacic_mateo
2025-26,423,Nico González Iglesias,nico gonzalez iglesias,gonzalez_iglesias_nico,Man City,MID,38,1561,1,38,FALSE,gonzalez_iglesias_nico,gonzalez_iglesias_nico
2025-26,424,Oscar Bobb,oscar bobb,bobb_oscar,Fulham/Man City,MID,38,1030,1,38,FALSE,bobb_oscar,bobb_oscar
2025-26,425,Claudio Echeverri,claudio echeverri,claudio_echeverri,Man City,MID,38,0,1,38,FALSE,claudio_echeverri,claudio_echeverri
2025-26,426,James McAtee,james mcatee,james_mcatee,Man City/Nott'm Forest,MID,38,288,1,38,FALSE,james_mcatee,james_mcatee
2025-26,427,Tijjani Reijnders,tijjani reijnders,reijnders_tijjani,Man City,MID,38,1623,1,38,FALSE,reijnders_tijjani,reijnders_tijjani
2025-26,428,Sverre Nypan,sverre nypan,nypan_sverre,Man City,MID,38,0,1,38,FALSE,nypan_sverre,nypan_sverre
2025-26,429,Kalvin Phillips,kalvin phillips,kalvin_phillips,Man City,MID,38,0,1,38,FALSE,kalvin_phillips,kalvin_phillips
2025-26,430,Erling Haaland,erling haaland,erling_haaland,Man City,FWD,38,2953,1,38,FALSE,erling_haaland,erling_haaland
2025-26,431,Altay Bayındır,altay bayindir,altay_bayindir,Man Utd,GK,38,540,1,38,FALSE,altay_bayindir,altay_bayindir
2025-26,432,André Onana,andre onana,andre_onana,Man Utd,GK,38,0,1,38,FALSE,andre_onana,andre_onana
2025-26,433,Elyh Harrison,elyh harrison,elyh_harrison,Man Utd,GK,38,0,1,38,FALSE,elyh_harrison,elyh_harrison
2025-26,434,Tom Heaton,tom heaton,heaton_tom,Man Utd,GK,38,0,1,38,FALSE,heaton_tom,heaton_tom
2025-26,435,Dermot Mee,dermot mee,dermot_mee,Man Utd,GK,38,0,1,38,FALSE,dermot_mee,dermot_mee
2025-26,436,Matthijs de Ligt,matthijs de ligt,de_ligt_matthijs,Man Utd,DEF,38,1170,1,38,FALSE,de_ligt_matthijs,de_ligt_matthijs
2025-26,437,Lisandro Martínez,lisandro martinez,lisandro_martinez,Man Utd,DEF,38,1229,1,38,FALSE,lisandro_martinez,lisandro_martinez
2025-26,438,Noussair Mazraoui,noussair mazraoui,mazraoui_noussair,Man Utd,DEF,38,977,1,38,FALSE,mazraoui_noussair,mazraoui_noussair
2025-26,439,Diego León Blanco,diego leon blanco,blanco_diego_leon,Man Utd,DEF,38,0,1,38,FALSE,blanco_diego_leon,blanco_diego_leon
2025-26,440,Diogo Dalot Teixeira,diogo dalot teixeira,dalot_diogo_teixeira,Man Utd,DEF,38,2609,1,38,FALSE,dalot_diogo_teixeira,dalot_diogo_teixeira
2025-26,441,Patrick Dorgu,patrick dorgu,dorgu_patrick,Man Utd,DEF,38,1440,1,38,FALSE,dorgu_patrick,dorgu_patrick
2025-26,442,Harry Maguire,harry maguire,harry_maguire,Man Utd,DEF,38,1649,1,38,FALSE,harry_maguire,harry_maguire
2025-26,443,Luke Shaw,luke shaw,luke_shaw,Man Utd,DEF,38,3220,1,38,FALSE,luke_shaw,luke_shaw
2025-26,444,Leny Yoro,leny yoro,leny_yoro,Man Utd,DEF,38,1730,1,38,FALSE,leny_yoro,leny_yoro
2025-26,445,Harry Amass,harry amass,amass_harry,Man Utd,DEF,38,0,1,38,FALSE,amass_harry,amass_harry
2025-26,446,Tyler Fredricson,tyler fredricson,fredricson_tyler,Man Utd,DEF,38,2,1,38,FALSE,fredricson_tyler,fredricson_tyler
2025-26,447,Ayden Heaven,ayden heaven,ayden_heaven,Man Utd,DEF,38,920,1,38,FALSE,ayden_heaven,ayden_heaven
2025-26,448,Tyrell Malacia,tyrell malacia,malacia_tyrell,Man Utd,DEF,38,15,1,38,FALSE,malacia_tyrell,malacia_tyrell
2025-26,449,Bruno Borges Fernandes,bruno borges fernandes,borges_bruno_fernandes,Man Utd,MID,38,3065,1,38,FALSE,borges_bruno_fernandes,borges_bruno_fernandes
2025-26,450,Matheus Santos Carneiro da Cunha,matheus santos carneiro da cunha,carneiro_cunha_da_matheus_santos,Man Utd,MID,38,2493,1,38,FALSE,carneiro_cunha_da_matheus_santos,carneiro_cunha_da_matheus_santos
2025-26,451,Marcus Rashford,marcus rashford,marcus_rashford,Man Utd,MID,38,0,1,38,FALSE,marcus_rashford,marcus_rashford
2025-26,452,Amad Diallo,amad diallo,amad_diallo,Man Utd,MID,38,2339,1,38,FALSE,amad_diallo,amad_diallo
2025-26,453,Alejandro Garnacho Ferreyra,alejandro garnacho ferreyra,alejandro_ferreyra_garnacho,Chelsea/Man Utd,MID,38,1261,1,38,FALSE,alejandro_ferreyra_garnacho,alejandro_ferreyra_garnacho
2025-26,454,Antony dos Santos,antony dos santos,antony_dos_santos,Man Utd,MID,38,0,1,38,FALSE,antony_dos_santos,antony_dos_santos
2025-26,455,Mason Mount,mason mount,mason_mount,Man Utd,MID,38,1010,1,38,FALSE,mason_mount,mason_mount
2025-26,456,Jadon Sancho,jadon sancho,jadon_sancho,Aston Villa/Man Utd,MID,38,863,1,38,FALSE,jadon_sancho,jadon_sancho
2025-26,457,Carlos Henrique Casimiro,carlos henrique casimiro,carlos_casimiro_henrique,Man Utd,MID,38,2575,1,38,FALSE,carlos_casimiro_henrique,carlos_casimiro_henrique
2025-26,458,Kobbie Mainoo,kobbie mainoo,kobbie_mainoo,Man Utd,MID,38,1653,1,38,FALSE,kobbie_mainoo,kobbie_mainoo
2025-26,459,Manuel Ugarte Ribeiro,manuel ugarte ribeiro,manuel_ribeiro_ugarte,Man Utd,MID,38,876,1,38,FALSE,manuel_ribeiro_ugarte,manuel_ribeiro_ugarte
2025-26,460,Toby Collyer,toby collyer,collyer_toby,Man Utd,MID,38,0,1,38,FALSE,collyer_toby,collyer_toby
2025-26,461,Jayce Fitzgerald,jayce fitzgerald,fitzgerald_jayce,Man Utd,MID,38,0,1,38,FALSE,fitzgerald_jayce,fitzgerald_jayce
2025-26,462,Jack Fletcher,jack fletcher,fletcher_jack,Man Utd,MID,38,107,1,38,FALSE,fletcher_jack,fletcher_jack
2025-26,463,Sékou Koné,sekou kone,kone_sekou,Man Utd,MID,38,0,1,38,FALSE,kone_sekou,kone_sekou
2025-26,464,Jack Moorhouse,jack moorhouse,jack_moorhouse,Man Utd,MID,38,0,1,38,FALSE,jack_moorhouse,jack_moorhouse
2025-26,465,Rasmus Højlund,rasmus hojlund,hojlund_rasmus,Man Utd,FWD,38,0,1,38,FALSE,hojlund_rasmus,hojlund_rasmus
2025-26,466,Joshua Zirkzee,joshua zirkzee,joshua_zirkzee,Man Utd,FWD,38,607,1,38,FALSE,joshua_zirkzee,joshua_zirkzee
2025-26,467,Chido Obi,chido obi,chido_obi,Man Utd,FWD,38,0,1,38,FALSE,chido_obi,chido_obi
2025-26,468,Ethan Wheatley,ethan wheatley,ethan_wheatley,Man Utd,FWD,38,0,1,38,FALSE,ethan_wheatley,ethan_wheatley
2025-26,469,Nick Pope,nick pope,nick_pope,Newcastle,GK,38,2416,1,38,FALSE,nick_pope,nick_pope
2025-26,470,Martin Dúbravka,martin dubravka,dubravka_martin,Burnley,GK,38,3150,1,38,FALSE,dubravka_martin,dubravka_martin
2025-26,471,Mark Gillespie,mark gillespie,gillespie_mark,Newcastle,GK,38,0,1,38,FALSE,gillespie_mark,gillespie_mark
2025-26,472,Odysseas Vlachodimos,odysseas vlachodimos,odysseas_vlachodimos,Newcastle,GK,38,0,1,38,FALSE,odysseas_vlachodimos,odysseas_vlachodimos
2025-26,473,Lewis Hall,lewis hall,hall_lewis,Newcastle,DEF,38,2176,1,38,FALSE,hall_lewis,hall_lewis
2025-26,474,Fabian Schär,fabian schar,fabian_schar,Newcastle,DEF,38,1089,1,38,FALSE,fabian_schar,fabian_schar
2025-26,475,Sven Botman,sven botman,botman_sven,Newcastle,DEF,38,1834,1,38,FALSE,botman_sven,botman_sven
2025-26,476,Dan Burn,dan burn,burn_dan,Newcastle,DEF,38,2195,1,38,FALSE,burn_dan,burn_dan
2025-26,477,Tino Livramento,tino livramento,livramento_tino,Newcastle,DEF,38,1326,1,38,FALSE,livramento_tino,livramento_tino
2025-26,478,Kieran Trippier,kieran trippier,kieran_trippier,Newcastle,DEF,38,1586,1,38,FALSE,kieran_trippier,kieran_trippier
2025-26,479,Emil Krafth,emil krafth,emil_krafth,Newcastle,DEF,38,45,1,38,FALSE,emil_krafth,emil_krafth
2025-26,480,Jamaal Lascelles,jamaal lascelles,jamaal_lascelles,Newcastle,DEF,38,19,1,38,FALSE,jamaal_lascelles,jamaal_lascelles
2025-26,481,Alex Murphy,alex murphy,alex_murphy,Newcastle,DEF,38,7,1,38,FALSE,alex_murphy,alex_murphy
2025-26,482,Harrison Ashby,harrison ashby,ashby_harrison,Newcastle,DEF,38,0,1,38,FALSE,ashby_harrison,ashby_harrison
2025-26,483,Miodrag Pivaš,miodrag pivas,miodrag_pivas,Newcastle,DEF,38,0,1,38,FALSE,miodrag_pivas,miodrag_pivas
2025-26,484,Matt Targett,matt targett,matt_targett,Newcastle,DEF,38,0,1,38,FALSE,matt_targett,matt_targett
2025-26,485,Anthony Gordon,anthony gordon,anthony_gordon,Newcastle,MID,38,1798,1,38,FALSE,anthony_gordon,anthony_gordon
2025-26,486,Anthony Elanga,anthony elanga,anthony_elanga,Newcastle,MID,38,1302,1,38,FALSE,anthony_elanga,anthony_elanga
2025-26,487,Harvey Barnes,harvey barnes,barnes_harvey,Newcastle,MID,38,1951,1,38,FALSE,barnes_harvey,barnes_harvey
2025-26,488,Bruno Guimarães Rodriguez Moura,bruno guimaraes rodriguez moura,bruno_guimaraes_moura_rodriguez,Newcastle,MID,38,2456,1,38,FALSE,bruno_guimaraes_moura_rodriguez,bruno_guimaraes_moura_rodriguez
2025-26,489,Jacob Murphy,jacob murphy,jacob_murphy,Newcastle,MID,38,1606,1,38,FALSE,jacob_murphy,jacob_murphy
2025-26,490,Joelinton Cássio Apolinário de Lira,joelinton cassio apolinario de lira,apolinario_cassio_de_joelinton_lira,Newcastle,MID,38,1950,1,38,FALSE,apolinario_cassio_de_joelinton_lira,apolinario_cassio_de_joelinton_lira
2025-26,491,Sandro Tonali,sandro tonali,sandro_tonali,Newcastle,MID,38,2534,1,38,FALSE,sandro_tonali,sandro_tonali
2025-26,492,Antoñito Cordero Campillo,antonito cordero campillo,antonito_campillo_cordero,Newcastle,MID,38,0,1,38,FALSE,antonito_campillo_cordero,antonito_campillo_cordero
2025-26,493,Sean Longstaff,sean longstaff,longstaff_sean,Leeds,MID,38,1003,1,38,FALSE,longstaff_sean,longstaff_sean
2025-26,494,Joe Willock,joe willock,joe_willock,Newcastle,MID,38,972,1,38,FALSE,joe_willock,joe_willock
2025-26,495,Isaac Hayden,isaac hayden,hayden_isaac,Newcastle,MID,38,0,1,38,FALSE,hayden_isaac,hayden_isaac
2025-26,496,Garang Kuol,garang kuol,garang_kuol,Newcastle,MID,38,0,1,38,FALSE,garang_kuol,garang_kuol
2025-26,497,Lewis Miley,lewis miley,lewis_miley,Newcastle,MID,38,1493,1,38,FALSE,lewis_miley,lewis_miley
2025-26,498,Joe White,joe white,joe_white,Newcastle,MID,38,0,1,38,FALSE,joe_white,joe_white
2025-26,499,Alexander Isak,alexander isak,alexander_isak,Liverpool/Newcastle,FWD,38,694,1,38,FALSE,alexander_isak,alexander_isak
2025-26,500,William Osula,william osula,osula_william,Newcastle,FWD,38,805,1,38,FALSE,osula_william,osula_william
2025-26,501,Sean Neave,sean neave,neave_sean,Newcastle,FWD,38,13,1,38,FALSE,neave_sean,neave_sean
2025-26,502,Matz Sels,matz sels,matz_sels,Nott'm Forest,GK,38,2667,1,38,FALSE,matz_sels,matz_sels
2025-26,503,Carlos Miguel dos Santos Pereira,carlos miguel dos santos pereira,carlos_dos_miguel_pereira_santos,Nott'm Forest,GK,38,0,1,38,FALSE,carlos_dos_miguel_pereira_santos,carlos_dos_miguel_pereira_santos
2025-26,504,Matt Turner,matt turner,matt_turner,Nott'm Forest,GK,38,0,1,38,FALSE,matt_turner,matt_turner
2025-26,505,Nikola Milenković,nikola milenkovic,milenkovic_nikola,Nott'm Forest,DEF,38,3375,1,38,FALSE,milenkovic_nikola,milenkovic_nikola
2025-26,506,Murillo Costa dos Santos,murillo costa dos santos,costa_dos_murillo_santos,Nott'm Forest,DEF,38,2130,1,38,FALSE,costa_dos_murillo_santos,costa_dos_murillo_santos
2025-26,507,Ola Aina,ola aina,aina_ola,Nott'm Forest,DEF,38,1587,1,38,FALSE,aina_ola,aina_ola
2025-26,508,Neco Williams,neco williams,neco_williams,Nott'm Forest,DEF,38,3203,1,38,FALSE,neco_williams,neco_williams
2025-26,509,David Mota Veiga Teixeira do Carmo,david mota veiga teixeira do carmo,carmo_david_do_mota_teixeira_veiga,Nott'm Forest,DEF,38,0,1,38,FALSE,carmo_david_do_mota_teixeira_veiga,carmo_david_do_mota_teixeira_veiga
2025-26,510,Jair Paula da Cunha Filho,jair paula da cunha filho,cunha_da_filho_jair_paula,Nott'm Forest,DEF,38,514,1,38,FALSE,cunha_da_filho_jair_paula,cunha_da_filho_jair_paula
2025-26,511,Felipe Rodrigues da Silva,felipe rodrigues da silva,da_felipe_rodrigues_silva,Nott'm Forest,DEF,38,1340,1,38,FALSE,da_felipe_rodrigues_silva,da_felipe_rodrigues_silva
2025-26,512,Omar Richards,omar richards,omar_richards,Nott'm Forest,DEF,38,0,1,38,FALSE,omar_richards,omar_richards
2025-26,513,Zach Abbott,zach abbott,abbott_zach,Nott'm Forest,DEF,38,165,1,38,FALSE,abbott_zach,abbott_zach
2025-26,514,Willy Boly,willy boly,boly_willy,Nott'm Forest,DEF,38,0,1,38,FALSE,boly_willy,boly_willy
2025-26,515,Morgan Gibbs-White,morgan gibbs white,gibbs_morgan_white,Nott'm Forest,MID,38,3101,1,38,FALSE,gibbs_morgan_white,gibbs_morgan_white
2025-26,516,Callum Hudson-Odoi,callum hudson odoi,callum_hudson_odoi,Nott'm Forest,MID,38,1838,1,38,FALSE,callum_hudson_odoi,callum_hudson_odoi
2025-26,517,Elliot Anderson,elliot anderson,anderson_elliot,Nott'm Forest,MID,38,3332,1,38,FALSE,anderson_elliot,anderson_elliot
2025-26,518,João Pedro Ferreira da Silva,joao pedro ferreira da silva,da_ferreira_joao_pedro_silva,Nott'm Forest,MID,38,11,1,38,FALSE,da_ferreira_joao_pedro_silva,ferreira_joao_pedro_silva
2025-26,519,Nicolás Domínguez,nicolas dominguez,dominguez_nicolas,Nott'm Forest,MID,38,1168,1,38,FALSE,dominguez_nicolas,dominguez_nicolas
2025-26,520,Lewis O'Brien,lewis o brien,brien_lewis_o,Nott'm Forest,MID,38,0,1,38,FALSE,brien_lewis_o,brien_lewis_o
2025-26,521,Ibrahim Sangaré,ibrahim sangare,ibrahim_sangare,Nott'm Forest,MID,38,2073,1,38,FALSE,ibrahim_sangare,ibrahim_sangare
2025-26,522,Ryan Yates,ryan yates,ryan_yates,Nott'm Forest,MID,38,602,1,38,FALSE,ryan_yates,ryan_yates
2025-26,523,Eric da Silva Moreira,eric da silva moreira,da_eric_moreira_silva,Nott'm Forest,MID,38,0,1,38,FALSE,da_eric_moreira_silva,da_eric_moreira_silva
2025-26,524,Marko Stamenić,marko stamenic,marko_stamenic,Nott'm Forest,MID,38,0,1,38,FALSE,marko_stamenic,marko_stamenic
2025-26,525,Chris Wood,chris wood,chris_wood,Nott'm Forest,FWD,38,896,1,38,FALSE,chris_wood,chris_wood
2025-26,526,Igor Jesus Maciel da Cruz,igor jesus maciel da cruz,cruz_da_igor_jesus_maciel,Nott'm Forest,FWD,38,2293,1,38,FALSE,cruz_da_igor_jesus_maciel,cruz_da_igor_jesus_maciel
2025-26,527,Taiwo Awoniyi,taiwo awoniyi,awoniyi_taiwo,Nott'm Forest,FWD,38,480,1,38,FALSE,awoniyi_taiwo,awoniyi_taiwo
2025-26,528,Anthony Patterson,anthony patterson,anthony_patterson,Sunderland,GK,38,0,1,38,FALSE,anthony_patterson,anthony_patterson
2025-26,529,Simon Moore,simon moore,moore_simon,Sunderland,GK,38,0,1,38,FALSE,moore_simon,moore_simon
2025-26,530,Blondy Nna Noukeu,blondy nna noukeu,blondy_nna_noukeu,Sunderland,GK,38,0,1,38,FALSE,blondy_nna_noukeu,blondy_nna_noukeu
2025-26,531,Daniel Ballard,daniel ballard,ballard_daniel,Sunderland,DEF,38,2144,1,38,FALSE,ballard_daniel,ballard_daniel
2025-26,532,Trai Hume,trai hume,hume_trai,Sunderland,DEF,38,3032,1,38,FALSE,hume_trai,hume_trai
2025-26,533,Aji Alese,aji alese,aji_alese,Sunderland,DEF,38,0,1,38,FALSE,aji_alese,ajibola_alese
2025-26,534,Joe Anderson,joe anderson,anderson_joe,Sunderland,DEF,38,0,1,38,FALSE,anderson_joe,anderson_joe
2025-26,535,Dennis Cirkin,dennis cirkin,cirkin_dennis,Sunderland,DEF,38,319,1,38,FALSE,cirkin_dennis,cirkin_dennis
2025-26,536,Leo Fuhr Hjelde,leo fuhr hjelde,fuhr_hjelde_leo,Sunderland,DEF,38,0,1,38,FALSE,fuhr_hjelde_leo,fuhr_hjelde_leo
2025-26,537,Niall Huggins,niall huggins,huggins_niall,Sunderland,DEF,38,0,1,38,FALSE,huggins_niall,huggins_niall
2025-26,538,Zak Johnson,zak johnson,johnson_zak,Sunderland,DEF,38,0,1,38,FALSE,johnson_zak,johnson_zak
2025-26,539,Luke O'Nien,luke o nien,luke_nien_o,Sunderland,DEF,38,565,1,38,FALSE,luke_nien_o,luke_nien_o
2025-26,540,Timothée Pembélé,timothee pembele,pembele_timothee,Sunderland,DEF,38,0,1,38,FALSE,pembele_timothee,pembele_timothee
2025-26,541,Reinildo Mandava,reinildo mandava,mandava_reinildo,Sunderland,DEF,38,1966,1,38,FALSE,mandava_reinildo,mandava_reinildo
2025-26,542,Jenson Seelt,jenson seelt,jenson_seelt,Sunderland,DEF,38,133,1,38,FALSE,jenson_seelt,jenson_seelt
2025-26,543,Simon Adingra,simon adingra,adingra_simon,Sunderland,MID,38,649,1,38,FALSE,adingra_simon,adingra_simon
2025-26,544,Habib Diarra,habib diarra,diarra_habib,Sunderland,MID,38,1403,1,38,FALSE,diarra_habib,diarra_habib
2025-26,545,Patrick Roberts,patrick roberts,patrick_roberts,Sunderland,MID,38,27,1,38,FALSE,patrick_roberts,patrick_roberts
2025-26,546,Milan Aleksić,milan aleksic,aleksic_milan,Sunderland,MID,38,0,1,38,FALSE,aleksic_milan,aleksic_milan
2025-26,547,Enzo Le Fée,enzo le fee,enzo_fee_le,Sunderland,MID,38,2930,1,38,FALSE,enzo_fee_le,enzo_fee_le
2025-26,548,Romaine Mundle,romaine mundle,mundle_romaine,Sunderland,MID,38,399,1,38,FALSE,mundle_romaine,mundle_romaine
2025-26,549,Dan Neil,dan neil,dan_neil,Sunderland,MID,38,13,1,38,FALSE,dan_neil,dan_neil
2025-26,550,Ian Poveda-Ocampo,ian poveda ocampo,ian_ocampo_poveda,Sunderland,MID,38,0,1,38,FALSE,ian_ocampo_poveda,ian_ocampo_poveda
2025-26,551,Chris Rigg,chris rigg,chris_rigg,Sunderland,MID,38,758,1,38,FALSE,chris_rigg,chris_rigg
2025-26,552,Noah Sadiki,noah sadiki,noah_sadiki,Sunderland,MID,38,2891,1,38,FALSE,noah_sadiki,noah_sadiki
2025-26,553,Chemsdine Talbi,chemsdine talbi,chemsdine_talbi,Sunderland,MID,38,1553,1,38,FALSE,chemsdine_talbi,chemsdine_talbi
2025-26,554,Abdoullah Ba,abdoullah ba,abdoullah_ba,Sunderland,MID,38,0,1,38,FALSE,abdoullah_ba,abdoullah_ba
2025-26,555,Alan Browne,alan browne,alan_browne,Sunderland,MID,38,0,1,38,FALSE,alan_browne,alan_browne
2025-26,556,Pierre Ekwah Elimby,pierre ekwah elimby,ekwah_elimby_pierre,Sunderland,MID,38,0,1,38,FALSE,ekwah_elimby_pierre,ekwah_elimby_pierre
2025-26,557,Harrison Jones,harrison jones,harrison_jones,Sunderland,MID,38,0,1,38,FALSE,harrison_jones,harrison_jones
2025-26,558,Jay Matete,jay matete,jay_matete,Sunderland,MID,38,0,1,38,FALSE,jay_matete,jay_matete
2025-26,559,Nectarios Triantis,nectarios triantis,nectarios_triantis,Sunderland,MID,38,0,1,38,FALSE,nectarios_triantis,nectarios_triantis
2025-26,560,Wilson Isidor,wilson isidor,isidor_wilson,Sunderland,FWD,38,1148,1,38,FALSE,isidor_wilson,isidor_wilson
2025-26,561,Eliezer Mayenda Dossou,eliezer mayenda dossou,dossou_eliezer_mayenda,Sunderland,FWD,38,751,1,38,FALSE,dossou_eliezer_mayenda,dossou_eliezer_mayenda
2025-26,562,Ahmed Abdullahi,ahmed abdullahi,abdullahi_ahmed,Sunderland,FWD,38,0,1,38,FALSE,abdullahi_ahmed,abdullahi_ahmed
2025-26,563,Luís Hemir Silva Semedo,luis hemir silva semedo,hemir_luis_semedo_silva,Sunderland,FWD,38,0,1,38,FALSE,hemir_luis_semedo_silva,hemir_luis_semedo_silva
2025-26,564,Nazarii Rusyn,nazarii rusyn,nazarii_rusyn,Sunderland,FWD,38,0,1,38,FALSE,nazarii_rusyn,nazarii_rusyn
2025-26,565,Guglielmo Vicario,guglielmo vicario,guglielmo_vicario,Spurs,GK,38,2790,1,38,FALSE,guglielmo_vicario,guglielmo_vicario
2025-26,566,Brandon Austin,brandon austin,austin_brandon,Spurs,GK,38,0,1,38,FALSE,austin_brandon,austin_brandon
2025-26,567,Antonín Kinský,antonin kinsky,antonin_kinsky,Spurs,GK,38,630,1,38,FALSE,antonin_kinsky,antonin_kinsky
2025-26,568,Pedro Porro Sauceda,pedro porro sauceda,pedro_porro_sauceda,Spurs,DEF,38,2793,1,38,FALSE,pedro_porro_sauceda,pedro_porro_sauceda
2025-26,569,Cristian Romero,cristian romero,cristian_romero,Spurs,DEF,38,1869,1,38,FALSE,cristian_romero,cristian_romero
2025-26,570,Kevin Danso,kevin danso,danso_kevin,Spurs,DEF,38,1489,1,38,FALSE,danso_kevin,danso_kevin
2025-26,571,Ben Davies,ben davies,ben_davies,Spurs,DEF,38,136,1,38,TRUE,ben_davies__def__spurs,ben_davies__def__spurs
2025-26,572,Radu Drăgușin,radu dragusin,dragusin_radu,Spurs,DEF,38,515,1,38,FALSE,dragusin_radu,dragusin_radu
2025-26,573,Djed Spence,djed spence,djed_spence,Spurs,DEF,38,2049,1,38,FALSE,djed_spence,djed_spence
2025-26,574,Destiny Udogie,destiny udogie,destiny_udogie,Spurs,DEF,38,1335,1,38,FALSE,destiny_udogie,destiny_udogie
2025-26,575,Micky van de Ven,micky van de ven,de_micky_van_ven,Spurs,DEF,38,3041,1,38,FALSE,de_micky_van_ven,de_micky_van_ven
2025-26,576,Ashley Phillips,ashley phillips,ashley_phillips,Spurs,DEF,38,0,1,38,FALSE,ashley_phillips,ashley_phillips
2025-26,577,Takai Kōta,takai kota,kota_takai,Spurs,DEF,38,0,1,38,FALSE,kota_takai,kota_takai
2025-26,578,Luka Vušković,luka vuskovic,luka_vuskovic,Spurs,DEF,38,0,1,38,FALSE,luka_vuskovic,luka_vuskovic
2025-26,579,Son Heung-min,son heung min,heung_min_son,Spurs,MID,38,0,1,38,FALSE,heung_min_son,heung_min_son
2025-26,580,Brennan Johnson,brennan johnson,brennan_johnson,Crystal Palace/Spurs,MID,38,1710,1,38,FALSE,brennan_johnson,brennan_johnson
2025-26,581,James Maddison,james maddison,james_maddison,Spurs,MID,38,34,1,38,FALSE,james_maddison,james_maddison
2025-26,582,Mohammed Kudus,mohammed kudus,kudus_mohammed,Spurs,MID,38,1535,1,38,FALSE,kudus_mohammed,kudus_mohammed
2025-26,583,Dejan Kulusevski,dejan kulusevski,dejan_kulusevski,Spurs,MID,38,0,1,38,FALSE,dejan_kulusevski,dejan_kulusevski
2025-26,584,Mathys Tel,mathys tel,mathys_tel,Spurs,MID,38,1334,1,38,FALSE,mathys_tel,mathys_tel
2025-26,585,Rodrigo Bentancur,rodrigo bentancur,bentancur_rodrigo,Spurs,MID,38,1880,1,38,FALSE,bentancur_rodrigo,bentancur_rodrigo
2025-26,586,Lucas Bergvall,lucas bergvall,bergvall_lucas,Spurs,MID,38,955,1,38,FALSE,bergvall_lucas,bergvall_lucas
2025-26,587,Yves Bissouma,yves bissouma,bissouma_yves,Spurs,MID,38,600,1,38,FALSE,bissouma_yves,bissouma_yves
2025-26,588,Wilson Odobert,wilson odobert,odobert_wilson,Spurs,MID,38,972,1,38,FALSE,odobert_wilson,odobert_wilson
2025-26,589,Manor Solomon,manor solomon,manor_solomon,Spurs,MID,38,0,1,38,FALSE,manor_solomon,manor_solomon
2025-26,590,Bryan Gil Salvatierra,bryan gil salvatierra,bryan_gil_salvatierra,Spurs,MID,38,0,1,38,FALSE,bryan_gil_salvatierra,bryan_gil_salvatierra
2025-26,591,Archie Gray,archie gray,archie_gray,Spurs,MID,38,1471,1,38,FALSE,archie_gray,archie_gray
2025-26,592,Mikey Moore,mikey moore,mikey_moore,Spurs,MID,38,0,1,38,FALSE,mikey_moore,mikey_moore
2025-26,593,Pape Matar Sarr,pape matar sarr,matar_pape_sarr,Spurs,MID,38,1388,1,38,FALSE,matar_pape_sarr,matar_pape_sarr
2025-26,594,Yang Min-hyeok,yang min hyeok,hyeok_min_yang,Spurs,MID,38,0,1,38,FALSE,hyeok_min_yang,hyeok_min_yang
2025-26,595,Callum Olusesi,callum olusesi,callum_olusesi,Spurs,MID,38,14,1,38,FALSE,callum_olusesi,callum_olusesi
2025-26,596,Dominic Solanke-Mitchell,dominic solanke mitchell,dominic_mitchell_solanke,Spurs,FWD,38,997,1,38,FALSE,dominic_mitchell_solanke,dominic_mitchell_solanke
2025-26,597,Richarlison de Andrade,richarlison de andrade,andrade_de_richarlison,Spurs,FWD,38,1954,1,38,FALSE,andrade_de_richarlison,andrade_de_richarlison
2025-26,598,Will Lankshear,will lankshear,lankshear_will,Spurs,FWD,38,0,1,38,FALSE,lankshear_will,lankshear_will
2025-26,599,Dane Scarlett,dane scarlett,dane_scarlett,Spurs,FWD,38,7,1,38,FALSE,dane_scarlett,dane_scarlett
2025-26,600,Alphonse Areola,alphonse areola,alphonse_areola,West Ham,GK,38,1800,1,38,FALSE,alphonse_areola,alphonse_areola
2025-26,601,Wes Foderingham,wes foderingham,foderingham_wes,West Ham,GK,38,0,1,38,FALSE,foderingham_wes,foderingham_wes
2025-26,602,Krisztián Hegyi,krisztian hegyi,hegyi_krisztian,West Ham,GK,38,0,1,38,FALSE,hegyi_krisztian,hegyi_krisztian
2025-26,603,El Hadji Malick Diouf,el hadji malick diouf,diouf_el_hadji_malick,West Ham,DEF,38,2706,1,38,FALSE,diouf_el_hadji_malick,diouf_el_hadji_malick
2025-26,604,Emerson Palmieri dos Santos,emerson palmieri dos santos,dos_emerson_palmieri_santos,West Ham,DEF,38,0,1,38,FALSE,dos_emerson_palmieri_santos,dos_emerson_palmieri_santos
2025-26,605,Maximilian Kilman,maximilian kilman,kilman_maximilian,West Ham,DEF,38,1559,1,38,FALSE,kilman_maximilian,kilman_maximilian
2025-26,606,Konstantinos Mavropanos,konstantinos mavropanos,konstantinos_mavropanos,West Ham,DEF,38,2532,1,38,FALSE,konstantinos_mavropanos,konstantinos_mavropanos
2025-26,607,Nayef Aguerd,nayef aguerd,aguerd_nayef,West Ham,DEF,38,180,1,38,FALSE,aguerd_nayef,aguerd_nayef
2025-26,608,Ollie Scarles,ollie scarles,ollie_scarles,West Ham,DEF,38,656,1,38,FALSE,ollie_scarles,ollie_scarles
2025-26,609,Jean-Clair Todibo,jean clair todibo,clair_jean_todibo,West Ham,DEF,38,1817,1,38,FALSE,clair_jean_todibo,clair_jean_todibo
2025-26,610,Aaron Wan-Bissaka,aaron wan bissaka,aaron_bissaka_wan,West Ham,DEF,38,2080,1,38,FALSE,aaron_bissaka_wan,aaron_bissaka_wan
2025-26,611,Kaelan Casey,kaelan casey,casey_kaelan,West Ham,DEF,38,0,1,38,FALSE,casey_kaelan,casey_kaelan
2025-26,612,Lucas Tolentino Coelho de Lima,lucas tolentino coelho de lima,coelho_de_lima_lucas_tolentino,West Ham,MID,38,1513,1,38,FALSE,coelho_de_lima_lucas_tolentino,coelho_de_lima_lucas_tolentino
2025-26,613,Tomáš Souček,tomas soucek,soucek_tomas,West Ham,MID,38,2190,1,38,FALSE,soucek_tomas,soucek_tomas
2025-26,614,James Ward-Prowse,james ward prowse,james_prowse_ward,Burnley/West Ham,MID,38,1092,1,38,FALSE,james_prowse_ward,james_prowse_ward
2025-26,615,Crysencio Summerville,crysencio summerville,crysencio_summerville,West Ham,MID,38,2470,1,38,FALSE,crysencio_summerville,crysencio_summerville
2025-26,616,Edson Álvarez Velázquez,edson alvarez velazquez,alvarez_edson_velazquez,West Ham,MID,38,0,1,38,FALSE,alvarez_edson_velazquez,alvarez_edson_velazquez
2025-26,617,Maxwel Cornet,maxwel cornet,cornet_maxwel,West Ham,MID,38,0,1,38,FALSE,cornet_maxwel,cornet_maxwel
2025-26,618,Guido Rodríguez,guido rodriguez,guido_rodriguez,West Ham,MID,38,175,1,38,FALSE,guido_rodriguez,guido_rodriguez
2025-26,619,Luis Guilherme Lira dos Santos,luis guilherme lira dos santos,dos_guilherme_lira_luis_santos,West Ham,MID,38,121,1,38,FALSE,dos_guilherme_lira_luis_santos,dos_guilherme_lira_luis_santos
2025-26,620,George Earthy,george earthy,earthy_george,West Ham,MID,38,8,1,38,FALSE,earthy_george,earthy_george
2025-26,621,Andy Irving,andy irving,andy_irving,West Ham,MID,38,156,1,38,FALSE,andy_irving,andy_irving
2025-26,622,Lewis Orford,lewis orford,lewis_orford,West Ham,MID,38,0,1,38,FALSE,lewis_orford,lewis_orford
2025-26,623,Freddie Potts,freddie potts,freddie_potts,West Ham,MID,38,1162,1,38,FALSE,freddie_potts,freddie_potts
2025-26,624,Jarrod Bowen,jarrod bowen,bowen_jarrod,West Ham,FWD,38,3406,1,38,FALSE,bowen_jarrod,bowen_jarrod
2025-26,625,Niclas Füllkrug,niclas fullkrug,fullkrug_niclas,West Ham,FWD,38,407,1,38,FALSE,fullkrug_niclas,fullkrug_niclas
2025-26,626,Callum Marshall,callum marshall,callum_marshall,West Ham,FWD,38,58,1,38,FALSE,callum_marshall,callum_marshall
2025-26,627,Sam Johnstone,sam johnstone,johnstone_sam,Wolves,GK,38,1080,1,38,FALSE,johnstone_sam,johnstone_sam
2025-26,628,José Malheiro de Sá,jose malheiro de sa,de_jose_malheiro_sa,Wolves,GK,38,2070,1,38,FALSE,de_jose_malheiro_sa,de_jose_malheiro_sa
2025-26,629,Daniel Bentley,daniel bentley,bentley_daniel,Wolves,GK,38,270,1,38,FALSE,bentley_daniel,bentley_daniel
2025-26,630,Tom King,tom king,king_tom,Everton/Wolves,GK,38,0,1,38,FALSE,king_tom,king_tom
2025-26,631,Emmanuel Agbadou,emmanuel agbadou,agbadou_emmanuel,Wolves,DEF,38,1100,1,38,FALSE,agbadou_emmanuel,agbadou_emmanuel
2025-26,632,Matt Doherty,matt doherty,doherty_matt,Wolves,DEF,38,786,1,38,FALSE,doherty_matt,doherty_matt
2025-26,633,Hugo Bueno López,hugo bueno lopez,bueno_hugo_lopez,Wolves,DEF,38,2359,1,38,FALSE,bueno_hugo_lopez,bueno_hugo_lopez
2025-26,634,Yerson Mosquera Valdelamar,yerson mosquera valdelamar,mosquera_valdelamar_yerson,Wolves,DEF,38,2137,1,38,FALSE,mosquera_valdelamar_yerson,mosquera_valdelamar_yerson
2025-26,635,Rodrigo Martins Gomes,rodrigo martins gomes,gomes_martins_rodrigo,Wolves,DEF,38,954,1,38,FALSE,gomes_martins_rodrigo,gomes_martins_rodrigo
2025-26,636,Santiago Ignacio Bueno,santiago ignacio bueno,bueno_ignacio_santiago,Wolves,DEF,38,2552,1,38,FALSE,bueno_ignacio_santiago,bueno_ignacio_santiago
2025-26,637,Toti Gomes,toti gomes,gomes_toti,Wolves,DEF,38,1423,1,38,FALSE,gomes_toti,gomes_toti
2025-26,638,Ki-Jana Hoever,ki jana hoever,hoever_jana_ki,Wolves,DEF,38,423,1,38,FALSE,hoever_jana_ki,hoever_jana_ki
2025-26,639,Bastien Meupiyou Menadjou,bastien meupiyou menadjou,bastien_menadjou_meupiyou,Wolves,DEF,38,0,1,38,FALSE,bastien_menadjou_meupiyou,bastien_menadjou_meupiyou
2025-26,640,Pedro Cardoso de Lima,pedro cardoso de lima,cardoso_de_lima_pedro,Wolves,DEF,38,257,1,38,FALSE,cardoso_de_lima_pedro,cardoso_de_lima_pedro
2025-26,641,Alfie Pond,alfie pond,alfie_pond,Wolves,DEF,38,0,1,38,FALSE,alfie_pond,alfie_pond
2025-26,642,Hwang Hee-chan,hwang hee chan,chan_hee_hwang,Wolves,MID,38,1439,1,38,FALSE,chan_hee_hwang,chan_hee_hwang
2025-26,643,André Trindade da Costa Neto,andre trindade da costa neto,andre_costa_da_neto_trindade,Wolves,MID,38,2760,1,38,FALSE,andre_costa_da_neto_trindade,andre_costa_da_neto_trindade
2025-26,644,Jean-Ricner Bellegarde,jean ricner bellegarde,bellegarde_jean_ricner,Wolves,MID,38,1239,1,38,FALSE,bellegarde_jean_ricner,bellegarde_jean_ricner
2025-26,645,Fer López González,fer lopez gonzalez,fer_gonzalez_lopez,Wolves,MID,38,228,1,38,FALSE,fer_gonzalez_lopez,fer_gonzalez_lopez
2025-26,646,João Victor Gomes da Silva,joao victor gomes da silva,da_gomes_joao_silva_victor,Wolves,MID,38,2829,1,38,FALSE,da_gomes_joao_silva_victor,da_gomes_joao_silva_victor
2025-26,647,Gonçalo Manuel Ganchinho Guedes,goncalo manuel ganchinho guedes,ganchinho_goncalo_guedes_manuel,Wolves,MID,38,0,1,38,FALSE,ganchinho_goncalo_guedes_manuel,ganchinho_goncalo_guedes_manuel
2025-26,648,Marshall Munetsi,marshall munetsi,marshall_munetsi,Wolves,MID,38,872,1,38,FALSE,marshall_munetsi,marshall_munetsi
2025-26,649,Boubacar Traoré,boubacar traore,boubacar_traore,Wolves,MID,38,0,1,38,FALSE,boubacar_traore,boubacar_traore
2025-26,650,Tawanda Chirewa,tawanda chirewa,chirewa_tawanda,Wolves,MID,38,25,1,38,FALSE,chirewa_tawanda,chirewa_tawanda
2025-26,651,Tom Edozie,tom edozie,edozie_tom,Wolves,MID,38,12,1,38,FALSE,edozie_tom,edozie_tom
2025-26,652,Enso González Medina,enso gonzalez medina,enso_gonzalez_medina,Wolves,MID,38,0,1,38,FALSE,enso_gonzalez_medina,enso_gonzalez_medina
2025-26,653,Joe Hodge,joe hodge,hodge_joe,Wolves,MID,38,0,1,38,FALSE,hodge_joe,hodge_joe
2025-26,654,Jørgen Strand Larsen,jorgen strand larsen,jorgen_larsen_strand,Crystal Palace/Wolves,FWD,38,2301,1,38,FALSE,jorgen_larsen_strand,jorgen_larsen_strand
2025-26,655,Fábio Soares Silva,fabio soares silva,fabio_silva_soares,Wolves,FWD,38,0,1,38,FALSE,fabio_silva_soares,fabio_silva_soares
2025-26,656,Saša Kalajdžić,sasa kalajdzic,kalajdzic_sasa,Wolves,FWD,38,14,1,38,FALSE,kalajdzic_sasa,kalajdzic_sasa
2025-26,657,Leon Chiwome,leon chiwome,chiwome_leon,Wolves,FWD,38,0,1,38,FALSE,chiwome_leon,chiwome_leon
2025-26,658,Nathan Fraser,nathan fraser,fraser_nathan,Wolves,FWD,38,0,1,38,FALSE,fraser_nathan,fraser_nathan
2025-26,659,Kyle Walker-Peters,kyle walker peters,kyle_peters_walker,West Ham,DEF,38,1378,1,38,FALSE,kyle_peters_walker,kyle_peters_walker
2025-26,660,Anton Stach,anton stach,anton_stach,Leeds,MID,38,2369,1,38,FALSE,anton_stach,anton_stach
2025-26,661,Hugo Ekitiké,hugo ekitike,ekitike_hugo,Liverpool,FWD,38,1797,1,38,FALSE,ekitike_hugo,ekitike_hugo
2025-26,662,Cristhian Mosquera,cristhian mosquera,cristhian_mosquera,Arsenal,DEF,38,986,1,38,FALSE,cristhian_mosquera,cristhian_mosquera
2025-26,663,Jhon Arias,jhon arias,arias_jhon,Wolves,MID,38,1117,1,38,FALSE,arias_jhon,arias_jhon
2025-26,664,Benjamin Lecomte,benjamin lecomte,benjamin_lecomte,Fulham,GK,38,0,1,38,FALSE,benjamin_lecomte,benjamin_lecomte
2025-26,665,Lucas Estella Perri,lucas estella perri,estella_lucas_perri,Leeds,GK,38,1440,1,38,FALSE,estella_lucas_perri,estella_lucas_perri
2025-26,666,Viktor Gyökeres,viktor gyokeres,gyokeres_viktor,Arsenal,FWD,38,2217,1,38,FALSE,gyokeres_viktor,gyokeres_viktor
2025-26,667,Adam Aznou,adam aznou,adam_aznou,Everton,DEF,38,0,1,38,FALSE,adam_aznou,adam_aznou
2025-26,668,Granit Xhaka,granit xhaka,granit_xhaka,Sunderland,MID,38,2901,1,38,FALSE,granit_xhaka,granit_xhaka
2025-26,669,Dan Ndoye,dan ndoye,dan_ndoye,Nott'm Forest,MID,38,1167,1,38,FALSE,dan_ndoye,dan_ndoye
2025-26,670,Robin Roefs,robin roefs,robin_roefs,Sunderland,GK,38,3150,1,38,FALSE,robin_roefs,robin_roefs
2025-26,671,Callum Wilson,callum wilson,callum_wilson,West Ham,FWD,38,1234,1,38,FALSE,callum_wilson,callum_wilson
2025-26,672,Jorrel Hato,jorrel hato,hato_jorrel,Chelsea,DEF,38,1139,1,38,FALSE,hato_jorrel,hato_jorrel
2025-26,673,João Maria Lobo Alves Palhares Costa Palhinha Gonçalves,joao maria lobo alves palhares costa palhinha goncalves,alves_costa_goncalves_joao_lobo_maria_palhares_palhinha,Spurs,MID,38,2192,1,38,FALSE,alves_costa_goncalves_joao_lobo_maria_palhares_palhinha,alves_costa_goncalves_joao_lobo_maria_palhares_palhinha
2025-26,674,Aaron Ramsdale,aaron ramsdale,aaron_ramsdale,Newcastle,GK,38,1003,1,38,FALSE,aaron_ramsdale,aaron_ramsdale
2025-26,675,Angus Gunn,angus gunn,angus_gunn,Nott'm Forest,GK,38,45,1,38,FALSE,angus_gunn,angus_gunn
2025-26,676,Lesley Ugochukwu,lesley ugochukwu,lesley_ugochukwu,Burnley,MID,38,2330,1,38,FALSE,lesley_ugochukwu,lesley_ugochukwu
2025-26,677,Evann Guessand,evann guessand,evann_guessand,Aston Villa/Crystal Palace,MID,38,909,1,38,FALSE,evann_guessand,evann_guessand
2025-26,678,Arthur Masuaku,arthur masuaku,arthur_masuaku,Sunderland,DEF,38,125,1,38,FALSE,arthur_masuaku,arthur_masuaku
2025-26,679,Mads Hermansen,mads hermansen,hermansen_mads,West Ham,GK,38,1620,1,38,FALSE,hermansen_mads,hermansen_mads
2025-26,680,Armando Broja,armando broja,armando_broja,Burnley,FWD,38,843,1,38,FALSE,armando_broja,armando_broja
2025-26,681,Benjamin Sesko,benjamin sesko,benjamin_sesko,Man Utd,FWD,38,1630,1,38,FALSE,benjamin_sesko,benjamin_sesko
2025-26,682,David Møller Wolfe,david moller wolfe,david_moller_wolfe,Wolves,DEF,38,1042,1,38,FALSE,david_moller_wolfe,david_moller_wolfe
2025-26,683,Omar Alderete,omar alderete,alderete_omar,Sunderland,DEF,38,2797,1,38,FALSE,alderete_omar,alderete_omar
2025-26,684,Malick Thiaw,malick thiaw,malick_thiaw,Newcastle,DEF,38,2963,1,38,FALSE,malick_thiaw,malick_thiaw
2025-26,685,Bafodé Diakité,bafode diakite,bafode_diakite,Bournemouth,DEF,38,1275,1,38,FALSE,bafode_diakite,bafode_diakite
2025-26,686,Rio Ngumoha,rio ngumoha,ngumoha_rio,Liverpool,MID,38,547,1,38,FALSE,ngumoha_rio,ngumoha_rio
2025-26,687,Remy Rees-Dottin,remy rees dottin,dottin_rees_remy,Bournemouth,MID,38,0,1,38,FALSE,dottin_rees_remy,dottin_rees_remy
2025-26,688,James Wright,james wright,james_wright,Aston Villa,GK,38,0,1,38,FALSE,james_wright,james_wright
2025-26,689,Seung-Soo Park,seung soo park,park_seung_soo,Newcastle,MID,38,0,1,38,FALSE,park_seung_soo,park_seung_soo
2025-26,690,Rio Cardines,rio cardines,cardines_rio,Crystal Palace,MID,38,90,1,38,FALSE,cardines_rio,cardines_rio
2025-26,691,Dominic Calvert-Lewin,dominic calvert lewin,calvert_dominic_lewin,Leeds,FWD,37,2721,2,38,FALSE,calvert_dominic_lewin,calvert_dominic_lewin
2025-26,692,Giovanni Leoni,giovanni leoni,giovanni_leoni,Liverpool,DEF,37,0,2,38,FALSE,giovanni_leoni,giovanni_leoni
2025-26,693,Omari Hutchinson,omari hutchinson,hutchinson_omari,Nott'm Forest,MID,37,1676,2,38,FALSE,hutchinson_omari,hutchinson_omari
2025-26,694,Nordi Mukiele,nordi mukiele,mukiele_nordi,Sunderland,DEF,37,2784,2,38,FALSE,mukiele_nordi,mukiele_nordi
2025-26,695,Jackson Tchatchoua,jackson tchatchoua,jackson_tchatchoua,Wolves,DEF,37,1834,2,38,FALSE,jackson_tchatchoua,jackson_tchatchoua
2025-26,696,Arnaud Kalimuendo,arnaud kalimuendo,arnaud_kalimuendo,Nott'm Forest,FWD,37,89,2,38,FALSE,arnaud_kalimuendo,arnaud_kalimuendo
2025-26,697,Amine Adli,amine adli,adli_amine,Bournemouth,MID,37,1074,2,38,FALSE,adli_amine,adli_amine
2025-26,698,Noah Okafor,noah okafor,noah_okafor,Leeds,MID,37,1553,2,38,FALSE,noah_okafor,noah_okafor
2025-26,699,Douglas Luiz Soares de Paulo,douglas luiz soares de paulo,de_douglas_luiz_paulo_soares,Aston Villa/Nott'm Forest,MID,37,913,2,38,FALSE,de_douglas_luiz_paulo_soares,de_douglas_luiz_paulo_soares
2025-26,700,Max Dowman,max dowman,dowman_max,Arsenal,MID,37,152,2,38,FALSE,dowman_max,dowman_max
2025-26,701,Triston Rowe,triston rowe,rowe_triston,Aston Villa,DEF,37,0,2,38,FALSE,rowe_triston,rowe_triston
2025-26,702,Bradley Burrowes,bradley burrowes,bradley_burrowes,Aston Villa,MID,37,16,2,38,FALSE,bradley_burrowes,bradley_burrowes
2025-26,703,Sam Proctor,sam proctor,proctor_sam,Aston Villa,GK,37,0,2,38,FALSE,proctor_sam,proctor_sam
2025-26,704,Tyler Onyango,tyler onyango,onyango_tyler,Everton,MID,37,0,2,38,FALSE,onyango_tyler,onyango_tyler
2025-26,705,Elijah Campbell,elijah campbell,campbell_elijah,Everton,DEF,37,0,2,38,FALSE,campbell_elijah,campbell_elijah
2025-26,706,James Justin,james justin,james_justin,Leeds,DEF,36,1893,3,38,FALSE,james_justin,james_justin
2025-26,707,Tyler Dibling,tyler dibling,dibling_tyler,Everton,MID,36,349,3,38,FALSE,dibling_tyler,dibling_tyler
2025-26,708,Mateus Gonçalo Espanha Fernandes,mateus goncalo espanha fernandes,espanha_fernandes_goncalo_mateus,West Ham,MID,36,3017,3,38,FALSE,espanha_fernandes_goncalo_mateus,espanha_fernandes_goncalo_mateus
2025-26,709,Ladislav Krejcí,ladislav krejci,krejci_ladislav,Wolves,DEF,36,2356,3,38,FALSE,krejci_ladislav,krejci_ladislav
2025-26,710,Travis Patterson,travis patterson,patterson_travis,Aston Villa,DEF,36,0,3,38,FALSE,patterson_travis,patterson_travis
2025-26,711,Andre Harriman-Annous,andre harriman annous,andre_annous_harriman,Arsenal,MID,36,0,3,38,FALSE,andre_annous_harriman,andre_annous_harriman
2025-26,712,Yéremy Pino Santos,yeremy pino santos,pino_santos_yeremy,Crystal Palace,MID,36,2074,3,38,FALSE,pino_santos_yeremy,pino_santos_yeremy
2025-26,713,Álex Jiménez Sánchez,alex jimenez sanchez,alex_jimenez_sanchez,Bournemouth,DEF,35,2315,4,38,FALSE,alex_jimenez_sanchez,alex_jimenez_sanchez
2025-26,714,Nick Woltemade,nick woltemade,nick_woltemade,Newcastle,FWD,35,1896,4,38,FALSE,nick_woltemade,nick_woltemade
2025-26,715,John Victor Maciel Furtado,john victor maciel furtado,furtado_john_maciel_victor,Nott'm Forest,GK,35,437,4,38,FALSE,furtado_john_maciel_victor,furtado_john_maciel_victor
2025-26,716,Nicolò Savona,nicolo savona,nicolo_savona,Nott'm Forest,DEF,35,1025,4,38,FALSE,nicolo_savona,nicolo_savona
2025-26,717,Xavi Simons,xavi simons,simons_xavi,Spurs,MID,35,1747,4,38,FALSE,simons_xavi,simons_xavi
2025-26,718,Soungoutou Magassa,soungoutou magassa,magassa_soungoutou,West Ham,MID,35,971,4,38,FALSE,magassa_soungoutou,magassa_soungoutou
2025-26,719,Victor Lindelöf,victor lindelof,lindelof_victor,Aston Villa,DEF,35,942,4,38,FALSE,lindelof_victor,lindelof_victor
2025-26,720,Tolu Arokodare,tolu arokodare,arokodare_tolu,Wolves,FWD,35,1402,4,38,FALSE,arokodare_tolu,arokodare_tolu
2025-26,721,Veljko Milosavljevic,veljko milosavljevic,milosavljevic_veljko,Bournemouth,DEF,35,367,4,38,FALSE,milosavljevic_veljko,milosavljevic_veljko
2025-26,722,Florentino Ibrain Morris Luís,florentino ibrain morris luis,florentino_ibrain_luis_morris,Burnley,MID,35,2100,4,38,FALSE,florentino_ibrain_luis_morris,florentino_ibrain_luis_morris
2025-26,723,Jaydee Canvot,jaydee canvot,canvot_jaydee,Crystal Palace,DEF,35,1331,4,38,FALSE,canvot_jaydee,canvot_jaydee
2025-26,724,Lutsharel Geertruida,lutsharel geertruida,geertruida_lutsharel,Sunderland,DEF,35,1681,4,38,FALSE,geertruida_lutsharel,geertruida_lutsharel
2025-26,725,Piero Hincapié,piero hincapie,hincapie_piero,Arsenal,DEF,35,1787,4,38,FALSE,hincapie_piero,hincapie_piero
2025-26,726,Randal Kolo Muani,randal kolo muani,kolo_muani_randal,Spurs,FWD,35,1655,4,38,FALSE,kolo_muani_randal,kolo_muani_randal
2025-26,727,Samuel Chukwueze,samuel chukwueze,chukwueze_samuel,Fulham,MID,35,1067,4,38,FALSE,chukwueze_samuel,chukwueze_samuel
2025-26,728,Merlin Röhl,merlin rohl,merlin_rohl,Everton,MID,35,675,4,38,FALSE,merlin_rohl,merlin_rohl
2025-26,729,Luis Eduardo Soares da Silva,luis eduardo soares da silva,da_eduardo_luis_silva_soares,Nott'm Forest,DEF,35,0,4,38,FALSE,da_eduardo_luis_silva_soares,da_eduardo_luis_silva_soares
2025-26,730,Brian Brobbey,brian brobbey,brian_brobbey,Sunderland,FWD,35,1920,4,38,FALSE,brian_brobbey,brian_brobbey
2025-26,731,Kevin Santos Lopes de Macedo,kevin santos lopes de macedo,de_kevin_lopes_macedo_santos,Fulham,MID,35,1030,4,38,FALSE,de_kevin_lopes_macedo_santos,de_kevin_lopes_macedo_santos
2025-26,732,Christantus Uche,christantus uche,christantus_uche,Crystal Palace,FWD,35,159,4,38,FALSE,christantus_uche,christantus_uche
2025-26,733,Senne Lammens,senne lammens,lammens_senne,Man Utd,GK,35,2880,4,38,FALSE,lammens_senne,lammens_senne
2025-26,734,Dilane Bakwa,dilane bakwa,bakwa_dilane,Nott'm Forest,MID,35,549,4,38,FALSE,bakwa_dilane,bakwa_dilane
2025-26,735,Bertrand Traoré,bertrand traore,bertrand_traore,Sunderland,MID,35,634,4,38,FALSE,bertrand_traore,bertrand_traore
2025-26,736,Gianluigi Donnarumma,gianluigi donnarumma,donnarumma_gianluigi,Man City,GK,35,3060,4,38,FALSE,donnarumma_gianluigi,donnarumma_gianluigi
2025-26,737,Jonah Kusi-Asare,jonah kusi asare,asare_jonah_kusi,Fulham,FWD,35,49,4,38,FALSE,asare_jonah_kusi,asare_jonah_kusi
2025-26,738,Lukasz Fabianski,lukasz fabianski,fabianski_lukasz,West Ham,GK,35,0,4,38,FALSE,fabianski_lukasz,fabianski_lukasz
2025-26,739,Divine Mukasa,divine mukasa,divine_mukasa,Man City,MID,35,25,4,38,FALSE,divine_mukasa,divine_mukasa
2025-26,740,Stephen Mfuni,stephen mfuni,mfuni_stephen,Man City,DEF,35,0,4,38,FALSE,mfuni_stephen,mfuni_stephen
2025-26,741,Harry Gray,harry gray,gray_harry,Leeds,FWD,34,0,5,38,FALSE,gray_harry,gray_harry
2025-26,742,Ryan McAidoo,ryan mcaidoo,mcaidoo_ryan,Man City,MID,33,0,6,38,FALSE,mcaidoo_ryan,mcaidoo_ryan
2025-26,743,Landon Emenalo,landon emenalo,emenalo_landon,Chelsea,MID,32,0,7,38,FALSE,emenalo_landon,emenalo_landon
2025-26,744,Nehemiah Oriola,nehemiah oriola,nehemiah_oriola,Brighton,MID,31,1,8,38,FALSE,nehemiah_oriola,nehemiah_oriola
2025-26,745,Jun'ai Byfield,jun ai byfield,ai_byfield_jun,Spurs,DEF,31,1,8,38,FALSE,ai_byfield_jun,ai_byfield_jun
2025-26,746,Kieran Morrison,kieran morrison,kieran_morrison,Liverpool,MID,30,0,9,38,FALSE,kieran_morrison,kieran_morrison
2025-26,747,Ezra Mayers,ezra mayers,ezra_mayers,West Ham,DEF,29,113,10,38,FALSE,ezra_mayers,ezra_mayers
2025-26,748,Josh Dasilva,josh dasilva,dasilva_josh,Brentford,MID,28,2,11,38,FALSE,dasilva_josh,dasilva_josh
2025-26,749,Mateus Mané,mateus mane,mane_mateus,Wolves,FWD,28,1787,11,38,FALSE,mane_mateus,mane_mateus
2025-26,750,James Rowswell,james rowswell,james_rowswell,Spurs,DEF,28,1,11,38,FALSE,james_rowswell,james_rowswell
2025-26,751,Yusuf Akhamrich,yusuf akhamrich,akhamrich_yusuf,Spurs,MID,28,0,11,38,FALSE,akhamrich_yusuf,akhamrich_yusuf
2025-26,752,Airidas Golambeckis,airidas golambeckis,airidas_golambeckis,West Ham,DEF,28,0,11,38,FALSE,airidas_golambeckis,airidas_golambeckis
2025-26,753,John Ruddy,john ruddy,john_ruddy,Newcastle,GK,27,0,12,38,FALSE,john_ruddy,john_ruddy
2025-26,754,George Hemmings,george hemmings,george_hemmings,Aston Villa,MID,27,25,12,38,FALSE,george_hemmings,george_hemmings
2025-26,755,Shea Lacey,shea lacey,lacey_shea,Man Utd,MID,27,40,12,38,FALSE,lacey_shea,lacey_shea
2025-26,756,Malcom DaCosta,malcom dacosta,dacosta_malcom,Bournemouth,MID,25,0,14,38,FALSE,dacosta_malcom,dacosta_malcom
2025-26,757,Ronnie Hollingshead,ronnie hollingshead,hollingshead_ronnie,Aston Villa,GK,25,0,14,38,FALSE,hollingshead_ronnie,hollingshead_ronnie
2025-26,758,Mohamadou Kanté,mohamadou kante,kante_mohamadou,West Ham,MID,25,67,14,38,FALSE,kante_mohamadou,kante_mohamadou
2025-26,759,Marli Salmon,marli salmon,marli_salmon,Arsenal,DEF,24,0,15,38,FALSE,marli_salmon,marli_salmon
2025-26,760,Wellity Lucky,wellity lucky,lucky_wellity,Liverpool,DEF,23,0,16,38,FALSE,lucky_wellity,lucky_wellity
2025-26,761,Freddie Simmonds,freddie simmonds,freddie_simmonds,Brighton,DEF,22,0,17,38,FALSE,freddie_simmonds,freddie_simmonds
2025-26,762,Joél Drakes-Thomas,joel drakes thomas,drakes_joel_thomas,Crystal Palace,MID,22,7,17,38,FALSE,drakes_joel_thomas,drakes_joel_thomas
2025-26,763,Charlie Gray,charlie gray,charlie_gray,Man City,MID,22,0,17,38,FALSE,charlie_gray,charlie_gray
2025-26,764,Reigan Heskey,reigan heskey,heskey_reigan,Man City,MID,22,0,17,38,FALSE,heskey_reigan,heskey_reigan
2025-26,765,Leo Shahar,leo shahar,leo_shahar,Newcastle,DEF,22,0,17,38,FALSE,leo_shahar,leo_shahar
2025-26,766,Saheed Olagunju,saheed olagunju,olagunju_saheed,Wolves,DEF,22,0,17,38,FALSE,olagunju_saheed,olagunju_saheed
2025-26,767,Luke Rawlings,luke rawlings,luke_rawlings,Wolves,MID,22,0,17,38,FALSE,luke_rawlings,luke_rawlings
2025-26,768,Leon Routh,leon routh,leon_routh,Aston Villa,DEF,22,0,17,38,FALSE,leon_routh,leon_routh
2025-26,769,Bendito Mantato,bendito mantato,bendito_mantato,Man Utd,MID,22,15,17,38,FALSE,bendito_mantato,bendito_mantato
2025-26,770,Seth Ridgeon,seth ridgeon,ridgeon_seth,Fulham,MID,22,0,17,38,FALSE,ridgeon_seth,ridgeon_seth
2025-26,771,Tyler Fletcher,tyler fletcher,fletcher_tyler,Man Utd,MID,21,17,18,38,FALSE,fletcher_tyler,fletcher_tyler
2025-26,772,Sam Alabi,sam alabi,alabi_sam,Newcastle,MID,21,0,18,38,FALSE,alabi_sam,alabi_sam
2025-26,773,Dean Benamar,dean benamar,benamar_dean,Crystal Palace,DEF,21,0,18,38,FALSE,benamar_dean,benamar_dean
2025-26,774,Jenson Jones,jenson jones,jenson_jones,Sunderland,DEF,21,0,18,38,FALSE,jenson_jones,jenson_jones
2025-26,775,Tymur Tutierov,tymur tutierov,tutierov_tymur,Sunderland,MID,21,0,18,38,FALSE,tutierov_tymur,tutierov_tymur
2025-26,776,Oliver Pimlott,oliver pimlott,oliver_pimlott,Burnley,MID,20,0,19,38,FALSE,oliver_pimlott,oliver_pimlott
2025-26,777,Temple Ojinnaka,temple ojinnaka,ojinnaka_temple,Wolves,MID,20,0,19,38,FALSE,ojinnaka_temple,ojinnaka_temple
2025-26,778,Ethan Sutherland,ethan sutherland,ethan_sutherland,Wolves,MID,20,0,19,38,FALSE,ethan_sutherland,ethan_sutherland
2025-26,779,Braiden Graham,braiden graham,braiden_graham,Everton,FWD,20,0,19,38,FALSE,braiden_graham,braiden_graham
2025-26,780,Ben Casey,ben casey,ben_casey,Crystal Palace,FWD,20,0,19,38,FALSE,ben_casey,ben_casey
2025-26,781,TJ Carroll,tj carroll,carroll_tj,Aston Villa,DEF,19,0,20,38,FALSE,carroll_tj,carroll_tj
2025-26,782,Fraser Forster,fraser forster,forster_fraser,Bournemouth,GK,19,0,20,38,FALSE,forster_fraser,forster_fraser
2025-26,783,Pascal Groß,pascal gross,gross_pascal,Brighton,MID,19,1636,20,38,FALSE,gross_pascal,gross_pascal
2025-26,784,George Brierley,george brierley,brierley_george,Burnley,MID,19,0,20,38,FALSE,brierley_george,brierley_george
2025-26,785,Pablo Felipe Pereira de Jesus,pablo felipe pereira de jesus,de_felipe_jesus_pablo_pereira,West Ham,FWD,19,819,20,38,FALSE,de_felipe_jesus_pablo_pereira,de_felipe_jesus_pablo_pereira
2025-26,786,Alfie McNally,alfie mcnally,alfie_mcnally,Fulham,GK,19,0,20,38,FALSE,alfie_mcnally,alfie_mcnally
2025-26,787,Sam Chambers,sam chambers,chambers_sam,Leeds,MID,19,0,20,38,FALSE,chambers_sam,chambers_sam
2025-26,788,Godwill Kukonki,godwill kukonki,godwill_kukonki,Man Utd,DEF,19,0,20,38,FALSE,godwill_kukonki,godwill_kukonki
2025-26,789,Max Merrick,max merrick,max_merrick,Chelsea,GK,19,0,20,38,FALSE,max_merrick,max_merrick
2025-26,790,Lucá Williams-Barnett,luca williams barnett,barnett_luca_williams,Spurs,MID,19,0,20,38,FALSE,barnett_luca_williams,barnett_luca_williams
2025-26,791,Valentín Castellanos,valentin castellanos,castellanos_valentin,West Ham,FWD,18,1384,21,38,FALSE,castellanos_valentin,castellanos_valentin
2025-26,792,Alysson Edward Franco da Rocha dos Santos,alysson edward franco da rocha dos santos,alysson_da_dos_edward_franco_rocha_santos,Aston Villa,MID,18,47,21,38,FALSE,alysson_da_dos_edward_franco_rocha_santos,alysson_da_dos_edward_franco_rocha_santos
2025-26,793,George King,george king,george_king,Crystal Palace,DEF,18,0,21,38,FALSE,george_king,george_king
2025-26,794,Max Alleyne,max alleyne,alleyne_max,Man City,DEF,18,135,21,38,FALSE,alleyne_max,alleyne_max
2025-26,795,Harry Howell,harry howell,harry_howell,Brighton,MID,18,92,21,38,FALSE,harry_howell,harry_howell
2025-26,796,Conor Gallagher,conor gallagher,conor_gallagher,Spurs,MID,17,1183,22,38,FALSE,conor_gallagher,conor_gallagher
2025-26,797,Kaye Furo,kaye furo,furo_kaye,Brentford,FWD,17,1,22,38,FALSE,furo_kaye,furo_kaye
2025-26,798,Danny Imray,danny imray,danny_imray,Crystal Palace,DEF,17,0,22,38,FALSE,danny_imray,danny_imray
2025-26,799,Charlie Stevens,charlie stevens,charlie_stevens,Bournemouth,MID,17,0,22,38,FALSE,charlie_stevens,charlie_stevens
2025-26,800,Djiamgone Jocelin Ta Bi,djiamgone jocelin ta bi,bi_djiamgone_jocelin_ta,Sunderland,MID,16,38,23,38,FALSE,bi_djiamgone_jocelin_ta,bi_djiamgone_jocelin_ta
2025-26,801,Alex Tóth,alex toth,alex_toth,Bournemouth,MID,16,135,23,38,FALSE,alex_toth,alex_toth
2025-26,802,Keiber Lamadrid,keiber lamadrid,keiber_lamadrid,West Ham,MID,16,0,23,38,FALSE,keiber_lamadrid,keiber_lamadrid
2025-26,803,Teddy Sharman-Lowe,teddy sharman lowe,lowe_sharman_teddy,Chelsea,GK,16,0,23,38,FALSE,lowe_sharman_teddy,lowe_sharman_teddy
2025-26,804,João Victor de Souza Menezes,joao victor de souza menezes,de_joao_menezes_souza_victor,Spurs,DEF,15,142,24,38,FALSE,de_joao_menezes_souza_victor,de_joao_menezes_souza_victor
2025-26,805,Lorenzo Lucca,lorenzo lucca,lorenzo_lucca,Nott'm Forest,FWD,15,126,24,38,FALSE,lorenzo_lucca,lorenzo_lucca
2025-26,806,Christos Mandas,christos mandas,christos_mandas,Bournemouth,GK,15,0,24,38,FALSE,christos_mandas,christos_mandas
2025-26,807,Rayan Vitor Simplício Rocha,rayan vitor simplicio rocha,rayan_rocha_simplicio_vitor,Bournemouth,MID,15,1110,24,38,FALSE,rayan_rocha_simplicio_vitor,rayan_rocha_simplicio_vitor
2025-26,808,Tammy Abraham,tammy abraham,abraham_tammy,Aston Villa,FWD,15,278,24,38,FALSE,abraham_tammy,abraham_tammy
2025-26,809,Jerome Abbey,jerome abbey,abbey_jerome,Wolves,MID,15,16,24,38,FALSE,abbey_jerome,abbey_jerome
2025-26,810,Luka Bentt,luka bentt,bentt_luka,Brentford,MID,15,0,24,38,FALSE,bentt_luka,bentt_luka
2025-26,811,Rio Kyerematen,rio kyerematen,kyerematen_rio,Spurs,MID,15,0,24,38,FALSE,kyerematen_rio,kyerematen_rio
2025-26,812,Melker Ellborg,melker ellborg,ellborg_melker,Sunderland,GK,14,270,25,38,FALSE,ellborg_melker,ellborg_melker
2025-26,813,Nilson Angulo,nilson angulo,angulo_nilson,Sunderland,MID,14,401,25,38,FALSE,angulo_nilson,angulo_nilson
2025-26,814,Luca Netz,luca netz,luca_netz,Nott'm Forest,DEF,14,353,25,38,FALSE,luca_netz,luca_netz
2025-26,815,Axel Disasi,axel disasi,axel_disasi,West Ham,DEF,14,1254,25,38,FALSE,axel_disasi,axel_disasi
2025-26,816,Angel Gomes,angel gomes,angel_gomes,Wolves,MID,14,457,25,38,FALSE,angel_gomes,angel_gomes
2025-26,817,Adam Armstrong,adam armstrong,adam_armstrong,Wolves,FWD,14,1141,25,38,FALSE,adam_armstrong,adam_armstrong
2025-26,818,James Wilson,james wilson,james_wilson,Spurs,FWD,12,0,27,38,FALSE,james_wilson,james_wilson
2025-26,819,Ollie Shield,ollie shield,ollie_shield,Brentford,DEF,11,0,28,38,FALSE,ollie_shield,ollie_shield
2025-26,820,Kian McMahon-Brown,kian mcmahon brown,brown_kian_mcmahon,Burnley,MID,10,0,29,38,FALSE,brown_kian_mcmahon,brown_kian_mcmahon
2025-26,821,Jack Whittaker,jack whittaker,jack_whittaker,Sunderland,MID,9,0,30,38,FALSE,jack_whittaker,jack_whittaker
2025-26,822,Jaydon Jones,jaydon jones,jaydon_jones,Sunderland,MID,9,0,30,38,FALSE,jaydon_jones,jaydon_jones
2025-26,823,Joshua Stephenson,joshua stephenson,joshua_stephenson,Brentford,DEF,8,0,31,38,FALSE,joshua_stephenson,joshua_stephenson
2025-26,824,Conor McManus,conor mcmanus,conor_mcmanus,Brentford,DEF,8,0,31,38,FALSE,conor_mcmanus,conor_mcmanus
2025-26,825,Finlay Herrick,finlay herrick,finlay_herrick,West Ham,GK,8,0,31,38,FALSE,finlay_herrick,finlay_herrick
2025-26,826,Riley Owen,riley owen,owen_riley,Brentford,MID,7,0,32,38,FALSE,owen_riley,owen_riley
2025-26,827,Jim Thwaites,jim thwaites,jim_thwaites,Man Utd,MID,6,0,33,38,FALSE,jim_thwaites,jim_thwaites
2025-26,828,Alfie Brooks,alfie brooks,alfie_brooks,Wolves,GK,6,0,33,38,FALSE,alfie_brooks,alfie_brooks
2025-26,829,Jesse Derry,jesse derry,derry_jesse,Chelsea,MID,6,45,33,38,FALSE,derry_jesse,derry_jesse
2025-26,830,Will Wright,will wright,will_wright,Liverpool,FWD,5,0,34,38,FALSE,will_wright,will_wright
2025-26,831,Josh Gracey,josh gracey,gracey_josh,Wolves,GK,4,0,35,38,FALSE,gracey_josh,gracey_josh
2025-26,832,Talla Ndiaye,talla ndiaye,ndiaye_talla,Liverpool,DEF,4,0,35,38,FALSE,ndiaye_talla,ndiaye_talla
2025-26,833,Mathis Eboué,mathis eboue,eboue_mathis,Chelsea,MID,3,0,36,38,FALSE,eboue_mathis,eboue_mathis
2025-26,834,Ryan Kavuma-McQueen,ryan kavuma mcqueen,kavuma_mcqueen_ryan,Chelsea,MID,3,0,36,38,FALSE,kavuma_mcqueen_ryan,kavuma_mcqueen_ryan
2025-26,835,Archie Whitehall,archie whitehall,archie_whitehall,Nott'm Forest,MID,3,0,36,38,FALSE,archie_whitehall,archie_whitehall
2025-26,836,Jimmy Sinclair,jimmy sinclair,jimmy_sinclair,Nott'm Forest,MID,3,0,36,38,FALSE,jimmy_sinclair,jimmy_sinclair
2025-26,837,Jayden Lienou,jayden lienou,jayden_lienou,Leeds,DEF,3,0,36,38,FALSE,jayden_lienou,jayden_lienou
2025-26,838,Rhys Chadwick,rhys chadwick,chadwick_rhys,Leeds,MID,3,0,36,38,FALSE,chadwick_rhys,chadwick_rhys
2025-26,839,Alfie Cresswell,alfie cresswell,alfie_cresswell,Leeds,MID,2,0,37,38,FALSE,alfie_cresswell,alfie_cresswell
2025-26,840,Shumaira Mheuka,shumaira mheuka,mheuka_shumaira,Chelsea,FWD,2,1,37,38,FALSE,mheuka_shumaira,mheuka_shumaira
2025-26,841,Lamin Sillah,lamin sillah,lamin_sillah,Nott'm Forest,FWD,1,0,38,38,FALSE,lamin_sillah,lamin_sillah
